Keyword,Intent,Volume,Trend,Keyword Difficulty,CPC (USD),Competitive Density,SERP Features,Number of Results
porndude,Navigational,1000000,"1.00,1.00,1.00,1.00,1.00,1.00,1.00,1.00,1.00,1.00,1.00,1.00",68,3.30,0.00,Sitelinks,48900000
cartoon porn,Informational,301000,"1.00,1.00,1.00,1.00,1.00,0.82,0.67,0.30,0.24,0.24,0.12,0.15",61,0.00,0.00,,1860000000
3d porn,Informational,135000,"1.00,0.82,1.00,1.00,1.00,1.00,1.00,0.82,1.00,1.00,1.00,0.82",77,0.00,0.00,,1510000000
animated porn,"Informational, Transactional",135000,"0.81,1.00,0.67,0.81,0.37,0.25,0.67,0.54,0.16,0.44,0.54,0.54",44,4.43,0.10,,1410000000
3d hentai,Commercial,90500,"1.00,1.00,1.00,0.00,0.02,0.00,1.00,1.00,0.44,0.67,1.00,0.67",49,0.00,0.00,,185000000
animation porn,Informational,90500,"1.00,0.44,0.44,0.67,0.25,0.20,0.67,0.25,0.20,0.25,0.25,0.44",58,4.43,0.10,,963000000
porn animation,Informational,74000,"1.00,0.83,0.54,0.30,0.67,0.67,1.00,0.54,0.54,0.67,0.54,0.83",48,0.00,0.00,,955000000
porcore,Navigational,40500,"1.00,0.66,0.81,0.81,0.81,1.00,0.81,1.00,0.66,0.54,0.81,0.66",25,2.94,0.29,"Sitelinks, Ads bottom",337000
animated sex,Informational,27100,"0.66,0.36,0.30,1.00,0.36,0.20,0.44,0.20,0.16,0.81,0.24,0.16",34,0.00,0.00,,2240000000
3d porner,Informational,22200,"0.01,0.20,0.00,0.81,0.81,1.00,0.00,0.02,0.24,0.24,0.00,0.00",69,0.00,0.00,,1520000000
cartoonporn,"Informational, Transactional",22200,"0.69,0.56,0.56,0.69,0.69,0.69,0.38,0.69,0.25,0.56,1.00,0.69",71,0.00,0.00,,33300000
porn animated,"Informational, Navigational",22200,"0.36,0.16,0.81,0.66,0.81,0.54,1.00,0.20,0.36,0.66,0.20,0.36",45,0.00,0.00,,240000000
porn animations,Informational,22200,"0.25,0.37,0.37,0.25,0.20,0.37,0.54,0.30,0.30,0.44,1.00,0.16",49,0.00,0.00,,1530000000
toy chica porn,Informational,22200,"0.23,0.23,0.30,0.36,0.23,0.30,0.30,0.30,0.30,0.68,0.30,1.00",33,0.00,0.00,,41400000
cartoon porn videos,Informational,18100,"0.69,0.69,0.69,0.69,0.69,0.69,0.69,1.00,0.34,0.55,1.00,0.83",57,0.00,0.00,,245000000
porn for 3d,Informational,18100,"0.01,0.00,0.00,0.81,0.81,1.00,0.00,0.02,0.24,0.24,0.00,0.00",73,0.00,0.00,,1520000000
3d futanari,Informational,14800,"1.00,0.54,0.54,0.28,0.81,0.81,0.81,0.81,0.81,0.81,0.54,0.66",37,0.00,0.00,,541000000
3d porno,Informational,14800,"0.00,0.08,0.00,0.05,0.08,0.08,0.00,0.07,0.08,1.00,0.54,0.10",59,0.00,0.00,,1800000000
cartoon porne videos,Informational,14800,"0.02,1.00,1.00,0.81,0.81,0.29,0.00,0.04,0.54,0.66,0.81,0.81",63,0.00,0.00,,10900000
3d futanari porn,Informational,12100,"0.66,0.19,0.66,0.13,0.44,0.44,1.00,0.54,0.81,1.00,0.81,1.00",33,0.00,0.00,,532000000
3dhentai,Commercial,12100,"0.22,0.56,0.19,1.00,0.56,0.22,0.67,0.36,0.11,0.67,0.36,0.14",52,0.00,0.00,,41900000
3dporn,Informational,12100,"0.54,0.67,0.23,0.44,0.36,0.23,1.00,0.36,0.36,0.44,0.83,0.36",60,0.00,0.00,,62500000
sex cartoon,Informational,12100,"1.00,0.81,0.54,0.81,0.67,0.67,0.81,1.00,0.81,0.81,0.67,0.81",65,0.91,0.00,,2580000000
xvideos animation,"Navigational, Transactional",12100,"0.13,1.00,0.36,0.44,0.29,0.08,0.13,0.44,0.16,0.10,0.54,0.36",41,0.00,0.00,Sitelinks,416000000
3d cartoon porn,Informational,9900,"0.82,0.66,0.43,0.43,0.82,0.55,0.82,0.43,0.82,0.07,1.00,0.66",54,0.00,0.00,,846000000
animation sex,Informational,9900,"0.07,0.45,0.82,0.16,0.30,0.16,0.55,0.66,0.55,1.00,0.45,0.55",35,0.00,0.00,,1480000000
free cartoon porn,Informational,9900,"0.67,0.55,0.55,0.55,1.00,1.00,0.55,0.55,0.55,0.55,0.82,0.55",73,0.00,0.00,,2540000000
porn 3d,Informational,9900,"0.55,0.36,0.67,0.67,0.67,0.67,0.44,1.00,0.55,0.55,0.55,0.55",20,0.00,0.00,Sitelinks,665000000
3d animated porn,Commercial,8100,"0.81,0.67,0.67,0.67,1.00,1.00,1.00,0.81,0.81,0.67,0.81,0.54",47,0.00,0.00,,749000000
3d animation porn,Informational,8100,"0.55,0.55,1.00,0.82,0.66,1.00,1.00,1.00,0.55,0.82,0.55,0.55",48,0.00,0.00,,473000000
3d cartoon pon,Informational,8100,"0.01,1.00,0.81,1.00,0.81,0.81,0.00,0.08,0.54,0.81,0.81,0.05",54,0.00,0.00,,56600000
3d hentaie,Commercial,8100,"0.00,0.02,0.00,1.00,0.00,0.00,0.00,0.02,0.36,0.20,0.00,0.00",60,0.00,0.00,,2030000
3d monster porn,Informational,8100,"1.00,0.67,1.00,0.82,1.00,0.82,0.82,1.00,0.67,0.82,0.67,0.82",34,0.00,0.00,,288000000
3d sex,Informational,8100,"0.80,0.65,0.80,0.80,0.65,0.80,0.65,1.00,0.40,0.50,0.50,0.35",63,0.00,0.00,,3100000000
animation s e x,Informational,8100,"0.01,0.24,0.00,0.00,1.00,0.00,0.00,0.00,0.00,0.20,0.00,0.00",29,0.00,0.00,,1490000000
free anime porn,Commercial,8100,"0.81,0.81,0.81,0.81,0.81,1.00,0.81,0.81,0.81,0.81,0.81,0.81",67,0.00,0.00,,1630000000
futanari 3d porn,Informational,8100,"0.36,0.13,0.44,0.19,1.00,0.19,0.24,0.29,0.81,0.10,0.19,0.13",39,0.00,0.00,,75500000
pornstars 3d,Informational,8100,"0.00,0.00,0.00,1.00,0.66,0.66,0.00,0.08,0.54,0.81,1.00,0.81",24,0.00,0.00,,782000000
34 porn,Informational,6600,"0.10,0.54,0.29,0.07,0.44,0.54,1.00,1.00,1.00,1.00,0.54,1.00",77,0.00,0.00,,2780000000
3d anime porn,Informational,6600,"0.67,0.81,0.67,0.44,0.54,0.81,0.54,0.67,0.30,0.44,0.44,1.00",43,0.00,0.00,,829000000
3d p o rn,Informational,6600,"0.00,0.29,0.00,0.00,0.00,0.00,0.00,0.00,0.00,0.36,0.00,1.00",71,0.00,0.00,,1770000000
3d xxx,Informational,6600,"0.55,0.55,0.83,1.00,0.83,0.83,0.34,0.45,0.14,0.55,0.83,0.83",68,0.00,0.00,,2300000000
3ď porn,Informational,6600,"0.01,0.00,0.00,0.00,1.00,0.00,0.00,0.00,0.29,0.00,0.00,0.00",76,0.00,0.00,,1390000000
best animated pornos,Commercial,6600,"0.04,1.00,0.54,0.54,0.54,0.36,0.44,0.67,0.44,0.30,0.09,0.36",38,0.00,0.00,,613000000
cartoon porm,Informational,6600,"0.10,0.04,0.04,1.00,0.05,0.05,0.04,0.19,0.07,0.54,0.13,0.10",67,0.00,0.00,,35100000
porn futa 3d,Informational,6600,"1.00,1.00,0.54,0.36,0.07,0.29,0.44,0.81,0.44,0.23,0.29,0.23",33,0.00,0.00,,404000000
porn monsters 3d,Informational,6600,"0.04,1.00,0.81,1.00,0.81,0.81,0.00,0.02,0.54,0.01,0.00,0.01",42,0.00,0.00,,55400000
toy chica p o r n,"Informational, Transactional",6600,"0.02,1.00,1.00,0.00,0.00,0.00,0.00,0.00,0.00,0.44,0.81,0.00",21,0.00,0.00,,24700000
3d porn animation,Commercial,5400,"1.00,0.16,0.10,0.07,0.05,0.19,0.29,0.66,0.29,0.07,0.08,0.16",63,0.00,0.00,,541000000
3d pornvids,Commercial,5400,"0.01,0.00,0.00,0.00,1.00,0.00,0.00,0.00,0.00,0.10,0.00,0.00",72,0.00,0.00,,942000000
3d s e x,Informational,5400,"0.01,0.81,1.00,0.00,0.00,0.00,0.00,0.00,0.00,0.66,0.54,0.66",50,0.00,0.00,,2370000000
animated porn for free,Informational,5400,"0.04,0.67,0.81,1.00,0.81,0.81,0.00,0.00,0.54,0.00,0.00,0.01",66,0.00,0.00,,765000000
best animated porn,Commercial,5400,"0.36,0.36,0.36,0.67,0.36,0.36,1.00,0.44,0.67,0.54,0.67,0.81",38,0.00,0.00,,106000000
cartoon pormln,Informational,5400,"0.00,0.20,0.00,1.00,0.00,0.00,0.00,0.00,0.00,0.00,0.00,0.00",62,0.00,0.00,,6230
cartoon porn video,Informational,5400,"0.36,0.36,0.44,0.44,0.67,0.28,1.00,0.53,0.22,0.22,0.36,1.00",59,0.00,0.00,,1390000000
cartoon porono,Informational,5400,"0.00,0.20,0.00,1.00,0.00,0.00,0.00,0.00,0.00,0.00,0.00,0.00",55,0.00,0.00,,147000000
cartoons pornvideo,Informational,5400,"0.00,0.00,0.00,1.00,0.00,0.00,0.00,0.04,0.54,0.00,0.81,0.00",68,0.00,0.00,,389000000
futa porn 3d,Informational,5400,"0.30,0.02,0.09,0.19,0.54,0.35,0.13,0.54,0.30,0.02,1.00,0.09",34,0.00,0.00,,535000000
porn toy chica,"Informational, Transactional",5400,"0.02,0.00,0.54,0.01,0.00,0.44,0.01,0.00,0.04,1.00,0.24,0.08",32,0.00,0.00,,48300000
porndide,Informational,5400,"1.00,0.81,1.00,0.81,1.00,1.00,1.00,1.00,1.00,1.00,1.00,1.00",9,0.00,0.00,People also ask,11100
pornhub animation,"Navigational, Transactional",5400,"0.36,0.29,1.00,0.44,0.55,0.20,0.67,0.00,0.08,0.20,0.15,0.15",38,0.00,0.00,Sitelinks,220000000
porno cartoon,Informational,5400,"0.00,0.00,0.03,1.00,0.02,0.02,0.01,0.02,0.03,0.01,0.01,0.02",60,0.00,0.00,,1770000000
prondude,Informational,5400,"1.00,0.81,1.00,1.00,1.00,1.00,1.00,1.00,1.00,1.00,0.81,1.00",29,0.00,0.00,Sitelinks,82600
3d porn dude,Informational,4400,"0.24,0.24,0.29,0.16,0.19,0.29,0.54,0.54,0.54,0.81,1.00,0.81",70,0.00,0.00,Sitelinks,161000000
3dporndude,Navigational,4400,"0.15,0.07,0.15,0.15,0.15,0.19,0.23,0.44,0.44,0.54,1.00,1.00",22,0.00,0.00,Sitelinks,775000
animated p o r n,"Informational, Transactional",4400,"0.00,0.00,0.00,0.00,1.00,0.00,0.00,0.00,0.00,0.00,0.00,0.00",41,4.43,0.10,,274000000
cartoon porn pro,Navigational,4400,"0.04,0.44,0.36,1.00,0.44,0.36,0.44,0.66,0.54,0.54,0.24,0.04",52,0.00,0.00,Sitelinks,267000000
free cartoon porne,Informational,4400,"0.04,1.00,0.81,1.00,0.81,0.00,0.00,0.00,0.00,0.00,0.00,0.00",60,0.00,0.00,,40400000
p o r n 3d,Informational,4400,"0.03,0.00,0.00,0.00,0.00,0.00,0.00,0.00,0.00,0.81,1.00,0.81",71,0.00,0.00,,1770000000
porno dude,Navigational,4400,"0.25,0.25,0.63,0.50,0.25,0.25,0.50,0.88,0.50,0.25,0.38,1.00",79,3.30,0.00,Sitelinks,416000000
realistic hentai,Informational,4400,"0.35,0.02,0.35,0.35,0.81,0.00,0.00,0.54,0.54,1.00,0.81,0.00",22,0.00,0.00,,76500000
3d ai porn,Commercial,3600,"0.66,0.07,0.08,0.81,1.00,0.81,0.53,0.24,0.66,1.00,0.29,1.00",23,0.00,0.00,,1230000000
3d henta i,Informational,3600,"0.00,0.04,0.00,0.00,0.00,0.00,0.01,0.07,1.00,0.54,0.00,0.00",30,0.00,0.00,,11200000
3d hentai porn,Commercial,3600,"0.24,0.03,0.00,0.00,0.10,0.83,0.83,0.03,0.34,0.03,1.00,1.00",40,0.00,0.00,,439000000
3d monster hentai,Informational,3600,"0.22,0.11,0.19,0.22,1.00,0.22,0.19,0.67,0.54,0.67,0.44,0.35",26,0.00,0.00,,156000000
3d porn videos,Informational,3600,"0.82,1.00,0.82,0.65,0.55,1.00,0.65,1.00,0.65,0.65,0.82,1.00",70,0.00,0.00,,1390000000
animated xxx,Informational,3600,"0.67,0.00,0.19,0.43,0.81,0.54,0.54,0.43,0.43,0.81,0.43,1.00",55,0.00,0.00,,2040000000
animation hentai,Informational,3600,"0.00,0.00,0.44,0.81,0.54,0.44,0.04,0.54,0.00,1.00,0.54,0.35",34,0.00,0.00,,427000000
cartoon 3d porn,Informational,3600,"0.54,0.04,0.02,0.16,0.67,0.09,1.00,0.23,0.36,1.00,0.23,0.23",50,0.00,0.00,,753000000
cartoon porno,Informational,3600,"1.00,0.53,0.81,0.36,0.36,0.81,1.00,0.53,0.36,0.22,0.28,0.53",63,0.00,0.00,,1700000000
hentai animated,Informational,3600,"0.67,0.00,0.00,0.02,1.00,0.36,0.00,1.00,1.00,0.02,1.00,0.82",37,0.00,0.00,,262000000
hentai animations,Informational,3600,"0.00,0.65,0.00,0.00,0.65,0.00,0.00,1.00,0.00,1.00,1.00,0.80",33,0.00,0.00,,408000000
hentai3d,Commercial,3600,"0.00,0.07,0.66,0.43,0.05,0.43,0.30,0.82,0.05,1.00,0.43,0.11",41,0.00,0.00,,19500000
pirndude,Navigational,3600,"0.81,0.81,0.81,0.81,0.81,0.81,1.00,1.00,1.00,1.00,0.81,0.81",11,0.00,0.00,,54600
por dude,Navigational,3600,"0.81,0.65,0.81,0.81,0.81,0.81,0.81,0.81,0.81,0.81,0.81,1.00",29,0.00,0.00,Sitelinks,432000000
pormdude,Navigational,3600,"1.00,0.80,1.00,1.00,1.00,1.00,1.00,1.00,1.00,1.00,1.00,1.00",61,0.00,0.00,Sitelinks,51600
porn3d video,Commercial,3600,"0.04,0.66,1.00,1.00,0.35,0.54,0.00,0.02,0.44,0.66,0.00,0.00",55,0.00,0.00,,5750000
porndude.,Navigational,3600,"0.28,0.55,0.34,0.28,0.66,0.28,0.28,0.28,0.28,0.28,0.45,1.00",62,3.30,0.00,Sitelinks,49600000
pornfude,Navigational,3600,"1.00,0.81,0.81,0.81,0.81,0.81,0.81,0.81,0.81,0.81,0.81,0.81",50,0.00,0.00,,5020
porno animation,Informational,3600,"1.00,1.00,0.00,0.36,0.29,0.00,0.00,0.81,0.81,0.10,0.01,0.44",46,0.00,0.00,,1150000000
xxx3 d,Informational,3600,"0.03,0.81,1.00,1.00,0.43,0.66,0.00,0.05,0.54,0.81,0.66,0.66",22,0.00,0.00,,7040000
3d anime hentai,Informational,2900,"0.12,0.19,0.19,0.54,0.19,0.29,0.12,0.54,0.54,1.00,0.19,0.19",49,0.00,0.00,,311000000
3d hentai videos,Commercial,2900,"0.00,1.00,0.00,0.00,1.00,0.55,0.20,0.35,0.44,0.15,0.29,0.00",59,0.00,0.00,,99300000
3d p o r n,Informational,2900,"0.05,0.82,0.00,0.00,0.00,0.00,0.00,0.00,0.00,1.00,0.00,0.00",65,0.00,0.00,,1580000000
3d p orn,Informational,2900,"0.00,0.82,0.00,0.00,0.00,0.02,0.00,0.08,1.00,0.02,0.00,0.00",69,0.00,0.00,,1640000000
3d porn video,Informational,2900,"0.66,0.19,0.36,0.19,0.36,0.15,0.36,0.36,0.66,0.36,0.36,1.00",63,0.00,0.00,,1590000000
3d pornhub,"Navigational, Transactional",2900,"0.05,0.10,0.10,0.10,0.01,0.05,1.00,0.54,0.04,0.02,0.05,0.12",39,0.00,0.00,Sitelinks,1620000000
3d.porno,Informational,2900,"0.00,0.00,0.00,1.00,0.00,0.00,0.00,0.00,0.00,0.00,0.00,0.00",71,0.00,0.33,,1420000000
animated pirn,Informational,2900,"0.81,0.06,0.07,0.54,0.67,0.04,1.00,0.44,0.35,0.11,0.07,0.06",62,0.00,0.00,,20000000
animated porn videos,"Informational, Transactional",2900,"0.35,0.44,0.44,0.53,0.29,1.00,0.67,1.00,0.53,0.35,0.35,0.53",44,0.00,0.00,,1410000000
anime 3d pornhub,"Navigational, Transactional",2900,"0.02,1.00,0.08,0.01,0.00,0.00,0.00,0.00,0.01,0.00,0.00,0.00",31,0.00,0.00,,633000000
best 3d porn,Commercial,2900,"1.00,1.00,1.00,0.80,1.00,0.80,0.80,0.80,0.80,0.80,0.67,0.80",36,0.00,0.00,,212000000
cartoon pirn,Informational,2900,"0.81,0.65,1.00,0.65,0.65,0.65,0.65,0.65,0.54,0.81,0.54,0.54",51,0.00,0.00,,74400000
cartoon pron,Informational,2900,"1.00,0.81,1.00,1.00,1.00,1.00,0.81,0.67,0.44,0.44,0.67,0.44",55,0.00,0.59,,78600000
cartoon pronvideo,Informational,2900,"0.06,1.00,1.00,0.82,0.44,0.67,0.00,0.15,0.29,1.00,0.82,0.67",65,0.00,0.00,,10900000
cartooning porn,"Informational, Transactional",2900,"0.01,0.00,0.00,1.00,0.00,0.00,0.00,0.00,0.00,0.00,0.00,0.00",66,0.00,0.00,,180000000
cgi porn,Informational,2900,"0.66,0.80,0.80,0.66,1.00,0.80,0.80,0.66,0.66,0.66,0.52,0.66",51,0.00,0.00,,51400000
five nights at freddy's chica porn,"Informational, Transactional",2900,"0.03,0.44,0.15,0.36,0.19,0.36,0.00,0.00,0.19,0.01,0.44,1.00",31,0.00,0.00,,2160000
futanari 3d,Informational,2900,"0.55,0.28,1.00,0.34,0.55,0.45,0.55,0.28,0.28,0.34,0.45,0.28",33,0.00,0.00,,104000000
hentai porndude,Navigational,2900,"0.16,0.12,0.16,0.16,0.12,0.16,0.81,0.36,1.00,0.10,0.36,0.81",74,0.00,0.00,Sitelinks,43700000
naughty machima,Navigational,2900,"0.54,0.65,0.81,0.81,0.81,1.00,0.81,0.22,0.65,0.65,0.81,0.36",27,0.00,0.00,Sitelinks,1970000
porn.dude,Navigational,2900,"0.35,0.19,0.19,0.16,0.16,0.16,0.44,1.00,1.00,0.19,0.19,0.16",67,3.30,0.00,Sitelinks,550000000
3d henti monster,Informational,2400,"0.04,1.00,1.00,0.81,0.44,0.66,0.01,0.16,0.53,0.44,0.00,0.01",22,0.00,0.00,,102000
3d porn monster porn,Informational,2400,"0.04,1.00,0.02,0.01,0.01,0.03,0.00,0.02,0.54,0.00,0.01,0.01",35,0.00,0.00,,401000000
3d porndude,Navigational,2400,"0.04,0.24,0.19,0.24,0.19,0.13,0.43,0.54,0.28,0.81,1.00,0.28",66,0.00,0.00,Sitelinks,37300000
3d porntubes,Informational,2400,"0.06,1.00,0.00,0.00,0.00,0.00,0.67,0.00,0.00,0.04,0.00,0.00",64,0.00,0.00,,43800000
3d sex 3d sex,Informational,2400,"0.04,1.00,0.00,0.02,0.81,0.03,0.00,0.02,0.01,0.03,0.01,0.01",68,0.00,0.00,,2260000000
3d xx x,Informational,2400,"1.00,0.81,0.00,0.00,0.02,0.03,0.00,0.10,0.01,0.03,0.03,0.03",60,0.00,0.00,,3500000000
animated 3d porn,Informational,2400,"1.00,0.10,0.67,0.15,0.12,0.20,0.36,0.12,0.20,0.67,0.36,0.10",57,0.00,0.00,,808000000
animatian porn,Informational,2400,"0.82,0.65,0.82,0.82,0.82,0.82,0.82,1.00,0.82,0.82,1.00,0.82",46,0.00,0.00,,861000000
animation porno,"Informational, Transactional",2400,"0.00,1.00,0.00,0.00,0.50,0.00,1.00,1.00,0.88,0.00,0.50,0.38",46,0.00,0.00,,1520000000
best 3d hentai,Commercial,2400,"0.30,0.00,0.54,0.44,0.04,0.00,0.02,0.54,1.00,0.04,0.02,0.00",45,0.00,0.00,,336000000
carton porn,Informational,2400,"0.30,0.23,0.66,1.00,0.34,0.23,0.43,0.66,0.43,0.43,0.52,0.43",53,0.00,0.00,,1730000000
fnaf toy chica porn,Informational,2400,"0.28,0.34,0.28,0.24,0.28,0.34,0.66,0.28,0.24,0.45,0.45,1.00",30,0.00,0.00,,2300000
free 3d porn,Informational,2400,"0.66,0.83,0.83,0.66,0.83,0.83,0.66,1.00,0.83,1.00,1.00,0.83",67,0.00,0.00,,1540000000
free cartoon pornvideos,Informational,2400,"0.00,1.00,0.81,0.16,0.01,0.00,0.00,0.00,0.00,0.00,0.00,0.00",72,0.00,0.00,,524000000
futa animated,Informational,2400,"0.52,0.66,1.00,0.82,0.66,0.34,0.18,0.34,0.11,0.11,0.23,0.30",31,0.00,0.00,,226000000
hentai animetion,Informational,2400,"0.00,0.00,0.00,0.00,1.00,0.00,0.00,0.00,0.00,0.00,0.00,0.00",29,0.00,0.00,,374000000
porcartoon,Informational,2400,"0.82,0.82,1.00,0.82,1.00,1.00,1.00,1.00,0.82,0.82,1.00,0.82",49,0.00,0.00,People also ask,80600
porn 3d animation,Informational,2400,"0.54,0.03,0.36,0.04,0.13,0.10,0.10,1.00,0.13,0.13,0.05,0.05",46,0.00,0.00,,692000000
porn animated films,Informational,2400,"0.10,0.80,1.00,1.00,0.66,0.80,0.01,0.24,0.66,0.66,0.80,0.66",32,0.00,0.00,,459000000
porndude com,Navigational,2400,"0.66,0.16,0.18,0.81,0.29,0.66,0.81,1.00,0.29,0.18,0.16,0.44",75,0.00,0.00,Sitelinks,73600000
porno 3d,Informational,2400,"0.00,0.44,1.00,0.02,0.04,0.00,0.00,0.54,0.44,0.36,1.00,0.02",63,0.00,0.00,,1800000000
pron dude,Navigational,2400,"0.82,0.82,0.82,1.00,1.00,0.82,0.82,1.00,1.00,1.00,0.82,1.00",82,0.00,0.00,Sitelinks,101000000
realistic animated porn,Informational,2400,"0.67,0.80,0.80,1.00,1.00,1.00,0.80,1.00,1.00,0.80,1.00,1.00",23,0.00,0.00,,233000000
سكس كترتون,Informational,2400,"1.00,1.00,0.81,1.00,0.54,0.81,0.00,0.20,0.36,0.54,0.54,0.54",68,0.00,0.00,,3320000
سكس كرتوم,Informational,2400,"0.06,1.00,0.67,0.81,0.44,0.67,0.00,0.16,0.30,0.44,0.44,0.44",71,0.00,0.00,,2680000
سكس كرنون,Informational,2400,"0.06,1.00,0.67,0.81,0.44,0.67,0.00,0.16,0.30,0.44,0.44,0.44",52,0.00,0.00,,3100000
سكس كورتون,Informational,2400,"1.00,1.00,0.81,1.00,0.54,0.81,0.00,0.20,0.36,0.54,0.54,0.54",65,0.00,0.00,,2970000
3d cartoon porm,Informational,1900,"0.01,1.00,0.02,0.01,0.29,0.03,0.00,0.02,0.01,0.00,0.03,0.01",62,0.00,0.00,,40100000
3d hentai creampie,"Informational, Transactional",1900,"0.81,0.24,0.00,0.00,0.43,0.66,1.00,0.00,0.00,0.00,0.43,0.00",20,0.00,0.00,,206000000
3d porn compilation,Informational,1900,"1.00,0.79,0.66,0.66,0.79,0.79,0.79,0.79,1.00,1.00,0.79,0.79",28,0.00,0.00,,740000000
animated futa,Informational,1900,"0.28,0.35,0.00,0.35,0.15,0.81,0.04,0.02,0.00,0.00,1.00,0.00",30,0.00,0.00,,178000000
animated por,Informational,1900,"1.00,1.00,0.55,0.15,0.06,0.65,0.36,0.36,0.36,0.65,0.15,0.20",61,0.00,0.00,,
animated sex videos,Informational,1900,"0.16,0.07,0.43,0.22,0.22,0.29,0.22,0.20,0.65,1.00,1.00,1.00",32,0.00,0.00,,323000000
animation pirn,"Informational, Transactional",1900,"0.05,0.42,0.65,0.55,0.36,0.02,0.42,0.55,0.36,0.65,1.00,0.15",62,0.00,0.00,,23500000
animation porm,"Informational, Transactional",1900,"0.00,0.00,1.00,0.13,0.01,0.01,0.00,0.00,0.00,0.00,0.04,0.01",55,4.43,0.10,,19800000
anime sex 3d,Informational,1900,"0.67,0.25,0.27,0.36,0.44,0.36,0.36,1.00,0.67,0.80,0.80,0.80",41,0.00,0.00,,884000000
best porn animations,Commercial,1900,"0.00,0.24,0.08,0.06,1.00,0.20,0.29,0.36,0.29,0.44,0.36,0.20",36,0.00,0.00,,68500000
carroon porn,Informational,1900,"0.07,0.07,0.07,0.29,0.08,0.05,0.10,0.04,0.19,1.00,0.54,0.02",45,0.00,0.00,,1620000000
cartoon pornhud,Navigational,1900,"0.05,0.00,0.00,1.00,0.44,0.67,0.00,0.05,0.24,0.36,0.44,0.36",37,0.00,0.00,,23200000
cartton porn,Informational,1900,"0.21,0.17,0.42,1.00,0.42,0.29,0.42,0.79,0.29,0.67,0.21,0.42",61,0.00,0.00,,1860000000
cnc porn gif,Informational,1900,"0.34,1.00,0.55,0.82,0.16,1.00,1.00,0.34,0.65,0.55,0.82,0.65",5,0.00,0.00,,973000
free carton pron,Informational,1900,"0.00,0.00,0.00,1.00,0.81,0.00,0.00,0.00,0.00,0.00,0.00,0.00",65,0.00,0.00,,1990000
hentai 3d porn,Informational,1900,"0.67,0.00,0.00,0.33,1.00,0.44,0.00,0.00,0.53,1.00,0.44,0.00",38,0.00,0.00,,462000000
nsfw animations,Commercial,1900,"0.54,0.54,0.22,0.29,0.29,0.43,0.43,0.54,1.00,0.29,0.43,0.43",26,0.00,0.00,Sitelinks,216000000
porn aniamtion,Informational,1900,"0.10,0.10,0.00,0.10,0.02,1.00,0.36,0.44,0.10,0.00,0.00,0.00",42,0.00,0.00,,101000000
porndudw,Commercial,1900,"0.79,0.66,0.66,0.66,0.79,0.79,0.79,0.79,0.79,0.79,0.79,1.00",13,0.00,0.00,,
r34animated,Informational,1900,"0.10,0.30,0.80,1.00,0.80,0.30,0.80,1.00,0.50,0.80,0.80,0.50",22,0.00,0.00,People also ask,326000
rule 34 3d,"Navigational, Transactional",1900,"0.65,1.00,0.43,0.22,0.36,0.43,0.29,0.36,0.54,0.16,0.43,0.20",26,0.00,0.00,,247000000
rule34 3d,"Navigational, Transactional",1900,"0.44,0.44,0.44,1.00,0.56,0.65,1.00,0.65,0.84,0.65,0.84,0.56",23,0.00,0.00,,294000000
sex 3d,Informational,1900,"0.83,0.57,0.65,0.43,0.65,1.00,0.83,0.65,0.57,0.57,0.43,0.57",61,0.00,0.00,,2320000000
xxx 3d,Commercial,1900,"1.00,0.00,0.00,0.09,0.00,0.00,0.00,0.00,0.00,0.24,0.55,0.67",47,0.00,0.00,,1660000000
3d animation hentai,Informational,1600,"0.00,0.83,0.00,0.00,1.00,0.00,0.00,0.83,0.00,0.00,0.00,0.00",39,0.00,0.00,,291000000
3d anime hent,"Informational, Transactional",1600,"0.05,0.80,1.00,1.00,0.66,0.80,0.01,0.24,0.03,0.52,0.03,0.02",36,0.00,0.00,People also ask,303000000
3d hentai xxx,"Informational, Transactional",1600,"0.19,0.13,0.19,0.19,0.19,0.13,0.24,0.24,1.00,0.24,0.15,0.19",60,0.00,0.00,,538000000
3d po r n,Informational,1600,"0.00,0.01,0.00,0.00,0.00,0.00,0.00,0.00,0.00,1.00,0.00,0.00",70,0.00,0.00,,2260000000
3d porn gifs,Informational,1600,"0.27,0.16,0.52,0.16,0.52,0.16,0.24,0.52,0.80,0.80,0.80,1.00",50,0.00,0.00,,278000000
3d porn monster,Informational,1600,"0.20,0.12,0.12,0.54,0.12,0.28,0.09,0.00,0.00,0.06,1.00,0.00",36,0.00,0.00,,254000000
3d rule 34,Navigational,1600,"0.68,0.84,0.84,0.52,0.68,0.84,1.00,0.84,0.68,1.00,1.00,0.68",23,0.00,0.00,,358000000
3d video pron,Commercial,1600,"0.04,1.00,0.02,0.01,0.04,0.06,0.00,0.06,0.01,1.00,0.81,0.00",72,0.00,0.00,People also ask,86700000
3dporn futa,Informational,1600,"0.00,0.00,0.01,0.00,0.00,0.00,0.00,0.07,0.01,1.00,0.01,0.01",36,0.00,0.00,People also ask,35200000
3dsex,Informational,1600,"1.00,0.10,0.34,0.00,0.00,0.00,0.03,0.10,0.66,1.00,0.79,0.79",16,0.00,0.00,,11200000
ai 3d porn,Informational,1600,"0.08,0.08,0.05,0.00,0.00,0.00,0.00,0.00,0.44,1.00,0.05,0.05",18,0.00,0.00,,983000000
animated porn pornhub,"Navigational, Transactional",1600,"0.03,1.00,0.03,0.03,0.00,0.00,0.00,0.00,0.00,0.00,0.00,0.00",38,0.00,0.33,Sitelinks,324000000
animated pron movies,Informational,1600,"0.05,0.80,1.00,1.00,0.66,0.80,0.01,0.24,0.03,0.66,0.03,0.01",29,0.00,0.00,,203000000
anime 3d porn,Informational,1600,"0.22,0.16,1.00,0.22,0.16,0.43,0.54,0.20,0.36,0.65,0.16,0.22",,0.00,0.00,,902000000
cartoon 3dporn,Informational,1600,"0.04,1.00,0.01,0.00,0.01,0.01,0.00,0.02,0.01,0.02,0.02,0.01",49,0.00,0.00,,64300000
free animated porn,"Informational, Commercial",1600,"0.28,0.08,0.08,0.11,0.08,0.19,0.11,0.14,0.36,1.00,0.28,0.53",62,0.00,0.00,,758000000
futa porn animated,"Informational, Transactional",1600,"0.10,0.15,1.00,0.02,0.07,0.03,0.10,0.28,0.54,0.02,0.28,0.04",30,0.00,0.00,,52000000
futanari ai porn,Commercial,1600,"0.00,0.00,0.00,0.00,0.81,1.00,0.02,1.00,0.43,0.02,0.65,0.08",22,0.00,0.00,,104000000
futanari animated porn,Informational,1600,"0.00,1.00,0.00,0.01,0.00,0.00,0.00,0.00,0.02,0.10,0.00,0.04",30,0.00,0.00,,136000000
gay 3dporn,Informational,1600,"0.07,1.00,0.02,0.00,0.02,0.05,0.00,0.07,0.66,1.00,0.05,0.00",42,0.00,0.00,,44900000
hardcore 3d porn,"Informational, Commercial",1600,"0.36,0.66,1.00,0.24,0.27,0.80,0.16,0.27,0.24,1.00,0.07,1.00",28,0.00,0.00,,1050000000
hentia 3d monster,Informational,1600,"1.00,0.81,0.01,0.00,0.03,0.07,0.01,0.13,0.43,0.02,0.03,0.01",33,0.00,0.00,People also ask,19500000
nsfw animated,Informational,1600,"0.42,0.63,0.32,0.63,1.00,0.42,0.63,0.42,0.26,0.32,0.63,0.42",29,0.00,0.00,Sitelinks,216000000
pirn dude,Navigational,1600,"0.84,0.84,0.84,0.84,0.84,0.84,1.00,0.84,0.84,0.84,0.84,1.00",85,0.00,0.00,"Sitelinks, People also ask",16500000
porn hub animated,Navigational,1600,"0.02,0.04,0.03,1.00,0.23,0.01,0.03,0.03,0.03,0.03,0.01,0.02",37,0.00,0.00,,259000000
porn3d,"Informational, Commercial",1600,"0.30,0.10,0.43,0.30,0.00,0.04,0.00,0.81,0.43,1.00,0.10,0.43",61,0.00,0.00,,5490000
porncartoon porn,Informational,1600,"0.07,1.00,0.00,0.30,0.00,0.00,0.00,0.00,0.00,0.00,0.00,0.00",63,0.00,0.00,,5150000
porncore,Informational,1600,"1.00,1.00,0.67,0.79,0.54,0.37,0.54,1.00,0.41,0.24,0.54,0.37",25,0.00,0.00,Sitelinks,1070000
porndudd,"Navigational, Commercial",1600,"1.00,0.81,1.00,0.81,1.00,1.00,1.00,1.00,1.00,0.81,1.00,1.00",26,0.00,0.00,"Sitelinks, People also ask",2450
pornduse,Commercial,1600,"0.84,0.68,0.84,0.84,0.84,0.84,0.84,0.84,0.84,1.00,0.84,1.00",13,0.00,0.00,People also ask,2840
pornhub 3d,"Navigational, Transactional",1600,"1.00,0.35,0.35,0.22,0.30,0.43,0.19,0.19,0.35,0.22,0.22,0.13",40,0.00,0.00,Sitelinks,578000000
realistic animation porn,Informational,1600,"0.15,0.55,0.36,0.67,0.41,0.41,0.11,0.79,1.00,0.79,1.00,1.00",19,0.00,0.00,,40000000
sex animations,Informational,1600,"0.08,0.04,0.05,0.16,0.16,0.18,0.08,0.35,0.24,0.66,0.66,1.00",29,1.52,0.00,,2410000000
watch 3d hentai xxx,Commercial,1600,1.00,,0.00,0.00,,101000000
xvideo animation,Navigational,1600,"0.53,0.67,0.53,0.06,0.36,0.03,0.03,0.44,0.81,0.53,0.28,1.00",28,0.00,0.00,Sitelinks,
xxxxxxxxx 3d,"Informational, Transactional",1600,"0.04,1.00,0.02,0.03,0.08,0.04,0.01,0.07,0.66,1.00,0.03,0.01",19,0.00,0.00,,48900000
3d anime porno,Informational,1300,"0.00,0.00,0.00,0.00,0.00,0.00,0.00,0.00,0.00,0.00,1.00,0.81",36,0.00,0.00,,358000000
3d anime sex,Commercial,1300,"0.54,0.25,1.00,0.46,0.46,1.00,0.86,0.86,0.86,0.36,0.54,0.68",31,0.00,0.00,,1150000000
3d fuck,Informational,1300,"1.00,0.00,0.00,0.66,0.00,0.00,0.00,0.00,0.00,0.00,0.00,0.00",28,0.00,0.00,,1100000000
3d henatai porn,"Informational, Commercial",1300,"0.07,1.00,0.00,0.01,0.01,0.00,0.00,0.00,0.00,0.00,0.00,0.01",41,0.00,0.00,,69300000
3d hentaiporn,Commercial,1300,"0.07,1.00,0.07,0.05,0.00,0.00,0.02,0.00,0.00,0.00,0.00,0.00",52,0.00,0.00,,53400000
3d hentia,Informational,1300,"1.00,0.69,0.69,0.69,0.69,0.83,0.83,0.51,0.51,0.37,0.46,0.51",63,0.00,0.00,,2180000
3d monster henti,Informational,1300,"0.04,1.00,0.00,0.00,0.07,0.04,0.01,0.10,0.53,0.44,0.02,0.00",26,0.00,0.00,,17000000
3d porn cartoon,Informational,1300,"0.08,0.00,0.28,0.00,0.08,0.22,0.03,1.00,0.03,0.44,0.08,0.03",46,0.00,0.00,,921000000
3d porn comp,Commercial,1300,"0.16,0.20,0.08,0.41,0.41,0.54,0.54,1.00,0.79,0.79,0.66,0.79",,0.00,0.00,,211000000
3d porn futa,Informational,1300,"0.10,0.04,0.04,0.07,0.07,0.08,0.05,0.36,1.00,0.08,0.13,0.36",33,0.00,0.00,,454000000
3d r34,Informational,1300,"0.20,0.13,0.13,0.13,0.20,0.16,0.20,0.65,1.00,0.29,0.29,0.36",21,0.00,0.00,People also ask,218000000
3d sex video,Informational,1300,"0.52,0.70,0.70,0.83,0.35,0.30,1.00,0.70,1.00,1.00,0.70,0.52",58,0.00,0.00,,1630000000
3dhentai gifs,Informational,1300,"0.04,0.03,0.02,0.02,0.03,0.81,0.00,0.07,0.53,1.00,0.00,0.02",6,0.00,0.00,,34600000
ai futanari porn,Informational,1300,"0.00,0.00,0.00,0.00,0.00,0.00,0.01,0.00,0.00,0.29,0.54,1.00",24,0.00,0.00,,
alien 3d porn,Informational,1300,"1.00,0.24,0.34,0.11,0.24,0.44,0.55,0.44,0.34,0.44,0.44,0.44",25,0.00,0.00,,26700000
animated sex video,Informational,1300,"0.00,0.00,0.55,0.55,0.44,0.65,0.65,0.65,0.55,0.44,1.00,0.44",29,0.00,0.00,,2300000000
animation por,Informational,1300,"0.16,0.20,0.20,0.16,1.00,0.20,0.66,0.36,0.52,0.20,0.20,0.20",50,0.00,0.00,,815000000
animation pron,Transactional,1300,"0.23,0.00,0.55,0.00,1.00,0.00,0.07,0.11,0.05,0.05,0.05,0.02",51,0.00,0.32,,1570000000
animation sex videos,Informational,1300,"0.00,0.81,0.00,0.01,0.01,0.02,0.02,1.00,0.00,0.01,0.08,0.00",31,0.00,0.00,,1030000000
anime porn comp,Commercial,1300,"0.20,1.00,0.68,0.52,0.68,1.00,0.84,0.46,0.68,0.68,0.68,0.68",27,0.00,0.00,,21700000
anime porn movies,"Informational, Commercial",1300,"0.69,0.52,0.52,0.69,1.00,0.69,0.69,0.46,1.00,1.00,0.46,0.46",33,0.00,0.00,People also ask,1140000000
animted porn,Informational,1300,"0.06,0.03,1.00,0.14,0.42,0.81,0.22,0.08,0.14,0.36,0.42,0.08",36,0.00,0.00,,1490000000
cartoon animated porn,Informational,1300,"0.12,0.09,0.04,0.16,1.00,0.10,0.10,0.16,0.12,0.16,0.05,0.35",51,0.00,0.00,,302000000
cartoon freeporn,Informational,1300,"0.04,1.00,0.01,0.00,0.00,0.00,0.00,0.00,0.00,0.00,0.00,0.00",63,0.00,0.00,,381000000
cartoon henati,"Informational, Commercial",1300,"0.00,1.00,0.00,0.03,0.04,0.00,0.01,0.01,0.02,0.00,0.02,0.02",61,1.31,0.00,,5200000
cartoon p o r,Informational,1300,"0.03,0.44,1.00,0.00,0.00,0.00,0.00,0.00,0.00,0.44,0.53,0.44",53,0.00,0.00,,3420000000
cartoon porn's,Informational,1300,"0.07,1.00,0.00,0.00,0.00,0.00,0.00,0.00,0.00,0.00,0.00,0.00",67,0.00,0.00,,715000000
cartoon porna,Informational,1300,"0.07,1.00,0.00,0.00,0.00,0.00,0.00,0.00,0.00,0.00,0.00,0.00",67,0.00,0.00,,10700000
cartoon pornfree,Informational,1300,"0.04,1.00,0.00,0.00,0.02,0.00,0.00,0.00,0.00,0.00,0.00,0.00",44,0.00,0.00,,46900000
cartoon porntubes,Informational,1300,"0.07,1.00,0.00,0.00,0.00,0.00,0.00,0.00,0.00,0.00,0.00,0.00",64,0.00,0.00,,30700000
cartoon prno,Informational,1300,"0.01,1.00,0.00,0.29,0.01,0.00,0.00,0.00,0.00,0.00,0.00,0.02",68,0.00,0.00,,5690000
cartoonspron,Informational,1300,"0.04,0.03,1.00,0.81,0.02,0.05,0.00,0.16,0.29,0.03,0.00,0.03",59,0.00,0.00,,3070
free porn 3d,"Informational, Commercial",1300,"0.11,0.15,0.05,0.05,0.45,0.05,0.12,0.66,1.00,0.83,1.00,0.83",66,0.00,0.00,,4790000000
monster 3d porn,Informational,1300,"1.00,0.30,0.25,0.30,0.13,0.45,0.25,0.45,0.45,0.30,0.30,0.25",33,0.00,0.00,,235000000
naughtymachinima recent videos,"Navigational, Transactional",1300,"1.00,0.00,0.00,0.00",9,0.00,0.00,,182000
porn cartoons animation,Informational,1300,"0.05,0.81,0.24,1.00,0.00,0.00,0.00,0.00,0.00,0.00,0.00,0.00",60,0.00,0.00,,94400000
porn cartoons anime,"Informational, Commercial",1300,"0.06,1.00,0.19,0.02,0.00,0.00,0.00,0.00,0.00,1.00,0.04,0.01",44,0.00,0.00,,44900000
porn cgi,"Informational, Commercial",1300,"0.18,1.00,0.54,0.86,0.68,0.68,0.68,0.86,1.00,0.68,0.68,0.68",50,0.00,0.00,,24000000
porn core,Informational,1300,"1.00,0.69,0.85,0.38,0.69,1.00,0.69,0.85,0.69,0.46,0.69,0.38",28,0.00,0.00,,785000000
porn hob cartoon,Navigational,1300,"0.00,0.00,0.00,0.00,0.63,1.00,0.00,0.06,0.31,0.50,0.63,0.50",52,0.00,0.00,,97600000
porndufe,Navigational,1300,"1.00,1.00,1.00,1.00,1.00,1.00,1.00,1.00,1.00,1.00,1.00,1.00",27,0.00,0.00,Sitelinks,1590
realistic 3d porn,Informational,1300,"0.69,0.69,0.85,0.69,1.00,0.46,0.85,0.52,0.52,0.69,0.52,0.69",25,0.00,0.00,People also ask,86300000
resident evil gay porn thisvid,"Navigational, Transactional",1300,"1.00,0.00,0.00,0.00",17,0.00,0.00,,20600
sex3d,Informational,1300,"0.00,0.67,1.00,0.84,1.00,0.51,0.47,0.51,0.47,0.84,0.47,0.67",30,0.00,0.00,Sitelinks,4610000
the porn dude.com,Navigational,1300,"0.13,0.13,0.13,0.13,0.13,1.00,0.13,0.13,0.16,0.18,0.18,0.24",84,0.00,0.00,Sitelinks,786000000
vr porn animation,Informational,1300,"1.00,0.37,0.67,0.37,0.54,0.29,0.37,0.41,0.29,0.24,0.29,0.29",24,0.00,0.00,,86600000
xnxx 3d,"Navigational, Transactional",1300,"1.00,0.28,0.42,0.53,0.67,0.53,0.42,0.67,0.53,0.53,0.42,0.42",27,0.00,0.00,,641000000
xxx3d,Informational,1300,"0.16,0.13,0.03,0.05,0.08,0.13,0.10,1.00,0.54,0.29,0.54,1.00",19,0.00,0.00,,3770000
سكسكرتون,Informational,1300,"0.04,1.00,0.67,0.10,0.01,0.23,0.01,0.10,0.30,0.01,0.05,0.01",46,0.00,0.00,,5430000
3d animated sex,Commercial,1000,"0.54,0.67,1.00,1.00,0.24,0.37,0.01,0.29,0.16,0.29,0.20,0.04",50,0.00,0.00,,731000000
3d animation xxx,Commercial,1000,"0.00,0.00,0.00,0.00,0.00,0.00,0.00,0.00,0.00,1.00,0.54,0.00",43,0.00,0.00,,755000000
3d animehentai,Commercial,1000,"0.06,1.00,0.05,0.20,0.00,1.00,0.02,0.31,0.03,0.66,0.05,0.03",47,0.00,0.00,,37500000
3d cartoon pron,Informational,1000,"0.30,1.00,0.02,0.18,0.05,0.43,0.07,0.11,0.05,0.05,0.05,0.02",72,0.00,0.00,,95400000
3d cartoon sex,Informational,1000,"1.00,0.67,0.51,0.51,0.51,0.51,0.19,0.19,0.47,0.23,0.37,0.23",38,0.00,0.00,,380000000
3d henti,Commercial,1000,"0.61,0.56,0.81,0.61,0.56,0.81,0.81,1.00,0.56,0.61,0.61,0.81",41,0.00,0.00,,26400000
3d hentia monster,Informational,1000,"0.04,1.00,0.02,0.10,0.02,0.05,0.00,0.16,0.53,0.02,0.03,0.02",31,0.00,0.00,People also ask,42500000
3d nude,Informational,1000,"0.04,1.00,0.15,0.67,0.41,0.80,0.54,0.67,0.24,0.37,0.37,0.30",11,0.00,0.00,,1370000000
3d porn cartoons,Informational,1000,"0.15,0.07,0.00,0.00,0.07,0.02,0.00,0.04,0.81,1.00,0.65,0.81",67,0.00,0.00,,32500000
3d porn movies,"Informational, Commercial",1000,"1.00,0.42,0.33,0.42,0.54,0.42,0.33,0.33,0.29,0.21,0.54,0.42",23,0.00,0.00,,975000000
3d pron,"Informational, Commercial",1000,"0.54,0.37,0.41,0.54,0.67,0.30,0.67,0.80,0.15,0.41,0.24,1.00",65,0.66,1.00,,1240000000
3d sex 3d,Commercial,1000,"0.08,1.00,0.16,0.05,1.00,1.00,0.20,0.37,0.84,0.68,0.05,0.03",63,0.00,0.00,,3040000000
3d sex videos,Informational,1000,"0.41,0.41,0.20,0.30,0.41,0.55,0.41,0.41,0.55,0.41,0.30,1.00",69,0.00,0.00,,2470000000
3d toon porn,Informational,1000,"1.00,0.41,0.36,0.30,0.15,0.30,0.30,0.36,0.36,0.41,0.41,0.41",29,0.00,0.00,,69600000
3d xvideos,"Navigational, Transactional",1000,"0.62,0.05,1.00,0.55,0.80,0.55,1.00,0.80,0.62,0.36,0.62,0.29",31,0.00,0.00,Sitelinks,825000000
3dporn animation,Informational,1000,"0.08,0.00,0.00,1.00,0.04,0.08,0.00,0.00,0.00,0.00,0.00,0.00",60,0.00,0.00,,32200000
alien porn 3d,Informational,1000,"1.00,0.54,0.41,0.54,0.41,0.30,0.30,0.66,0.41,0.10,0.36,0.41",30,0.00,0.00,,52600000
anal porn animation,Informational,1000,"0.15,0.13,0.67,1.00,0.54,1.00,0.02,0.24,0.13,0.80,0.04,0.24",33,0.00,0.00,,401000000
animated porm,Informational,1000,"0.30,0.00,0.02,0.00,0.13,0.13,0.22,0.22,1.00,0.65,0.02,0.00",43,0.00,0.00,,20500000
animated porn comp,Commercial,1000,"0.20,1.00,1.00,0.68,0.52,0.52,0.52,0.46,0.46,0.31,0.68,0.68",26,0.00,0.00,,25800000
animated porn movies,Commercial,1000,"0.08,0.52,0.52,0.06,0.05,1.00,1.00,0.68,0.68,0.85,0.68,0.52",30,0.00,0.00,,299000000
animated porn video,"Informational, Transactional",1000,"0.00,0.27,0.00,0.16,1.00,0.67,0.10,0.09,0.00,0.53,0.44,0.36",51,0.00,0.00,,1370000000
animated pron,"Informational, Commercial",1000,"0.00,0.00,0.17,1.00,0.50,0.33,0.25,0.33,0.17,0.13,0.13,0.13",44,1.86,0.00,,79000000
animatedporn,Informational,1000,"0.00,0.00,0.00,0.00,0.00,0.00,0.06,1.00,0.20,0.06,0.00,0.12",38,0.00,0.00,,7710000
animation po rn,"Informational, Transactional",1000,"0.05,1.00,0.05,0.00,0.32,0.84,0.00,0.26,0.84,0.00,0.05,0.00",53,0.00,0.00,People also ask,923000000
animation porn compilation,Informational,1000,"0.20,1.00,0.68,0.37,0.52,0.84,0.37,0.25,1.00,0.84,0.68,0.68",26,0.00,0.00,,389000000
animation porn3d,Informational,1000,"1.00,0.77,1.00,1.00,0.77,0.77,0.07,0.56,0.77,0.77,0.77,0.77",51,0.00,0.00,,6060000
animation pornhub,"Navigational, Transactional",1000,"0.21,0.00,1.00,0.00,0.00,1.00,0.00,0.00,0.28,0.03,0.07,0.00",42,0.00,0.00,"Sitelinks, People also ask",1030000000
animation pron movie,Informational,1000,"0.10,1.00,0.81,1.00,0.81,1.00,0.06,0.45,0.62,0.81,1.00,1.00",30,0.00,0.00,,160000000
animations porn,Informational,1000,"0.00,0.00,0.80,0.41,1.00,0.30,0.80,0.41,0.30,0.23,0.80,0.80",51,0.00,0.00,,1810000000
anime cartoon porn,Informational,1000,"0.42,0.33,0.79,0.42,0.42,0.29,0.42,0.33,0.42,0.42,0.42,1.00",72,0.00,0.00,,439000000
anime porn compilation,Informational,1000,"0.84,0.13,0.04,0.04,0.52,0.68,0.25,1.00,1.00,1.00,1.00,1.00",25,0.00,0.00,,276000000
best cartoon pron,Commercial,1000,"0.04,1.00,0.03,0.01,0.03,0.08,0.02,0.05,0.02,0.44,0.03,0.02",50,0.00,0.00,,97500000
best porn animation,Commercial,1000,"0.02,0.01,0.00,0.00,1.00,0.18,0.00,0.29,0.35,0.02,0.35,0.00",38,1.75,0.00,,732000000
captain ero gaming 3d animated porn,Informational,1000,"1.00,0.00",14,0.00,0.00,,905000
caroon porn com,Informational,1000,"0.24,0.81,0.81,1.00,0.81,1.00,0.06,0.45,0.81,0.81,1.00,0.81",61,0.00,0.00,,21400000
cartoon henati porn,"Informational, Commercial",1000,"0.16,0.79,0.02,0.04,0.79,1.00,0.02,0.36,1.00,0.79,0.05,0.02",56,0.00,0.00,,35400000
cartoon monsterporn,Informational,1000,"0.06,0.03,0.03,0.03,0.03,0.06,0.00,0.06,0.67,1.00,0.05,0.02",14,0.00,0.00,,
cartoon porn film,Commercial,1000,"0.77,0.77,0.77,0.77,0.77,0.68,0.77,0.77,1.00,0.77,0.77,0.00",,0.00,0.00,,2850000000
cartoon potn,Informational,1000,"0.76,1.00,1.00,0.76,1.00,0.76,0.76,0.76,0.37,0.76,0.67,0.76",61,0.00,0.00,,7840000
demon slayer porn gif,Informational,1000,"0.00,0.08,0.13,0.13,0.68,0.52,0.25,0.52,0.68,1.00,1.00,0.31",13,0.00,0.00,,13100000
free animation porn,Informational,1000,"0.10,0.35,0.00,0.00,0.00,0.00,1.00,0.00,0.00,0.00,0.00,0.00",68,0.00,0.00,,806000000
free futa porn,Informational,1000,"0.62,0.81,0.62,0.81,0.20,0.20,0.62,1.00,0.81,0.81,0.62,1.00",29,0.00,0.00,,362000000
free porn cartoon,Informational,1000,"0.36,0.66,0.11,0.16,0.16,0.16,0.11,0.16,0.11,0.11,1.00,0.07",58,0.00,0.00,People also ask,1680000000
free porn dude,Navigational,1000,"1.00,0.68,0.77,0.77,0.77,0.77,0.77,0.77,0.77,1.00,1.00,1.00",83,0.00,0.00,Sitelinks,528000000
freeporn 3d,Commercial,1000,"0.13,1.00,0.55,0.34,0.07,0.16,0.34,0.20,0.34,0.55,0.16,0.13",66,0.00,0.00,,384000000
hardcore animation porn,Informational,1000,"0.11,0.36,0.08,0.11,0.44,0.36,1.00,0.08,0.24,0.27,0.12,0.12",28,0.00,0.00,People also ask,293000000
hentai 3d,Informational,1000,"1.00,0.00,0.00,0.00,0.20,0.20,0.00,0.00,0.00,0.20,0.20,0.20",41,0.00,0.00,,328000000
hentai porn dude,Navigational,1000,"0.08,0.07,0.08,0.08,0.08,1.00,0.07,0.07,0.05,0.07,0.07,0.08",82,0.00,0.00,Sitelinks,
hentia porn cartoon,Informational,1000,"0.13,0.65,0.08,1.00,0.05,0.13,0.01,0.07,0.82,0.65,0.04,0.03",72,0.00,0.00,,31400000
hot sex animation,Informational,1000,"0.04,0.03,0.01,0.20,0.01,0.00,0.20,0.07,0.16,0.80,0.80,1.00",27,0.00,0.00,,668000000
monster 3dporn,Informational,1000,"0.00,1.00,1.00,1.00,0.71,0.71,0.00,0.43,0.71,0.71,0.71,1.00",38,0.00,0.00,,17800000
movie porn cartoon,Informational,1000,"0.24,1.00,0.15,1.00,0.81,1.00,0.06,0.30,0.81,0.81,1.00,1.00",26,0.00,0.00,,691000000
new 3d hentai,Informational,1000,"0.00,0.64,0.00,0.00,0.00,0.00,0.00,0.81,1.00,0.00,0.00,0.00",24,0.00,0.00,,403000000
orndude,Commercial,1000,"0.67,0.67,0.76,0.76,0.76,0.76,0.76,0.76,0.76,0.76,1.00,1.00",15,0.00,0.00,,5770
poendude,"Navigational, Commercial",1000,"0.77,0.77,0.77,0.77,0.77,1.00,1.00,1.00,0.77,0.77,0.77,1.00",15,0.00,0.00,,4720
popular animated porn,Commercial,1000,"0.16,0.10,1.00,1.00,0.13,0.79,0.79,0.41,0.20,0.16,0.10,0.13",48,0.00,0.00,,299000000
por.ndude,Navigational,1000,"0.00,1.00,1.00,0.00,0.00,0.00,0.00,0.00,0.00,0.00,0.00,0.66",35,0.00,0.00,Sitelinks,16700000
porm dude,Navigational,1000,"0.79,0.79,0.79,1.00,0.79,0.79,0.79,0.79,0.79,0.79,0.79,0.79",60,0.00,0.00,Sitelinks,16200000
porn animated porn,"Informational, Transactional",1000,"0.08,0.54,1.00,1.00,0.00,0.08,0.08,0.00,0.08,0.00,0.00,0.00",57,0.00,0.00,,857000000
porn animators,Commercial,1000,"0.00,0.41,1.00,0.03,0.41,0.00,0.34,0.00,0.03,0.00,0.03,0.00",42,1.02,0.00,"Sitelinks, People also ask",2690000
porn carton com,Informational,1000,"1.00,0.81,1.00,1.00,0.81,1.00,0.06,0.44,0.81,0.00,0.00,0.00",72,0.00,0.00,,48600000
porn videos of animation,Informational,1000,"0.81,0.81,0.81,1.00,0.81,1.00,0.06,0.11,0.08,0.81,1.00,0.19",45,0.00,0.00,,935000000
porndude',Navigational,1000,"0.11,0.27,0.53,0.06,0.80,0.03,0.06,1.00,0.05,0.24,0.05,0.27",86,0.00,0.00,Sitelinks,47100000
porndudecom,Navigational,1000,"0.01,0.01,0.66,0.36,0.36,1.00,0.10,0.27,0.16,0.36,0.10,0.02",19,0.00,0.00,Sitelinks,1640000
pornhob cartoon,Navigational,1000,"0.00,0.00,0.00,0.00,0.66,1.00,0.00,0.07,0.36,0.55,0.02,0.00",46,0.00,0.00,,1350000
potndude,Navigational,1000,"1.00,0.76,1.00,0.76,0.76,0.76,1.00,0.76,1.00,1.00,1.00,1.00",15,0.00,0.00,Sitelinks,3050
prn dude,Navigational,1000,"0.67,0.76,0.76,0.76,0.76,0.76,0.76,0.76,0.76,0.76,0.76,1.00",25,0.00,0.00,Sitelinks,
pron dude],Navigational,1000,"0.76,0.76,0.76,0.76,1.00,0.76,0.76,0.76,0.76,0.76,0.76,0.00",81,0.00,0.00,Sitelinks,98700000
real 3d porn,Informational,1000,"0.62,1.00,0.55,0.62,0.62,0.62,1.00,0.45,0.45,0.55,0.45,0.55",19,0.00,0.00,,1310000000
realistic 3d hentai animated porn sites,Commercial,1000,"1.00,0.00",56,0.00,0.00,,242000000
rule34anim,Informational,1000,"1.00,0.82,0.82,0.82,0.62,0.62,0.82,0.55,0.45,0.82,0.62,0.45",15,0.00,0.00,,4740
sex animated,Informational,1000,"0.14,0.06,0.06,0.19,0.06,0.08,0.14,0.44,0.53,0.81,1.00,0.44",,1.92,0.03,,2210000000
sex animation porn,Informational,1000,"0.07,1.00,0.13,0.24,0.18,0.24,0.13,0.07,0.13,0.13,0.07,0.05",,0.00,0.00,,838000000
sfm porn compilation,Informational,1000,"1.00,0.36,0.67,0.41,0.41,0.55,0.41,0.36,0.36,0.30,0.36,0.30",25,0.00,0.00,,12900000
superheroine motherless,"Navigational, Transactional",1000,"0.76,0.76,0.76,0.76,0.76,0.76,0.76,1.00,1.00,1.00,1.00,0.76",10,0.00,0.00,,1610000
3d animated gay porn,Informational,880,"1.00,0.88,0.31,0.31,0.88,0.88,0.48,1.00,1.00,1.00,1.00,1.00",38,0.00,0.00,,445000000
3d animated hentai,Informational,880,"1.00,0.00,0.00,0.00,0.00,0.00,0.00,0.00,0.00,0.00,0.00,0.00",35,0.00,0.00,,219000000
3d best porn,Commercial,880,"0.13,0.82,0.55,0.03,1.00,0.05,0.16,0.03,0.03,0.03,0.16,0.13",37,0.00,0.00,,1630000000
3d futanari anime,Informational,880,"0.55,0.55,0.67,0.67,1.00,0.55,0.67,1.00,0.67,0.67,0.76,1.00",19,0.00,0.00,,162000000
3d hentai animation,Informational,880,"0.00,0.00,0.00,0.00,0.00,0.00,0.00,0.00,1.00,0.54,0.00,0.00",33,0.00,0.00,,164000000
3d hental,Commercial,880,"0.76,0.67,0.30,0.56,0.67,0.67,0.67,1.00,0.44,0.67,0.56,0.56",45,0.00,0.00,,43700000
3d monster hentia,Informational,880,"0.04,1.00,0.03,0.01,0.07,0.04,0.01,0.10,0.02,0.44,0.02,0.01",17,0.00,0.00,,3640000
3d pirn,Informational,880,"1.00,0.24,0.45,0.45,0.45,0.45,0.45,0.62,0.55,0.45,0.36,0.55",67,0.00,0.00,,57100000
3d porn realistic,Informational,880,"1.00,0.67,0.76,0.76,0.76,0.67,0.24,0.67,0.55,0.67,0.55,0.67",26,0.00,0.00,,62900000
3d porn sites,Commercial,880,"1.00,0.77,0.77,0.55,0.45,0.55,0.77,0.55,1.00,0.45,0.45,0.68",47,0.00,0.00,,435000000
3d porn tube,Informational,880,"1.00,0.59,1.00,1.00,0.73,0.73,0.91,0.91,0.73,1.00,0.91,0.59",66,0.00,0.00,,1640000000
3d sex clips,Commercial,880,"0.20,1.00,0.52,0.16,0.37,0.52,0.52,0.25,0.25,0.52,0.68,0.68",69,0.00,0.00,,1940000000
3dhentai monster,Informational,880,"0.08,0.00,0.02,0.00,0.83,0.09,0.00,0.30,1.00,0.83,0.06,0.04",29,0.00,0.00,,16400000
alien porn gif,Informational,880,"0.30,0.56,0.56,0.56,0.56,0.44,0.44,1.00,1.00,1.00,0.77,0.77",,0.00,0.00,,15200000
animated nudes,Informational,880,"0.00,1.00,0.44,1.00,0.55,0.00,0.55,0.24,0.29,0.55,0.55,0.62",36,0.00,0.00,,202000000
animated oorn,Informational,880,"1.00,0.72,0.47,0.88,0.88,0.88,0.72,1.00,0.88,0.88,0.72,0.59",43,0.00,0.00,,4080000
animated potn,Informational,880,"0.46,0.11,0.20,0.46,0.25,0.20,0.13,0.68,0.84,0.84,1.00,0.68",41,0.00,0.00,,15800000
animated sex porn,Informational,880,"0.08,0.00,0.00,0.00,0.00,0.84,0.00,1.00,0.68,1.00,1.00,0.84",35,0.00,0.00,,903000000
animation free sex,Informational,880,"0.29,0.54,1.00,1.00,0.76,0.76,0.07,0.54,0.68,0.76,0.76,0.76",34,0.00,0.00,,704000000
animation sex 3d,Commercial,880,"0.06,1.00,0.45,0.19,0.30,0.19,0.25,0.34,0.19,0.09,0.15,0.13",41,0.00,0.00,,553000000
animationporn,Commercial,880,"0.37,0.77,0.68,0.68,0.68,1.00,0.44,1.00,0.68,0.77,0.25,0.56",,0.00,0.00,,3330000
best animation porn,Commercial,880,"0.79,0.14,0.55,1.00,0.10,0.28,0.14,0.55,0.07,0.34,0.10,0.03",33,1.75,0.00,,507000000
cartoon hentai hd 3d renders,Informational,880,"1.00,0.00",49,0.00,0.00,,3660000
cartoon por. videos,Informational,880,"0.00,0.00,0.00,0.00,0.00,0.00,0.00,0.00,0.00,1.00,0.83,0.83",62,0.00,0.00,,709000000
cartoon sex in 3d,Commercial,880,"0.68,0.77,0.68,0.68,0.77,1.00,0.68,0.56,0.68,0.77,0.56,0.77",40,0.00,0.00,,826000000
cnc porn gifs,Informational,880,"0.00,0.30,0.36,0.36,1.00,0.54,0.41,0.41,0.24,0.24,0.24,0.54",6,0.00,0.00,,4440000
cortoon porn com,Informational,880,"0.24,0.81,0.81,1.00,0.24,0.45,0.04,0.45,0.81,0.81,0.10,0.06",62,0.00,0.00,,21300000
futanari 3d animation,Informational,880,"0.62,0.30,0.62,0.44,0.44,0.01,0.24,1.00,1.00,0.55,0.44,0.44",24,0.00,0.00,,82400000
good 3d porn,Commercial,880,"0.15,0.05,1.00,0.05,0.67,1.00,0.03,0.55,0.05,0.15,0.36,0.06",50,0.00,0.00,,814000000
hentai cartoons,Informational,880,"0.24,0.20,0.20,0.24,0.24,0.16,0.24,0.20,0.20,0.20,1.00,0.20",72,0.00,0.00,,63500000
new 3d porn,Commercial,880,"0.41,1.00,0.36,0.30,0.41,0.24,0.24,0.30,0.30,0.30,0.30,0.30",62,0.00,0.00,,1440000000
nud animation,Informational,880,"0.10,1.00,0.81,1.00,0.81,0.62,0.06,0.13,0.08,0.81,1.00,0.37",38,0.00,0.00,,
porn anination,Informational,880,"0.00,0.00,0.00,0.00,0.00,0.00,0.00,0.00,0.00,0.00,0.00,0.00",56,1.02,0.00,People also ask,1010000000
porn movies of cartoons,Informational,880,"0.24,0.05,0.02,1.00,0.81,1.00,0.06,0.30,0.81,0.81,1.00,1.00",39,0.00,0.00,,96400000
porncartoon,Informational,880,"0.04,0.02,0.00,0.43,0.10,0.04,0.02,0.08,0.04,0.00,1.00,0.00",27,0.00,0.00,,4850000
porncore 3d,Navigational,880,"0.28,0.03,1.00,0.78,0.06,0.11,0.03,0.67,0.06,0.19,0.00,0.14",13,0.00,0.00,Sitelinks,35000
porne animation,Informational,880,"0.08,0.54,1.00,0.00,0.00,0.08,0.00,0.23,0.62,0.00,0.00,0.00",55,0.00,0.00,,14500000
pornsfm,"Informational, Commercial",880,"0.00,0.00,0.00,0.01,0.00,0.00,0.00,0.00,1.00,0.12,0.00,0.00",20,0.00,0.00,,1040000
real animated porn,Informational,880,"0.20,0.02,0.84,1.00,0.46,0.20,0.68,0.37,0.68,0.68,0.46,0.84",25,0.00,0.00,,969000000
realistic anime porn,Informational,880,"0.62,0.37,0.30,0.15,0.44,0.24,0.55,1.00,0.44,0.81,0.81,0.81",22,0.00,0.00,,43500000
sites like porcore.com,Commercial,880,"1.00,0.00",23,0.00,0.00,Sitelinks,330000
3d animal porn,Informational,720,"1.00,0.07,0.37,0.13,0.76,0.76,0.67,0.56,0.67,0.76,0.76,0.76",27,0.00,0.00,,194000000
3d animation sex,Informational,720,"0.56,0.06,0.56,0.06,1.00,0.11,1.00,1.00,0.11,0.44,0.14,0.56",39,0.00,0.00,,1080000000
3d anime gay porn,Informational,720,"0.24,0.06,0.45,0.36,0.45,0.20,0.13,0.62,1.00,0.62,0.81,0.62",30,0.00,0.00,,53700000
3d gay porn animated,Informational,720,"0.24,0.81,0.81,0.13,0.20,0.36,0.04,0.45,0.08,0.62,1.00,0.36",37,0.00,0.00,,587000000
3d hentai sex,Commercial,720,"0.00,0.00,0.00,0.00,0.00,0.00,0.00,0.00,0.00,0.00,1.00,0.00",36,0.00,0.00,,453000000
3d henti porn,"Informational, Commercial",720,"0.70,0.30,0.50,0.80,0.30,0.30,1.00,0.30,0.80,0.70,0.10,0.10",51,0.00,0.00,,95800000
3d hentia videos,Commercial,720,"0.03,0.01,1.00,0.02,0.52,0.27,0.03,0.05,0.03,0.03,0.01,0.02",37,0.00,0.00,,32500000
3d nudes,Informational,720,"1.00,0.45,0.16,0.18,0.07,0.61,0.82,0.23,0.61,0.61,0.16,0.45",18,0.00,0.00,,
3d por,Informational,720,"0.82,1.00,1.00,1.00,0.54,0.82,0.82,0.82,0.67,0.67,1.00,0.82",70,0.00,0.00,,1710000000
3d porn demoms torture,Informational,720,"1.00,0.00,0.00",9,0.00,0.00,,3520000
3d porn hard core,Informational,720,"0.30,1.00,1.00,1.00,0.20,0.20,0.10,0.56,0.68,0.56,0.02,0.05",27,0.00,0.00,,1330000000
3d porn toons,Informational,720,"1.00,0.24,0.36,0.05,0.05,0.13,0.10,0.01,0.05,0.10,0.13,0.13",28,0.00,0.00,,61900000
3d realistic porn,Commercial,720,"1.00,0.45,0.23,1.00,0.73,0.59,0.45,0.73,0.73,0.45,0.73,0.59",18,0.00,0.00,,53000000
animate cartoon sex,Informational,720,"0.13,0.55,1.00,0.45,0.67,0.67,0.13,0.45,0.36,0.55,0.55,0.45",35,0.00,0.00,,682000000
animated nude,Informational,720,"0.36,0.55,1.00,0.00,0.02,0.68,0.05,1.00,1.00,0.68,0.68,0.45",30,0.00,0.00,People also ask,494000000
animated porn movie,"Informational, Commercial",720,"0.00,1.00,0.83,0.34,0.00,0.00,0.03,0.83,1.00,0.62,0.55,0.62",21,0.00,0.00,,317000000
animated xvideo,Navigational,720,"0.00,0.00,1.00,0.05,0.04,1.00,0.05,0.08,0.00,0.01,0.27,0.20",43,0.00,0.00,Sitelinks,688000000
animation 3d sex,Informational,720,"0.00,0.62,0.00,0.44,0.00,0.01,0.04,1.00,1.00,0.81,0.55,0.62",38,0.00,0.00,,455000000
animator porn,"Informational, Transactional",720,"0.00,0.07,0.00,0.00,0.00,0.00,0.00,1.00,0.00,0.00,0.00,0.00",38,4.43,0.10,,
anime hentai 3d,Informational,720,"0.00,0.00,0.00,0.00,0.00,0.00,0.00,0.22,0.29,1.00,0.36,0.36",38,0.00,0.00,,379000000
backseat trip with my stepmother uncensored,Commercial,720,"0.00,0.00,0.00,0.00,0.00,0.00,0.00,0.00,0.00,0.36,1.00,0.65",0,0.00,0.00,,1170000
best 3d hentais,Commercial,720,"0.12,1.00,0.25,1.00,0.77,0.77,0.07,0.56,0.68,0.77,0.56,0.68",29,0.00,0.00,,383000000
best porn animators,Commercial,720,"0.14,0.57,0.14,0.71,0.57,0.29,0.57,0.43,0.14,0.00,0.00,1.00",30,0.00,0.00,"Sitelinks, People also ask",3750000
cartoon erotica,Informational,720,"0.05,0.00,0.00,0.00,0.00,1.00,0.00,0.79,0.55,0.79,0.79,0.55",32,0.50,0.02,People also ask,42200000
cartoon oorn,Informational,720,"0.72,0.72,0.88,0.88,1.00,0.88,0.88,0.72,0.72,0.59,0.59,0.72",63,0.00,0.00,,6260000
cartoon por tube,"Informational, Commercial",720,"0.12,1.00,1.00,1.00,0.68,0.68,0.12,0.44,0.12,0.77,0.02,0.12",60,0.00,0.00,,380000000
cartoon porn movies,Informational,720,"0.00,0.00,0.37,1.00,0.52,0.46,0.00,0.52,0.68,0.20,0.68,0.17",40,0.00,0.00,,903000000
cartoon prn,Informational,720,"1.00,1.00,0.80,1.00,0.67,1.00,1.00,1.00,1.00,1.00,1.00,0.80",66,0.00,0.00,,39000000
cartoonpron,Informational,720,"0.59,0.39,0.88,0.73,1.00,0.39,0.39,1.00,0.59,1.00,0.88,0.39",35,0.00,0.65,People also ask,114000
e621 inflation,Informational,720,"0.82,0.67,0.67,0.67,0.67,0.67,0.82,0.67,0.67,1.00,0.82,0.82",14,0.00,0.00,,746000
futa 3d animation,Informational,720,"0.24,0.45,0.62,0.55,0.30,0.20,0.30,0.81,1.00,0.10,0.36,0.24",31,0.00,0.00,,135000000
futanari sfm,Informational,720,"1.00,0.70,1.00,0.50,0.80,0.70,0.80,1.00,1.00,1.00,1.00,0.80",21,0.00,0.00,,18500000
gay 3d animated porn,Informational,720,"0.30,0.30,0.10,0.16,0.56,0.44,0.30,0.77,1.00,0.68,1.00,0.77",40,0.00,0.00,,476000000
hentai 3d animation,Informational,720,"0.00,0.00,1.00,0.00,0.00,0.00,0.00,0.00,0.00,0.24,0.00,0.00",35,0.00,0.00,,285000000
hentai 3d toon c porn,Informational,720,"1.00,0.00,0.00,0.00",58,0.00,0.00,,42700000
hentai3d porn,"Informational, Transactional",720,"0.28,1.00,1.00,0.44,0.19,0.67,0.44,0.44,0.56,0.19,0.44,0.36",44,0.00,0.00,,19300000
p r n dude,Navigational,720,"0.81,0.81,0.81,0.81,0.81,0.81,0.81,0.81,0.81,0.81,0.81,1.00",28,0.00,0.00,Sitelinks,35100000
porn 3d gif,Commercial,720,"0.20,1.00,0.62,0.24,0.29,0.44,0.80,0.55,0.29,0.29,0.15,0.20",48,0.00,0.00,,144000000
porn dude hentai,"Navigational, Transactional",720,"0.20,0.20,0.23,0.20,0.20,0.20,0.20,1.00,0.14,0.14,0.11,0.11",75,0.00,0.00,"Sitelinks, People also ask",119000000
porn video animation,"Informational, Navigational",720,"0.00,1.00,0.16,0.45,0.61,0.55,0.45,0.61,0.55,0.45,0.45,0.36",39,0.00,0.00,,848000000
pornhud cartoon,Navigational,720,"0.06,1.00,0.19,0.02,0.04,0.09,0.00,0.06,0.02,0.04,0.02,0.00",47,0.00,0.00,,2370000
pornude,Commercial,720,"1.00,1.00,1.00,1.00,1.00,1.00,1.00,1.00,1.00,1.00,1.00,1.00",20,0.00,0.00,,59400
pprndude,Informational,720,"0.81,0.67,0.81,0.67,0.67,0.67,0.81,0.67,0.67,0.81,0.81,1.00",13,0.00,0.00,,
rule34 animations,"Informational, Transactional",720,"0.06,0.13,0.15,0.19,0.31,0.38,0.38,0.31,0.15,1.00,0.52,0.52",22,0.00,0.00,,323000000
sexxx animation,"Informational, Transactional",720,"0.13,1.00,0.05,0.30,0.11,0.08,0.03,0.04,0.03,0.05,1.00,0.00",29,0.00,0.00,,22500000
videos hentay 3d,Commercial,720,"0.11,1.00,0.03,0.11,1.00,0.20,0.04,0.46,1.00,0.08,0.03,0.04",43,0.00,0.00,,26500000
xhamster animation,Navigational,720,"0.30,1.00,0.56,0.44,0.56,0.44,0.44,0.44,0.68,0.68,0.68,0.56",43,0.00,0.00,Sitelinks,71300000
xxxporn cartoons,"Informational, Transactional",720,"0.16,0.79,1.00,0.10,0.16,0.24,0.16,0.24,0.13,0.13,0.10,0.07",35,0.00,0.00,,20600000
3d animated futa,Informational,590,"0.84,0.11,0.00,0.08,1.00,0.11,0.37,0.00,0.02,0.13,0.52,0.16",22,0.00,0.00,,98600000
3d animation pron,Informational,590,"0.00,0.00,0.00,0.00,0.33,1.00,0.00,0.00,0.00,0.00,0.00,0.00",60,0.00,0.00,,89200000
3d anime futa,Informational,590,"0.72,0.48,0.21,0.59,0.59,0.88,1.00,0.72,0.72,0.72,0.72,0.48",24,0.00,0.00,,82600000
3d anime hen,Informational,590,"0.07,0.07,0.05,0.04,0.00,1.00,0.01,0.30,0.65,0.03,0.04,0.03",27,0.00,0.00,,116
3d anime henta,Informational,590,"0.07,1.00,0.05,0.03,0.08,0.16,0.01,0.30,0.08,0.65,0.04,0.03",40,0.00,0.00,,33500000
3d futa sex,Informational,590,"1.00,0.54,0.54,0.67,0.54,0.67,1.00,0.67,0.80,0.80,0.67,0.80",33,0.00,0.00,,467000000
3d gay anime porn,Informational,590,"0.30,0.06,0.03,0.08,0.05,0.16,0.10,0.76,1.00,0.76,1.00,1.00",31,0.00,0.00,,161000000
3d hardcore porn,Informational,590,"0.00,0.00,0.30,0.77,0.77,0.00,1.00,0.77,1.00,0.20,0.56,0.37",24,0.00,0.00,,861000000
3d hentai animations,Informational,590,"1.00,0.00,0.65,0.00,0.00,0.00,0.00,0.00,0.00,0.00,0.00,0.00",46,0.00,0.00,,94500000
3d hentai video,Commercial,590,"0.00,0.00,1.00,0.00,0.00,0.00,0.00,0.66,0.00,0.00,0.00,0.00",47,0.00,0.00,,80900000
3d henti videos,Commercial,590,"0.11,1.00,0.05,0.68,0.07,0.52,0.37,0.11,0.16,0.07,0.03,0.05",38,0.00,0.00,People also ask,71700000
3d porn movie,Informational,590,"0.00,0.38,0.71,0.88,0.71,0.31,0.71,1.00,0.71,1.00,0.25,0.25",18,0.00,0.00,,827000000
3d porn new,Informational,590,"0.44,1.00,0.55,0.44,0.82,0.82,0.55,1.00,1.00,0.82,0.82,0.82",61,0.00,0.00,,182000000
3d porn site,Commercial,590,"0.25,0.18,0.30,0.55,0.68,0.45,0.30,0.77,0.11,0.77,1.00,0.18",57,0.00,0.00,People also ask,1730000000
3d porn website,Commercial,590,"1.00,0.44,0.13,0.10,0.10,0.10,0.13,0.62,0.81,0.81,0.10,0.08",47,0.00,0.00,Sitelinks,1420000000
3d porn websites,Commercial,590,"0.11,0.72,0.72,0.88,0.72,0.88,0.59,0.08,0.13,0.04,1.00,0.88",62,0.00,0.00,,260000000
3d pron video,Informational,590,"0.19,0.02,0.08,0.08,0.25,0.69,0.06,1.00,0.06,0.52,0.06,0.04",62,0.00,0.00,,2370000000
3d rule34,"Navigational, Transactional",590,"1.00,0.00,0.29,0.46,0.16,1.00,0.46,1.00,0.16,0.46,0.00,0.37",28,0.00,0.00,,189000000
3d toon pporn,Informational,590,"0.12,1.00,1.00,0.07,0.25,0.30,0.10,0.10,0.16,0.77,0.77,0.77",65,0.00,0.00,,2690000
3d xvideo,Navigational,590,"0.00,1.00,0.16,0.13,0.25,0.08,0.31,0.37,0.25,0.20,0.52,0.31",31,0.00,0.00,Sitelinks,954000000
animated 3d sex,Transactional,590,"0.10,0.13,0.16,0.13,0.20,0.24,0.20,1.00,1.00,0.76,1.00,1.00",56,0.00,0.00,,320000000
animated bondage porn,Informational,590,"0.38,0.60,0.38,0.21,0.48,0.21,0.31,1.00,0.88,0.88,0.88,0.48",26,0.00,0.00,,92700000
animated poen,Informational,590,"0.02,0.01,0.01,0.43,0.01,1.00,0.03,0.03,0.02,0.03,0.01,0.02",44,0.00,0.00,"People also ask, Related searches",42200
animated porn 3d,Informational,590,"0.67,0.00,0.56,0.02,0.37,0.00,0.56,0.67,0.37,1.00,0.56,0.67",50,0.00,0.00,,705000000
animated porn anime,Informational,590,"0.30,1.00,0.76,0.15,0.30,0.19,0.13,0.67,1.00,0.15,0.19,0.15",57,0.00,0.00,,310000000
animated porn compilation,Informational,590,"0.15,0.30,0.02,0.55,0.03,0.20,0.36,0.12,0.82,1.00,0.45,0.62",30,0.00,0.00,,285000000
animated pornmovies,Informational,590,"0.13,1.00,0.06,0.04,0.02,0.15,0.00,0.30,0.83,0.04,0.06,0.02",26,0.00,0.00,,75500000
animated pornography,Informational,590,"0.26,0.11,0.16,0.21,0.42,0.26,0.16,1.00,1.00,0.79,0.79,0.68",46,0.00,0.00,,749000000
animated pron videos,Informational,590,"0.23,0.82,0.16,1.00,0.16,0.18,0.09,0.30,0.82,0.07,0.16,0.07",44,0.00,0.00,,94100000
animation movies porn,"Informational, Commercial",590,"0.34,1.00,0.06,0.04,0.08,0.15,0.04,0.30,0.09,0.04,0.06,0.02",29,0.00,0.00,,270000000
animation porn 3d,Informational,590,"0.41,0.00,0.10,1.00,0.30,0.16,0.08,0.20,0.13,0.13,0.41,0.08",34,0.00,0.00,,313000000
animation porn sex,Informational,590,"0.44,0.82,0.82,0.82,0.24,0.65,0.44,1.00,0.65,0.82,0.65,0.65",32,0.00,0.00,,766000000
animation porn uncensored,Informational,590,"0.00,0.00,0.00,0.00,0.00,0.08,0.00,0.00,0.00,1.00,0.02,0.02",21,0.00,0.00,,312000000
animation pornos,"Informational, Transactional",590,"0.11,0.66,0.06,0.00,0.00,0.14,0.00,0.29,1.00,0.06,0.03,0.00",53,0.00,0.00,,47700000
animation pron videos,Commercial,590,"0.10,1.00,0.07,0.17,0.17,0.24,0.03,0.34,1.00,1.00,0.07,0.03",49,0.00,0.00,,90400000
animation sexxx,Informational,590,"0.30,0.30,0.30,0.30,0.30,0.30,0.30,0.30,0.30,1.00,0.45,0.20",27,0.00,0.00,,21500000
animation34 space,"Informational, Transactional",590,"0.55,1.00,1.00,0.30,1.00,0.24,0.08,0.04,0.13,0.00,0.00,0.00",24,0.00,0.00,,63
animations of porn,"Informational, Transactional",590,"0.81,0.67,0.81,0.81,0.81,0.81,0.81,1.00,0.12,0.12,0.23,0.07",52,0.00,0.00,,77400000
animations porno,"Informational, Transactional",590,"0.00,1.00,0.00,0.00,0.00,0.00,0.00,0.00,0.00,0.00,0.00,0.00",44,0.00,0.00,,1160000000
anime 3d sex,Informational,590,"0.24,0.44,0.44,0.30,0.24,0.24,0.24,0.24,1.00,0.30,0.30,1.00",27,0.00,0.00,,666000000
anime porn 3d,Informational,590,"0.00,0.00,0.13,1.00,0.00,0.10,0.20,0.10,0.07,0.01,0.01,0.01",50,0.00,0.00,,596000000
animeted porn,Informational,590,"0.05,0.00,0.00,0.00,0.00,0.00,0.00,1.00,0.37,0.00,0.00,0.37",40,4.43,0.10,,251000000
animted sex,Informational,590,"0.03,0.16,1.00,0.05,0.07,0.08,0.05,0.13,0.01,0.00,0.03,0.02",24,0.00,0.00,,1610000000
best 3d porn sites,Commercial,590,"0.39,0.89,0.58,0.73,0.48,0.48,0.58,0.58,0.58,1.00,0.73,0.58",50,0.00,0.00,Sitelinks,1230000000
best 3dhentai,Commercial,590,"0.12,1.00,0.25,0.16,0.25,0.44,0.05,0.56,0.68,0.77,0.02,0.05",45,0.00,0.00,,42300000
best porn animated,Commercial,590,"0.23,0.15,0.23,1.00,0.08,0.08,0.08,0.23,0.00,0.23,0.00,0.08",36,0.00,0.00,,669000000
c g i porn,Informational,590,"0.18,1.00,0.04,0.00,0.00,0.00,0.00,0.00,0.00,1.00,1.00,1.00",49,0.00,0.00,,60800000
cartoo porn.com,Informational,590,"0.24,0.81,0.81,0.00,0.00,0.00,0.00,0.00,0.00,0.81,1.00,0.81",63,0.00,0.00,,33900000
cartoon pornmovies,Informational,590,"0.24,1.00,0.15,0.00,0.80,1.00,0.05,0.29,0.80,0.29,0.05,0.04",71,0.00,0.00,,85700000
free cartoon sex free,Informational,590,"0.30,0.56,1.00,0.37,0.68,0.00,0.12,0.04,0.68,0.56,0.56,0.44",62,0.00,0.00,,774000000
free sex cartoon,Informational,590,"1.00,0.24,0.02,0.30,0.02,0.24,0.02,0.30,0.36,0.20,0.16,0.16",69,0.00,0.00,,880000000
futa animation 3d,Informational,590,"0.30,1.00,0.36,0.45,0.45,0.36,0.24,0.36,0.30,0.20,0.36,0.24",25,0.00,0.00,,155000000
hard core 3d porn,Informational,590,"0.30,1.00,0.25,0.44,0.37,0.44,0.44,0.56,0.44,0.30,0.30,0.44",20,0.00,0.00,,1580000000
hentia 3d videos,Informational,590,"0.09,1.00,0.05,0.07,0.02,0.19,0.05,0.47,1.00,0.05,0.07,0.05",54,0.00,0.00,,22400000
movies sex cartoon,Informational,590,"0.39,0.73,0.06,0.58,0.89,0.58,0.16,0.58,0.48,0.58,1.00,0.58",19,0.00,0.00,,386000000
newest 3d porn,Informational,590,"0.39,0.72,0.72,0.72,1.00,0.72,0.59,0.72,0.59,0.47,0.72,0.72",61,0.00,0.00,,1840000000
noelle silva nude,Informational,590,"0.43,0.35,0.80,0.80,0.35,0.80,0.35,1.00,0.28,0.67,0.67,0.54",20,0.00,0.00,,
oorndude,Navigational,590,"0.45,0.45,0.45,0.45,0.55,0.45,0.55,0.55,0.55,0.55,0.45,1.00",20,0.00,0.00,"Sitelinks, People also ask",2530
por core,"Navigational, Transactional",590,"1.00,0.29,0.09,0.06,0.13,0.16,0.00,0.16,0.24,0.00,0.00,0.67",58,2.94,0.29,,
porecore,Navigational,590,"0.59,0.59,0.59,0.59,0.59,0.71,0.88,1.00,0.59,0.32,0.47,0.24",19,1.08,0.95,"Sitelinks, Image",284000
porn carton.com,Informational,590,"0.24,0.81,0.81,0.00,0.00,0.00,0.00,0.00,0.00,0.81,1.00,0.81",65,0.00,0.00,,80000000
porn ddude,Navigational,590,"0.44,0.08,0.13,1.00,0.03,0.00,0.20,0.24,0.13,0.24,0.08,0.16",88,1.69,0.00,Sitelinks,531000000
porn dupe,"Informational, Commercial",590,"0.39,0.73,0.58,0.58,0.32,0.73,1.00,0.48,0.48,0.48,0.39,0.39",21,0.00,0.00,,8760000
porn movies animated,"Informational, Commercial",590,"0.13,1.00,0.06,0.04,0.02,0.19,0.00,0.19,0.83,0.04,0.06,0.02",27,0.00,0.00,,255000000
porn with animation,Informational,590,"0.14,0.78,0.06,0.06,0.08,0.19,0.00,0.36,1.00,0.03,0.06,0.03",40,0.00,0.00,,745000000
pornanimation,Informational,590,"1.00,0.02,0.00,0.03,0.00,0.00,0.00,0.00,0.00,0.00,0.00,0.18",32,0.00,0.00,,
porndude.con,"Navigational, Commercial",590,"0.81,0.81,0.81,0.81,0.81,0.81,0.81,0.81,0.81,1.00,1.00,1.00",85,0.00,0.00,"Sitelinks, People also ask",12300000
pornhub animations,"Navigational, Transactional",590,"0.00,0.67,0.00,0.00,0.00,0.00,0.00,1.00,0.29,0.21,0.67,1.00",41,0.00,0.00,,134000000
pov animation porn,Commercial,590,"0.27,0.02,0.01,0.03,0.13,0.13,0.02,1.00,0.04,0.13,0.03,0.04",25,0.00,0.00,,260000000
real3d porn,Informational,590,"0.24,1.00,0.16,0.10,0.04,0.36,1.00,0.45,0.81,0.05,0.08,0.36",18,0.00,0.00,,374000
sex movies in cartoon,Informational,590,"0.39,0.73,0.58,0.58,0.89,0.58,0.16,0.58,0.48,0.58,1.00,0.58",22,0.00,0.00,,503000000
the porm dude,Navigational,590,"1.00,0.48,0.48,0.48,0.59,0.59,0.59,0.72,0.48,0.72,0.59,0.72",39,0.00,0.00,Sitelinks,
toon movie porn,Informational,590,"0.20,0.84,1.00,0.08,0.37,0.52,0.04,0.25,0.20,0.05,0.05,0.05",28,0.00,0.00,,55400000
uncensored 3d hentia,"Informational, Transactional",590,"0.10,0.81,0.20,0.36,0.16,0.16,0.55,1.00,0.10,0.62,0.06,0.08",25,0.00,0.00,,40400000
xvideo sfm,Navigational,590,"1.00,0.00,0.37,0.21,0.42,0.16,0.11,0.16,0.05,0.05,0.11,0.11",30,0.00,0.00,,12200000
xxx animated,Informational,590,"0.00,0.00,0.06,0.75,0.75,1.00,0.75,0.63,0.63,0.50,0.63,0.63",56,0.00,0.00,,1700000000
سكس كارتن,Informational,590,"0.00,1.00,0.00,0.00,0.44,0.00,0.00,0.00,0.00,0.00,0.00,0.00",57,0.00,0.00,,8380000
3d cartoon pornography,Informational,480,"0.43,0.00,0.00,0.00,0.29,1.00,0.00,0.29,0.00,0.14,0.14,0.14",66,0.00,0.00,,248000000
3d compilation porn,Commercial,480,"0.30,0.05,0.03,0.04,0.41,0.07,0.05,1.00,0.04,0.20,0.02,0.16",27,0.00,0.00,,916000000
3d fucking,Informational,480,"0.00,1.00,0.00,0.00,0.00,0.00,0.00,0.00,0.00,0.00,0.00,0.00",35,0.00,0.00,,960000000
3d futanari pornos,Informational,480,"0.00,0.00,0.00,0.00,0.00,1.00,0.00,0.00,0.00,0.00,0.00,0.00",33,0.00,0.00,,469000000
3d gay animated porn,Informational,480,"0.30,0.45,0.24,0.10,0.76,0.67,0.45,0.24,1.00,0.20,0.20,0.24",30,0.00,0.00,,310000000
3d giantess porn,Informational,480,"0.35,0.44,1.00,0.81,0.81,0.81,0.66,0.81,1.00,0.81,0.81,0.81",17,0.00,0.00,,22500000
3d henati videos,"Informational, Transactional",480,"0.11,1.00,0.03,0.03,0.08,0.16,0.02,0.46,1.00,0.04,0.07,0.04",30,0.00,0.00,,42000000
3d hentai rape,Informational,480,"0.00,0.00,0.00,0.00,0.00,1.00,0.00,0.00,0.00,0.00,0.00,0.00",4,0.00,0.00,,32300000
3d hential,Commercial,480,"0.45,0.18,0.73,0.59,0.14,0.32,0.09,0.73,1.00,1.00,0.09,0.09",41,0.00,0.00,,2110000
3d new porn,Commercial,480,"0.53,1.00,1.00,1.00,1.00,0.53,0.44,0.80,0.44,0.80,0.67,0.67",61,0.00,0.00,,785000000
3d porm,Informational,480,"0.66,0.66,0.81,0.66,0.81,0.66,1.00,0.54,0.54,0.66,0.54,0.54",66,0.00,0.00,,68200000
3d porn almost real,Informational,480,"1.00,0.00,0.00,0.00,0.00",,0.00,0.00,,87900000
3d porn taboo,"Informational, Transactional",480,"0.44,0.11,0.19,0.83,0.28,0.22,0.56,1.00,0.67,0.83,0.56,0.56",18,0.00,0.00,,253000000
3d porn with animals,"Informational, Commercial",480,"0.30,1.00,0.20,0.10,0.20,0.20,0.05,0.56,0.77,0.12,0.07,0.07",22,0.00,0.00,,39200000
3d porn with monsters,Informational,480,"0.43,0.00,0.00,0.00,0.29,1.00,0.00,0.29,0.00,0.00,0.14,0.14",36,0.00,0.00,,1760000000
3d pron site,Commercial,480,"0.00,0.76,0.76,0.01,0.01,0.01,0.01,0.76,0.01,0.01,0.76,1.00",61,0.00,0.00,,113000000
3d sex cartoon,Informational,480,"0.00,0.00,0.30,0.45,1.00,0.36,0.24,0.76,0.67,0.45,0.16,0.20",54,0.00,0.00,,99700000
3d sex with monsters,Informational,480,"0.30,1.00,0.20,0.44,0.20,0.16,0.44,0.56,0.44,0.16,0.12,0.20",34,0.00,0.00,,80600000
3d sexxx,Informational,480,"0.43,0.00,0.00,0.00,0.00,1.00,0.00,0.29,0.00,0.00,0.14,0.14",65,0.00,0.00,,2010000000
3dporn cartoons,Informational,480,"0.60,0.00,0.00,0.00,0.20,1.00,0.00,0.20,0.00,0.20,0.00,0.20",64,0.00,0.00,,36000000
3d色情动漫,Informational,480,"0.53,0.80,0.36,0.29,1.00,1.00,1.00,0.53,0.53,0.36,0.53,0.67",30,0.00,0.00,,33200000
3porn,Informational,480,"1.00,0.29,0.54,0.36,0.54,0.82,1.00,0.82,0.67,0.67,0.67,0.82",22,0.00,0.00,,60700
adult porn cartoons,Informational,480,"0.20,0.16,0.08,0.08,0.20,0.30,0.45,0.24,0.24,0.24,1.00,0.55",55,0.00,0.00,,36000000
adult sex cartoons,Commercial,480,"0.65,0.65,1.00,0.65,0.40,0.15,0.20,0.25,0.65,0.15,0.65,0.80",35,1.01,0.01,,141000000
amimated porn,"Informational, Transactional",480,"0.11,0.11,1.00,0.05,0.13,0.00,0.11,0.34,0.03,0.05,0.05,0.00",44,4.43,0.10,,1250000000
animate porn,Commercial,480,"0.00,0.05,0.00,0.00,0.00,0.20,0.00,1.00,0.80,0.55,0.62,1.00",38,0.00,0.00,,1470000000
animated black porn,"Informational, Transactional",480,"0.29,0.12,0.19,0.04,1.00,0.29,0.16,0.54,0.37,0.24,0.29,0.19",34,0.00,0.00,People also ask,109000000
animated porn sex,Informational,480,"0.39,0.08,0.06,0.08,0.06,0.48,0.13,1.00,0.89,0.89,0.89,0.89",33,0.00,0.00,,836000000
animated porn sites,Commercial,480,"1.00,0.44,0.36,0.36,0.28,0.36,0.36,0.44,0.83,0.44,0.44,1.00",54,0.00,0.00,,465000000
animated porn websites,Commercial,480,"0.08,1.00,0.47,0.59,0.39,0.59,0.39,0.39,0.39,0.47,0.47,0.59",56,0.00,0.00,People also ask,128000000
animated porn xvideos,"Navigational, Transactional",480,"0.06,1.00,0.36,0.36,0.36,0.30,0.30,0.24,0.30,0.30,0.30,0.30",44,0.00,0.00,,91900000
animated sex movies,Informational,480,"0.00,0.00,0.00,0.05,0.45,0.00,0.00,0.55,0.30,0.62,1.00,0.62",19,0.00,0.00,Sitelinks,407000000
animation 3d porn,Informational,480,"0.00,0.26,0.68,1.00,0.00,0.16,0.11,0.21,0.11,0.21,0.11,0.11",57,0.00,0.00,,335000000
animation of porn,Transactional,480,"0.00,0.52,1.00,0.03,0.03,0.08,0.08,0.00,0.00,0.00,0.00,0.00",40,0.00,0.00,,144000000
animation porn website,Informational,480,"0.30,1.00,0.20,0.44,0.20,0.25,0.25,0.16,1.00,0.12,0.01,0.16",57,0.00,0.00,Sitelinks,419000000
animation uncensored porn,"Informational, Transactional",480,"0.20,1.00,0.07,0.05,0.20,0.08,0.04,0.11,0.68,0.68,0.05,0.05",24,0.00,0.00,,216000000
anime animated porn,Commercial,480,"0.30,1.00,0.16,0.44,0.37,0.25,0.56,0.16,0.44,0.30,0.37,0.37",43,0.00,0.00,,352000000
animetion porn,Informational,480,"0.00,0.00,0.54,0.54,1.00,0.29,0.67,1.00,0.54,0.00,0.00,0.00",43,0.00,0.00,,1160000000
best of 3d porn,Commercial,480,"0.28,0.00,0.10,0.10,0.10,0.76,0.07,0.10,0.07,1.00,0.10,0.07",34,0.00,0.00,,1860000000
cartoom porn com,Informational,480,"0.00,0.00,0.00,1.00,0.81,1.00,0.06,0.45,0.81,0.00,0.00,0.00",65,0.00,0.00,,45100000
cartoon characters pron,Informational,480,"0.10,1.00,0.13,0.10,0.16,0.24,0.03,0.30,0.81,0.81,0.10,0.06",20,0.00,0.00,,83000000
cartoon por videos,Informational,480,"0.00,0.01,0.01,0.10,0.45,0.45,0.81,1.00,0.45,0.03,0.06,0.04",62,0.00,0.00,,596000000
cartoon porm movies,Informational,480,"0.24,1.00,0.15,0.01,0.13,1.00,0.06,0.30,0.81,0.10,0.10,0.06",64,0.00,0.00,,139000000
cartoon porni,Informational,480,"0.30,0.10,0.00,1.00,0.00,0.00,0.00,0.00,0.00,0.00,0.00,0.00",66,0.00,0.00,,4920000
cartoon sex film,"Informational, Commercial",480,"0.00,0.72,0.59,0.59,0.88,0.59,0.00,0.59,0.48,0.59,1.00,0.59",17,0.00,0.00,,645000000
cartoon sex movies,Informational,480,"1.00,0.16,0.25,0.16,0.16,0.30,0.44,0.37,0.37,0.44,0.44,0.20",35,0.00,0.00,,1990000000
cartoon sexual movie,Informational,480,"0.39,0.73,0.58,0.58,0.32,0.48,0.10,0.58,0.21,0.58,1.00,0.32",44,0.00,0.00,,578000000
cartoons porn 3d,Informational,480,"0.06,0.00,0.00,0.02,0.03,0.12,0.00,0.03,0.00,0.03,0.00,1.00",55,0.00,0.00,,259000000
cartoons porno free,Informational,480,"0.00,0.00,0.00,1.00,0.00,0.00,0.00,0.00,0.00,0.00,0.00,0.00",51,0.00,0.00,,705000000
cartton porn com,Informational,480,"0.00,0.00,0.00,1.00,0.81,1.00,0.06,0.45,0.81,0.00,0.00,0.00",70,0.00,0.00,,42400000
cartton porn videos,Informational,480,"0.00,0.00,0.00,0.00,0.00,0.00,0.00,0.00,0.00,1.00,0.54,1.00",59,0.00,0.00,,1060000000
free animations porn,Informational,480,"0.05,0.16,0.06,0.08,0.20,0.20,0.08,0.08,0.81,0.30,1.00,0.30",70,0.00,0.00,,145000000
free cartoon pornography videos,Informational,480,"0.39,0.73,0.06,0.02,0.89,0.89,0.16,0.58,1.00,1.00,0.03,0.10",40,0.00,0.00,,815000000
free cartoon sex,Informational,480,"0.68,0.54,0.84,0.54,1.00,0.68,0.68,0.35,0.43,0.84,0.30,0.35",57,0.00,0.00,,1380000000
free porn animated,Informational,480,"0.00,0.20,0.40,0.40,0.40,0.20,0.40,0.40,0.60,0.60,1.00,0.40",73,0.00,0.00,,509000000
free porn cartoons,Informational,480,"0.54,0.54,0.62,0.62,0.54,0.62,0.62,0.62,0.62,0.62,0.62,1.00",58,0.00,0.00,,3370000000
free pron animation,Informational,480,"0.05,0.15,0.06,0.08,0.19,0.19,0.08,0.08,0.81,0.30,1.00,0.30",69,0.00,0.00,,110
free sex cartoons,Informational,480,"0.13,0.13,0.72,0.47,0.72,0.32,0.39,1.00,0.47,0.32,0.88,0.21",68,0.00,0.00,,113000000
freeporn cartoons,Informational,480,"0.30,0.00,1.00,0.30,0.10,0.00,0.00,0.00,0.00,0.00,0.00,0.00",59,0.00,0.00,,271000000
gay 3d animation porn,Informational,480,"0.12,0.10,0.67,0.44,0.05,0.67,1.00,0.67,0.81,0.67,0.54,0.54",30,0.00,0.00,,245000000
gay 3d anime porn,Informational,480,"0.30,1.00,0.25,0.16,0.37,0.25,0.44,0.56,0.10,0.25,0.20,0.30",34,0.00,0.00,,268000000
gay porn 3d animated,Informational,480,"0.30,1.00,0.12,0.16,0.20,0.30,0.04,0.56,0.44,0.77,0.07,0.37",38,0.00,0.00,,348000000
hentai 3d videos,Commercial,480,"0.00,0.00,0.00,0.00,1.00,0.00,0.00,0.00,0.66,0.00,0.00,0.00",56,0.00,0.00,,467000000
hentai 3d xxx,Informational,480,"0.00,0.00,0.00,0.00,0.00,0.00,0.00,0.52,1.00,0.00,0.00,0.00",24,0.00,0.00,,83900000
hental cartoons,Informational,480,"0.02,1.00,0.00,0.08,0.00,0.02,0.03,0.05,0.02,0.05,0.05,0.00",61,0.00,0.33,,1620000
new animated porn,Informational,480,"0.13,0.00,0.55,0.45,0.24,0.36,0.36,0.36,0.76,0.24,0.30,1.00",60,0.00,0.00,,732000000
porcire,Navigational,480,"0.80,0.70,0.80,0.70,0.80,0.00,0.00,0.00,0.00,0.00,1.00,0.00",17,1.64,0.23,Sitelinks,261000
porn 3d anime,Informational,480,"0.15,0.00,0.00,1.00,0.00,0.00,0.00,0.00,0.15,0.00,0.00,0.00",47,0.00,0.00,,285000000
porn 3d monster,"Informational, Commercial",480,"0.58,0.42,0.00,0.00,0.00,0.00,0.83,1.00,0.25,0.67,0.00,0.67",37,0.00,0.00,People also ask,181000000
porn 3d toons,Commercial,480,"0.30,1.00,0.30,0.30,0.30,0.30,0.30,0.18,0.16,0.55,0.45,0.45",48,0.00,0.00,,61100000
porn animated series,Informational,480,"0.30,1.00,0.06,0.01,0.12,0.12,0.12,0.16,1.00,1.00,0.07,0.07",32,0.00,0.00,,171000000
porn animatioj,Informational,480,"0.00,0.00,0.00,0.00,0.00,0.00,0.00,0.00,0.00,0.00,0.00,1.00",43,0.00,0.00,,806000000
porn animation 3d,Informational,480,"0.31,0.31,0.88,0.88,0.06,0.15,1.00,0.60,0.08,1.00,0.60,0.25",39,0.00,0.00,,314000000
porn dode,Navigational,480,"0.07,0.02,0.02,0.02,1.00,0.01,0.03,0.01,0.02,0.00,0.00,0.02",51,3.30,0.00,Sitelinks,671000
porn hub animation,Navigational,480,"0.00,0.00,1.00,0.00,1.00,0.00,0.00,0.00,0.00,0.00,0.00,0.00",40,0.00,0.00,,222000000
porndude],Navigational,480,"0.82,0.00,0.09,0.09,0.05,0.00,0.05,0.07,0.07,0.61,1.00,0.82",73,1.69,0.00,Sitelinks,41100000
pornhob vr,Navigational,480,"0.71,0.00,0.00,0.00,0.29,1.00,0.00,0.00,0.71,0.43,0.43,0.14",43,0.00,0.00,Sitelinks,1270000
pornography hentai,Commercial,480,"0.00,0.00,0.00,0.00,0.00,1.00,0.00,0.00,0.00,0.00,0.00,0.00",76,0.00,0.00,,648000000
real porn in 3d,Informational,480,"0.24,1.00,0.16,0.13,0.24,0.36,0.04,0.45,0.81,0.05,0.08,0.04",24,0.00,0.00,,1670000000
sex cartoon pron,Informational,480,"0.20,1.00,0.03,0.04,0.46,0.52,0.05,0.11,0.05,0.11,0.05,0.05",68,0.00,0.00,,73600000
site porn 3d,Informational,480,"0.01,0.00,0.01,0.00,0.00,0.00,0.06,0.45,0.62,0.62,1.00,0.62",61,0.00,0.00,,939000000
the porn dude hentai,Navigational,480,"0.05,0.05,0.08,0.08,0.07,0.08,0.08,0.05,1.00,0.05,0.07,0.05",81,0.00,0.00,Sitelinks,215000000
toon gif porn,Commercial,480,"0.30,0.30,0.25,0.12,1.00,0.16,0.56,0.56,0.44,0.12,0.20,0.20",25,0.00,0.00,,23300000
toon sex movies,"Informational, Commercial",480,"0.44,0.82,1.00,0.65,0.29,0.65,0.65,0.65,0.36,0.44,0.55,0.65",55,0.00,0.00,,41300000
порно 3д,Informational,480,"0.00,0.00,0.00,0.00,0.00,0.00,0.82,1.00,0.00,0.00,0.00,0.00",,0.00,0.00,,5720000
3 dimensional porn,Informational,390,"0.30,1.00,0.25,0.10,0.04,0.16,0.05,0.56,0.12,0.77,0.07,0.05",69,0.00,0.00,,2130000000
3d animated porn gif,Informational,390,"0.54,0.36,0.44,0.66,0.36,0.44,0.66,1.00,0.66,0.66,0.44,0.54",12,0.00,0.00,,122000000
3d animeporn,Commercial,390,"1.00,0.00,0.00,0.00,0.50,1.00,0.00,0.00,0.00,0.00,0.00,0.00",29,0.00,0.00,,44400000
3d cartoons porn,Informational,390,"0.00,0.00,0.12,0.55,0.00,0.00,0.06,0.36,0.15,0.24,0.15,1.00",43,0.00,0.00,,16100000
3d disney porn,Informational,390,"0.36,0.44,0.54,0.54,0.67,0.67,0.54,1.00,0.67,0.67,0.67,0.67",18,0.00,0.00,,26900000
3d forced porn,Informational,390,"0.67,0.67,0.67,1.00,0.67,0.67,0.56,1.00,0.83,0.83,0.67,0.67",12,0.00,0.00,,168000000
3d heitai,Commercial,390,"0.15,0.23,0.05,0.44,1.00,0.36,0.15,0.15,1.00,0.67,0.54,0.54",36,0.00,0.00,,43000000
3d hentai 2025,Transactional,390,"1.00,0.00,0.00,0.00,0.00,0.00,0.00,0.00,0.00",22,0.00,0.00,,179000000
3d hentai fuck,Informational,390,"0.00,0.00,0.00,1.00,0.00,0.00,0.00,0.00,0.00,0.00,0.00,0.00",52,0.00,0.00,,258000000
3d henti sex,Informational,390,"0.28,0.44,0.44,0.36,0.44,0.81,1.00,0.81,0.81,0.81,0.54,0.67",42,0.00,0.00,,89000000
3d hentia sex,Informational,390,"0.28,0.44,1.00,0.67,0.81,0.81,0.54,0.67,0.81,0.67,0.67,0.67",41,0.00,0.00,,2110000
3d in porn,Commercial,390,"1.00,0.05,0.00,0.14,0.18,0.59,0.05,0.36,0.09,0.45,0.00,0.00",62,0.00,0.00,,2490000000
3d monster porno,Informational,390,"0.00,0.00,0.00,0.00,1.00,0.00,0.00,0.00,0.00,0.00,0.00,0.00",33,0.00,0.00,,395000000
3d moster porn,Informational,390,"0.00,0.37,0.19,0.19,0.13,0.24,0.67,1.00,0.56,0.02,0.02,0.44",30,0.00,0.00,,373000000
3d porn best,Commercial,390,"0.08,1.00,0.08,0.12,0.00,0.08,0.12,0.00,0.02,0.37,0.11,0.37",34,0.00,0.00,,1140000000
3d porn forced,Informational,390,"0.11,0.36,0.67,1.00,0.67,0.53,0.67,0.53,0.53,0.53,0.67,0.53",11,0.00,0.00,,103000000
3d porn hentai,Informational,390,"0.00,0.00,0.00,0.00,0.00,0.00,0.00,0.65,0.00,0.00,1.00,0.00",59,0.00,0.00,,433000000
3d pornanimation,Informational,390,"1.00,0.00,0.10,0.30,0.50,0.50,0.10,0.20,0.40,0.70,0.00,0.10",58,0.00,0.00,,4650000
3d porntoons,Commercial,390,"0.28,1.00,0.08,0.14,0.22,0.28,0.28,0.19,0.14,0.44,0.28,0.36",50,0.00,0.00,,1870000
3d sex cartoons,Informational,390,"0.36,0.10,0.10,0.08,0.05,0.55,1.00,0.55,0.08,0.30,0.05,0.08",38,0.00,0.00,,102000000
3d toon por,Informational,390,"0.13,1.00,1.00,0.16,0.20,0.24,0.10,0.10,0.06,0.16,0.08,0.06",50,0.00,0.00,,
3dhentai uncensored,Commercial,390,"0.32,0.14,0.32,0.14,0.05,0.45,0.05,0.73,1.00,1.00,0.09,0.23",30,0.00,0.00,,42700000
3dx porn,Informational,390,"0.50,0.80,1.00,0.80,1.00,1.00,1.00,0.80,1.00,0.80,0.80,0.65",25,0.00,0.00,,4540000
3dxxxx,Commercial,390,"1.00,0.67,0.13,0.20,0.36,0.20,0.36,0.00,0.45,0.30,0.20,0.20",15,3.60,0.08,,181000
abimated porn,Commercial,390,"0.00,0.00,0.00,0.00,0.84,1.00,0.84,0.00,0.16,0.05,0.00,0.00",38,0.00,0.00,,1740000000
animated gay porn 3d,Informational,390,"0.30,1.00,0.16,0.12,0.12,0.16,0.10,0.56,0.10,0.10,0.07,0.16",34,0.00,0.00,,554000000
animated porn free,"Informational, Commercial",390,"1.00,0.00,0.00,0.00,0.33,0.00,0.00,0.67,0.00,0.67,0.67,1.00",53,0.00,0.00,,674000000
animated porn futa,Informational,390,"0.15,0.44,0.66,0.81,0.81,0.81,0.81,0.81,0.81,0.81,1.00,1.00",31,0.00,0.00,,110000000
animated porn website,Informational,390,"0.03,0.03,0.44,0.22,0.19,0.36,1.00,0.14,0.83,0.22,0.14,0.14",44,0.00,0.00,"Sitelinks, People also ask",729000000
animatedpornvideos,Informational,390,"0.67,0.29,1.00,0.29,0.53,0.80,1.00,0.29,0.18,0.18,0.29,0.13",43,0.00,0.00,,7340000
animation porn hd,Informational,390,"0.24,1.00,0.04,0.08,0.44,0.44,0.04,0.19,0.06,0.19,0.15,0.15",24,0.00,0.00,,398000000
animation porn vids,Transactional,390,"0.00,0.83,0.28,0.67,0.56,0.28,0.67,0.19,0.36,0.28,1.00,0.00",47,0.00,0.00,,697000000
animationporn videos,Informational,390,"0.00,0.00,0.00,0.00,0.88,1.00,0.00,0.25,0.88,0.00,0.00,0.00",59,0.00,0.00,,3260000
animations sex,Informational,390,"0.00,0.39,0.88,1.00,0.59,0.26,0.32,0.48,0.21,0.21,0.09,0.05",32,1.51,0.00,,2490000000
anime hardsex,Informational,390,"0.20,1.00,0.05,0.05,0.08,0.11,0.05,0.37,0.05,0.11,0.06,0.05",,0.00,0.00,,147000000
anime porn3d,Transactional,390,"0.67,0.00,0.00,0.33,0.00,0.00,0.00,0.00,0.00,1.00,0.00,0.00",52,0.00,0.00,People also ask,5600000
anna skyler porn,"Informational, Transactional",390,"0.18,1.00,0.81,0.81,1.00,0.81,1.00,1.00,1.00,1.00,0.66,0.66",18,0.00,0.00,,1440000
best 3d animated porn,Commercial,390,"0.15,0.44,0.65,1.00,0.65,0.55,0.55,0.55,0.65,0.44,0.44,0.65",32,0.00,0.00,,336000000
best 3d henti,Commercial,390,"0.13,1.00,1.00,0.16,0.20,0.20,0.03,0.55,0.36,0.10,0.03,0.05",44,0.00,0.00,,51400000
cartoon new porn,Informational,390,"0.39,0.10,0.05,0.12,1.00,1.00,0.07,0.12,0.17,0.12,0.59,0.10",50,0.00,0.00,,915000000
cartoon porb,Informational,390,"0.81,1.00,1.00,0.81,1.00,1.00,0.81,1.00,0.81,0.67,0.81,0.81",56,0.00,0.00,,3680000
cartoon porn free,Informational,390,"0.80,0.70,0.70,0.50,0.50,0.80,0.80,1.00,1.00,0.80,0.80,0.40",72,0.00,0.00,,1290000000
cartoon porne,Informational,390,"1.00,0.19,0.56,0.11,0.56,0.14,0.28,0.56,0.56,0.56,0.56,0.56",53,0.00,0.00,,9040000
cartoon pornhob,Navigational,390,"0.00,0.00,0.00,0.00,0.04,0.13,0.04,0.04,0.67,1.00,0.08,0.04",37,0.00,0.00,Sitelinks,24200000
cartoon pron com,Informational,390,"0.00,0.00,0.00,0.00,0.81,1.00,0.06,0.45,0.81,0.00,0.00,0.08",58,0.00,0.00,,107000000
cartoon pron movie,Informational,390,"0.10,1.00,0.06,0.06,0.13,0.30,0.06,0.30,0.81,0.10,0.10,0.06",45,0.00,0.00,,155000000
cartoon pron sites,Commercial,390,"0.29,1.00,0.06,0.01,0.19,0.24,0.04,0.54,1.00,0.07,0.00,0.04",55,0.00,0.00,,152000000
cartoonporn sites,Commercial,390,"0.29,1.00,0.19,0.10,0.37,0.24,0.07,0.16,0.29,1.00,0.00,0.07",47,0.00,0.00,,21000000
cartoonporn.com,Navigational,390,"0.36,0.01,0.01,0.00,0.00,0.00,0.00,0.00,0.00,1.00,0.81,1.00",63,0.00,0.00,Sitelinks,31500000
dude porn.com,Navigational,390,"1.00,0.20,0.00,0.00,0.00,0.00,0.00,0.00,0.00,1.00,0.76,0.01",87,0.00,0.00,Sitelinks,597000000
edporn,Informational,390,"0.36,1.00,0.44,0.44,0.82,0.54,0.67,0.36,0.36,0.36,0.44,0.44",19,0.36,0.07,,163000
erome 3d,"Navigational, Transactional",390,"0.66,0.54,0.81,0.81,1.00,0.81,1.00,0.81,1.00,0.35,0.44,0.66",16,0.00,0.00,,68400000
erome animation,"Navigational, Transactional",390,"0.29,0.36,0.44,0.44,0.54,0.54,0.66,0.66,1.00,0.36,1.00,0.44",16,0.00,0.00,,61800000
free cartoon sex videos,Informational,390,"0.54,0.44,0.81,0.54,0.28,0.81,0.67,0.81,1.00,0.67,0.81,0.67",65,0.00,0.00,,
hentai 3d monster,Informational,390,"0.13,0.03,0.08,0.07,0.01,0.07,0.07,1.00,0.01,0.00,0.03,0.04",10,0.00,0.00,,79800000
hentai extreme,Informational,390,"0.11,0.08,0.08,0.08,0.07,0.01,0.11,1.00,0.00,0.05,0.01,0.01",31,0.00,0.00,,139000000
hentaimovie,Informational,390,"0.37,1.00,0.47,0.00,0.00,0.02,0.02,0.00,0.02,0.02,0.02,0.02",23,0.00,0.00,,1690000
hentia 3d porn,Informational,390,"0.36,0.00,0.00,0.04,0.07,0.00,0.00,0.00,0.00,0.07,1.00,0.04",45,0.00,0.00,,22500000
jedi survivor porn,Informational,390,"0.10,0.25,0.65,0.40,1.00,1.00,0.50,0.25,0.15,0.15,0.10,0.15",2,0.00,0.00,,149000
movies cartoon sex,Informational,390,"0.44,0.82,0.09,0.65,1.00,0.65,0.11,0.65,0.55,0.15,0.04,0.11",35,0.00,0.00,Sitelinks,507000000
naked cartoon sex,"Informational, Transactional",390,"0.13,0.13,0.67,0.67,0.80,0.53,0.53,1.00,1.00,1.00,1.00,0.80",32,0.00,0.00,,348000000
phub animations,Navigational,390,"0.00,0.00,1.00,0.00,1.00,1.00,0.00,0.00,1.00,0.00,0.00,0.00",38,0.00,0.00,,130
poen cartoons,Informational,390,"0.19,0.81,0.67,0.67,1.00,0.29,0.15,0.19,0.23,0.10,0.67,0.07",71,0.00,0.00,,95000
porcore porn,Navigational,390,"0.81,0.81,1.00,0.81,0.81,0.67,0.67,0.67,0.81,1.00,0.67,0.67",16,0.00,0.00,Sitelinks,270000
porn 3d porn,Informational,390,"1.00,0.00,0.08,0.17,0.17,0.58,0.00,0.33,0.08,0.42,0.00,0.00",72,0.00,0.00,,1970000000
porn animated 3d,Commercial,390,"0.00,0.00,0.00,0.00,1.00,0.00,0.00,1.00,1.00,1.00,1.00,1.00",43,0.00,0.00,,722000000
porn animated cartoon,Commercial,390,"0.00,1.00,0.00,0.00,0.00,0.05,0.00,0.02,0.00,0.00,0.00,0.00",51,0.00,0.00,People also ask,217000000
porn animation site,Informational,390,"0.30,0.07,0.16,1.00,1.00,0.12,0.04,0.06,0.05,0.30,0.20,1.00",65,0.00,0.00,Sitelinks,683000000
porn animation.,Informational,390,"1.00,0.00,0.00,0.00,0.00,0.00,0.00,0.00,0.00,0.00,0.00,0.00",,1.02,0.00,,1050000000
porn animator,"Informational, Commercial",390,"0.00,0.00,0.00,0.00,0.00,0.55,1.00,0.00,0.00,0.00,0.00,0.00",36,1.02,0.00,Sitelinks,6460000
porn anime 3d,Informational,390,"0.19,0.24,0.67,0.54,0.54,0.54,1.00,0.45,0.36,0.30,0.30,0.45",46,0.00,0.00,,1060000000
porn cartoon movies,"Informational, Navigational",390,"0.04,0.00,0.00,0.00,0.00,0.00,0.25,0.68,0.68,0.31,0.46,1.00",34,0.00,0.00,,353000000
porn dudd,"Navigational, Commercial",390,"0.13,0.13,1.00,0.20,0.09,0.10,0.25,0.16,0.16,0.16,0.16,0.16",51,1.69,0.00,,515000000
porn hardcore 3d,Informational,390,"0.30,1.00,0.16,0.12,0.20,0.20,0.10,0.56,0.68,0.12,0.07,0.10",24,0.00,0.00,,781000000
porn hentai 3d,Informational,390,"0.00,0.00,0.00,0.00,0.00,1.00,0.00,0.00,0.00,0.00,0.00,0.00",49,0.00,0.00,,384000000
porn hub 3d,Navigational,390,"0.00,0.00,0.82,0.44,1.00,0.36,0.55,0.44,0.65,0.36,0.55,0.44",35,0.00,0.00,Sitelinks,609000000
porn with 3d,"Informational, Commercial",390,"1.00,0.00,0.00,0.13,0.13,0.50,0.00,0.38,0.00,0.38,0.00,0.00",66,0.00,0.00,,1960000000
porndude.cim,Navigational,390,"0.25,1.00,0.03,0.03,0.09,0.01,0.06,0.06,0.03,0.06,0.03,0.09",81,0.00,0.00,"Sitelinks, People also ask",1280000
pornfilms 3d,Informational,390,"1.00,0.00,0.71,0.00,0.14,0.14,0.00,0.29,0.43,0.14,0.29,0.29",48,0.00,0.00,,5520000
pornhub anim,"Navigational, Transactional",390,"0.30,1.00,0.25,0.45,0.18,0.16,0.45,0.30,0.16,0.18,0.18,0.16",50,0.00,0.00,,2090000
pornography animated,Informational,390,"1.00,0.00,0.33,0.00,0.00,0.67,0.00,0.00,0.00,0.00,0.00,0.00",46,1.02,0.00,,1030000000
potn dude,Navigational,390,"1.00,0.81,0.81,0.81,1.00,0.81,1.00,1.00,0.81,1.00,1.00,1.00",86,0.00,0.00,Sitelinks,4660000
r34 anime gif,Informational,390,"0.81,1.00,0.81,0.81,0.81,1.00,0.81,0.66,0.66,0.81,0.81,0.81",23,0.00,0.00,,
rough 3d porn,Informational,390,"1.00,0.39,0.59,0.26,0.39,0.48,0.39,0.21,0.26,0.48,0.21,0.26",20,0.00,0.00,,804000000
sex animation 3d,Informational,390,"1.00,1.00,0.21,0.59,0.32,0.06,0.21,0.21,0.32,0.09,0.32,0.12",52,0.00,0.00,,506000000
sex animation videos,Informational,390,"0.33,0.07,0.07,0.07,0.00,0.00,0.13,0.87,0.87,1.00,1.00,1.00",30,0.00,0.00,,1560000000
sex anime 3d,Informational,390,"0.88,0.50,0.50,1.00,0.63,0.88,0.63,0.88,0.88,0.88,0.88,0.63",45,0.00,0.00,,785000000
the prn dude,Navigational,390,"0.82,0.66,1.00,1.00,1.00,0.82,1.00,1.00,1.00,1.00,1.00,1.00",84,0.00,0.00,Sitelinks,36700000
vampire porn gif,Informational,390,"0.15,0.35,0.66,0.66,0.81,0.66,0.66,0.81,0.66,1.00,0.81,0.54",7,0.00,0.00,,4700000
watch online full porn videos luell serana animated 3d,Informational,390,"1.00,0.00,0.00,0.00,0.00,0.00,0.00",1,0.00,0.00,,1530
سكس افلام كرتون,"Informational, Transactional",390,"0.25,0.69,0.50,0.81,0.69,0.81,1.00,0.69,0.69,0.81,0.69,0.69",56,0.00,0.00,,12200000
3d animated monster porn,Informational,320,"0.35,0.15,0.15,1.00,0.66,0.54,0.54,1.00,0.35,0.54,0.28,0.81",30,0.00,0.00,,72700000
3d animation futa,"Informational, Commercial",320,"0.13,0.36,0.24,0.19,0.19,0.30,0.44,0.24,0.36,0.55,1.00,0.30",30,0.00,0.00,,128000000
3d animation gay porn,Informational,320,"0.09,0.09,0.04,0.06,0.06,0.02,0.28,0.83,1.00,0.83,1.00,0.67",28,0.00,0.00,,52300000
3d animation monster porn,Informational,320,"0.18,0.54,0.81,0.66,0.81,0.81,0.81,0.66,0.81,0.54,1.00,0.81",31,0.00,0.00,,146000000
3d animation pornhub,"Navigational, Transactional",320,"1.00,0.09,0.04,1.00,0.54,1.00,0.05,0.44,0.23,0.29,0.29,0.29",32,0.00,0.00,Sitelinks,328000000
3d animation sex videos,Informational,320,"0.18,0.54,0.81,0.81,1.00,0.81,0.66,0.66,0.22,0.81,0.81,0.66",51,0.00,0.00,,350000000
3d compilation hentai,"Informational, Transactional",320,"0.00,0.00,1.00,0.00,0.00,0.00,0.00,0.00,0.00,0.00,0.00,0.00",19,0.00,0.00,,262000000
3d erome,"Navigational, Transactional",320,"0.66,0.82,0.82,0.82,1.00,1.00,0.53,1.00,0.53,0.43,0.66,0.53",16,0.00,0.00,,81700000
3d henrai,"Informational, Commercial",320,"0.29,0.66,1.00,0.19,0.44,0.81,0.36,0.36,1.00,0.29,0.36,0.44",56,0.00,0.00,,41600000
3d hentai movie,Informational,320,"0.00,0.00,0.00,0.00,0.00,0.00,0.00,1.00,0.00,0.00,0.00,0.00",38,0.00,0.00,,136000000
3d hentai uncensored,Informational,320,"0.00,0.00,0.00,0.00,0.00,0.00,0.00,0.00,0.00,1.00,0.00,0.00",20,0.00,0.00,,25800000
3d model porn,Informational,320,"0.23,0.66,0.82,0.82,0.82,0.82,0.66,0.82,0.66,1.00,0.82,0.82",21,0.00,0.00,,370000000
3d modeling nude,Informational,320,"0.29,0.54,0.36,0.81,1.00,0.36,0.12,0.29,0.66,1.00,0.81,0.12",7,0.00,0.00,,294000000
3d monster porn gif,Informational,320,"0.35,0.43,0.82,1.00,0.82,1.00,0.82,0.82,0.82,0.66,1.00,0.53",9,0.00,0.00,,
3d poen,Commercial,320,"1.00,0.54,0.44,0.44,0.54,0.54,0.44,0.44,0.44,0.35,0.66,0.44",62,0.00,0.00,,63600000
3d porm videos,Informational,320,"0.26,0.00,0.11,0.11,0.37,1.00,0.05,0.11,0.05,0.21,0.11,0.05",71,0.00,0.00,,16900000
3d porn animators,Commercial,320,"0.00,0.00,0.00,0.00,0.00,0.00,0.00,0.00,0.00,0.00,0.00,0.00",35,0.00,0.00,Sitelinks,1320000
3d porn anime,Informational,320,"0.10,0.20,0.00,0.00,0.00,1.00,0.00,0.00,0.00,0.00,0.40,0.70",49,0.00,0.00,,682000000
3d porn hub,Navigational,320,"1.00,0.00,0.65,0.80,0.40,0.55,0.80,1.00,0.65,0.25,0.35,0.35",39,0.00,0.00,Sitelinks,725000000
3d porn tubes,Informational,320,"1.00,1.00,0.52,0.28,0.44,0.80,0.44,0.52,0.64,0.80,0.44,0.52",65,0.00,0.00,,58200000
3d porn vid,Informational,320,"0.16,0.00,0.07,0.54,0.08,0.16,0.20,0.16,0.20,0.07,0.08,1.00",58,0.00,0.00,,2420000000
3d sex anime,Informational,320,"0.36,0.19,0.15,0.19,0.12,0.23,0.36,0.81,0.54,1.00,0.66,0.36",58,0.00,0.00,,358000000
3d sextoons,Informational,320,"0.20,0.43,1.00,0.80,1.00,1.00,1.00,0.80,0.80,1.00,0.80,0.80",31,0.00,0.00,,369000
3d toon sex,Informational,320,"1.00,1.00,1.00,0.80,0.67,1.00,1.00,0.53,0.43,0.67,0.07,0.80",20,0.00,0.00,,28300000
3d xxxporn,"Informational, Transactional",320,"0.44,1.00,0.09,0.44,0.44,0.24,0.15,0.15,0.55,0.55,0.11,0.09",71,0.00,0.00,,140000000
3dporn site,"Informational, Transactional",320,"1.00,0.00,0.00,0.00,0.00,0.00,0.41,0.00,0.00,0.00,0.00,0.00",61,0.00,0.00,,33900000
3ds porn,Informational,320,"0.19,0.81,0.67,1.00,0.54,0.81,0.67,0.81,0.54,0.35,0.67,0.44",,0.00,0.00,Sitelinks,
4d porn,Informational,320,"0.19,1.00,0.81,0.67,0.67,0.54,0.67,0.81,0.43,0.81,0.67,0.67",19,0.00,0.00,,107000000
4dporn,Informational,320,"0.82,0.53,0.82,0.53,0.67,0.82,0.82,1.00,0.53,0.67,0.82,0.67",19,0.00,0.00,,12900
ai 3d porn videos,Informational,320,"0.00,0.00,0.00,1.00,0.00,0.00,0.00,0.00,0.00,0.01,1.00,0.00",33,0.00,0.00,,1120000000
anamation porn,Informational,320,"0.00,0.00,0.47,0.33,0.00,0.00,0.67,1.00,0.33,0.33,0.20,0.47",51,0.00,0.00,,1470000000
anim porm,Informational,320,"0.24,0.44,0.36,0.82,0.36,0.36,0.11,0.55,0.29,1.00,0.15,0.18",70,0.00,0.00,,16200000
animated 3d futa,Informational,320,"0.30,0.13,0.06,0.16,0.30,0.30,0.13,0.16,0.30,1.00,0.16,0.08",,0.00,0.00,,151000000
animated demon porn,Informational,320,"0.00,0.00,0.30,1.00,0.00,0.00,0.54,0.15,0.19,0.82,1.00,0.30",31,0.00,0.00,,90400000
animated orn,"Informational, Transactional",320,"0.36,0.19,0.24,0.30,0.30,0.02,0.00,1.00,0.00,0.55,0.01,0.19",45,1.92,0.03,,114
animated porn tube,"Informational, Commercial",320,"0.01,0.05,0.05,0.44,0.05,0.66,0.54,0.81,0.81,1.00,0.66,0.81",36,0.00,0.00,,215000000
animated prn,Informational,320,"0.24,0.30,0.16,0.30,0.00,0.00,0.16,0.08,0.20,0.30,1.00,0.16",60,0.35,0.11,,34200000
animatee porn,Informational,320,"0.00,0.00,0.00,0.00,0.00,0.00,1.00,0.00,0.00,0.00,0.00,0.00",40,4.43,0.10,,1050000000
animatio porn,Transactional,320,"0.00,0.00,0.00,0.00,0.15,0.00,0.36,1.00,0.15,0.07,0.04,0.00",39,0.00,0.00,,919000000
animation 3d futa,Informational,320,"0.01,0.03,1.00,0.11,0.01,0.01,0.01,0.01,0.01,0.01,0.84,0.01",30,0.00,0.00,,93200000
animation 3d futanari,Commercial,320,"0.01,0.81,0.16,0.13,0.01,0.01,0.01,0.01,0.01,0.01,1.00,0.01",22,0.00,0.33,,
animation erome,"Navigational, Transactional",320,"0.43,0.43,0.82,0.82,0.82,0.82,1.00,1.00,1.00,0.66,0.66,0.53",16,0.00,0.00,,24800000
animation porb,Informational,320,"0.80,0.44,0.44,0.44,0.44,0.36,0.22,0.53,0.80,0.44,0.53,1.00",43,0.00,0.00,,4140000
animation porn gifs,Commercial,320,"0.06,0.02,0.07,0.06,1.00,0.06,0.04,0.06,0.04,0.04,0.04,0.04",48,0.00,0.00,,99900000
animation xvideo,Navigational,320,"0.00,0.00,0.00,0.00,0.00,1.00,0.00,0.00,0.00,0.00,1.00,0.00",,0.00,0.00,Sitelinks,892000000
animationsex,Informational,320,"0.00,0.00,0.00,0.67,0.00,0.00,0.00,1.00,0.67,0.33,0.33,0.00",27,0.00,0.00,,2530000
animtion porn,Informational,320,"0.00,0.00,0.37,0.53,0.00,0.00,1.00,0.53,0.26,0.00,0.00,0.16",38,0.00,0.00,,745000000
anmated porn,"Informational, Navigational",320,"0.00,0.00,0.00,0.00,0.00,0.23,0.07,1.00,0.07,0.05,0.07,0.00",38,0.00,0.00,,1060000000
annimated porn,Commercial,320,"0.00,0.00,1.00,1.00,0.01,0.00,0.00,0.88,0.21,0.14,0.26,0.00",53,4.43,0.10,,1190000000
best 3d hentia,Commercial,320,"0.12,0.06,0.03,0.07,0.68,1.00,0.07,0.10,0.12,0.10,0.07,0.07",43,0.00,0.00,,40900000
best 3d porn site,Commercial,320,"0.67,0.55,0.24,0.24,0.24,0.16,0.19,0.36,0.36,1.00,0.55,0.24",54,0.00,0.00,Sitelinks,1510000000
best 3dporn,Commercial,320,"0.36,0.00,0.14,0.14,1.00,1.00,0.09,0.14,0.09,0.14,0.14,0.09",31,0.00,0.00,Sitelinks,46000000
best animated porn sites,Commercial,320,"0.65,0.55,0.80,1.00,0.55,0.65,0.80,0.65,0.80,0.65,1.00,0.80",52,0.00,0.00,,102000000
best animated porn websites,Commercial,320,"0.12,0.23,0.19,0.23,0.04,0.23,0.28,0.67,0.83,1.00,1.00,0.83",18,0.00,0.00,,31500000
best animated sex,Commercial,320,"0.23,0.15,0.12,0.23,0.66,0.66,1.00,0.12,0.54,1.00,0.36,0.36",35,0.00,0.00,,394000000
best cartoon porn sites,Commercial,320,"0.65,0.65,0.65,0.50,0.50,0.80,0.80,1.00,0.80,0.80,0.80,0.65",31,0.00,0.00,Sitelinks,534000000
bokep 3d,Informational,320,"0.17,0.42,0.54,1.00,0.67,0.67,0.54,1.00,0.67,0.54,0.17,0.21",62,0.00,0.00,,97100000
carotoon porn,Informational,320,"0.00,0.00,0.00,0.00,0.00,0.00,0.00,0.00,0.00,0.00,1.00,0.00",50,0.00,0.00,,298000000
carton porn com,Informational,320,"0.30,1.00,0.06,0.16,0.20,0.20,0.05,0.56,0.10,0.07,0.07,0.05",60,0.00,0.00,,101000000
cartoon pron.com,Informational,320,"0.24,0.08,0.03,0.00,0.00,0.00,0.00,0.00,0.00,0.81,1.00,0.81",62,0.00,0.00,People also ask,113000000
cartoonic porn,Informational,320,"0.00,0.00,0.00,0.00,0.00,0.00,0.00,0.00,0.00,0.00,1.00,0.00",50,0.00,0.00,,332000000
cartoons for adults porn,Informational,320,"0.24,1.00,0.15,0.11,0.00,0.30,0.00,0.00,0.82,0.05,0.06,0.03",33,0.00,0.00,,18400000
cartooon porn com,Informational,320,"0.30,1.00,0.07,0.07,0.16,0.20,0.07,0.56,0.30,0.00,0.00,0.00",67,0.00,0.00,,24600000
demon 3d porn,"Informational, Navigational",320,"0.18,0.43,1.00,0.54,0.81,0.43,0.66,0.43,0.81,0.81,0.66,0.66",28,0.00,0.00,,55400000
e621 fortnite,"Navigational, Transactional",320,"0.54,0.54,0.36,0.54,0.44,0.36,0.36,0.36,0.29,1.00,0.36,0.44",32,0.00,0.00,People also ask,443000
film sex cartoon,Informational,320,"0.44,0.81,1.00,0.12,0.29,0.15,0.12,0.19,0.23,0.67,0.12,0.10",44,0.00,0.00,,519000000
free 3d henati,Commercial,320,"0.19,0.29,0.12,0.15,1.00,0.44,0.15,0.15,0.44,0.54,0.54,0.54",45,0.00,0.00,,41500000
free animatedporn,Informational,320,"0.06,0.20,0.07,0.16,0.30,0.12,0.12,0.10,1.00,0.10,0.07,0.05",,0.00,0.00,,7810000
free cartoon pornography,Informational,320,"0.50,0.00,0.00,0.10,0.30,1.00,0.10,0.30,0.10,0.20,0.10,0.10",58,1.67,0.00,,41000000
free cartoonsex,Informational,320,"0.19,0.83,0.22,0.28,0.28,0.00,0.08,0.00,1.00,0.83,0.06,0.11",70,0.00,0.00,,13300000
free sex animation,Informational,320,"0.54,1.00,0.43,0.30,0.43,0.84,0.19,0.43,0.30,0.54,0.22,0.35",29,0.00,0.00,,718000000
futanari 3d sex,Informational,320,"0.15,0.54,0.36,0.19,0.23,0.19,0.36,0.66,0.66,1.00,0.44,0.54",21,0.00,0.00,,50900000
giantess porn 3d,Informational,320,"1.00,0.54,1.00,0.81,0.81,0.43,0.66,0.81,0.81,0.43,0.81,0.66",18,0.00,0.00,,18200000
hard core porn cartoons,Informational,320,"0.24,1.00,0.05,0.02,0.13,0.09,0.05,0.29,0.05,0.13,0.05,0.04",29,0.00,0.00,,41600000
hd cartoon porn,Informational,320,"0.83,0.83,0.83,0.83,0.83,1.00,0.83,0.83,0.67,0.67,0.54,0.42",32,0.00,0.00,,70400000
horror porn gif,Informational,320,"0.13,0.36,0.53,0.44,0.67,0.53,0.67,0.53,0.80,1.00,0.80,0.67",9,0.00,0.00,,20000000
hot 3d porn,Informational,320,"1.00,0.44,1.00,0.82,1.00,0.82,0.67,0.82,0.55,0.67,0.55,0.67",41,0.00,0.00,,1670000000
inflation e621,Informational,320,"0.30,1.00,0.06,0.30,0.55,0.44,0.67,0.44,0.36,0.13,0.08,0.10",20,0.00,0.00,People also ask,901000
japanese 3d hentai,"Informational, Commercial",320,"0.00,1.00,0.00,0.00,0.00,0.00,0.00,0.00,0.00,0.00,0.00,0.00",18,0.00,0.00,,150000000
monster porn 3d,Informational,320,"0.35,0.65,0.65,0.35,0.35,0.40,0.55,0.80,0.65,0.65,1.00,0.40",35,0.00,0.00,,207000000
monster sex 3d,Informational,320,"0.00,0.00,0.30,0.24,1.00,0.20,0.30,0.30,0.45,0.13,0.20,0.20",35,0.00,0.00,,366000000
new porn cartoon,Informational,320,"0.30,1.00,0.08,0.06,0.36,0.45,0.06,0.16,0.13,0.10,0.10,0.08",52,0.00,0.00,,790000000
phub futa,Navigational,320,"0.54,0.21,0.42,0.33,1.00,0.83,0.21,0.25,0.67,0.25,0.33,0.25",56,0.00,0.00,People also ask,182000000
popular animation porn,Commercial,320,"0.44,1.00,0.05,0.29,0.29,0.24,0.55,0.24,0.55,0.65,0.09,0.07",24,0.00,0.00,,267000000
porcor,Informational,320,"0.10,0.53,0.37,0.53,0.53,1.00,0.27,0.10,0.10,0.10,0.80,0.37",11,0.00,0.00,"Sitelinks, AI Overview, Image, Video, People also ask",1680000
porn 3d animations,Commercial,320,"0.55,0.00,0.00,0.00,0.00,0.00,1.00,0.00,0.00,0.00,0.07,0.00",40,0.00,0.00,,164000000
porn 3d best,Commercial,320,"0.39,0.03,1.00,0.13,0.13,1.00,0.10,0.13,0.10,0.16,0.13,0.58",49,0.00,0.00,,944000000
porn animation uncensored,Informational,320,"0.53,1.00,0.36,0.11,0.29,0.53,0.18,0.22,0.53,0.22,0.11,0.11",17,0.00,0.00,,242000000
porn anime cartoon,Informational,320,"0.00,0.00,0.40,0.40,0.40,0.40,0.00,1.00,1.00,1.00,1.00,1.00",48,0.00,0.00,People also ask,281000000
porn anime free,"Informational, Commercial",320,"0.00,0.00,0.54,0.00,0.00,0.00,0.00,0.00,0.00,0.00,0.00,1.00",68,0.00,0.00,,536000000
porn dudw,Navigational,320,"0.75,0.75,0.75,0.75,0.75,0.75,0.75,1.00,0.75,0.75,1.00,0.75",66,0.00,0.00,Sitelinks,131000000
porn toons 3d,Commercial,320,"0.39,0.13,0.00,0.08,0.08,0.13,0.06,0.39,0.32,0.89,1.00,1.00",45,0.00,0.00,,64700000
porndude 3d,Navigational,320,"1.00,0.14,0.11,0.21,0.14,0.21,0.26,0.21,0.21,0.32,0.39,0.48",73,0.00,0.00,,
pporndude,Navigational,320,"1.00,0.66,0.82,0.82,0.82,0.82,1.00,1.00,0.82,1.00,1.00,1.00",29,0.00,0.00,"Sitelinks, People also ask",2050
pron animation,Informational,320,"0.65,0.44,0.44,0.55,0.24,0.29,0.65,0.18,0.36,1.00,0.29,0.29",44,0.00,0.00,,661000000
pron in cartoon,Informational,320,"0.28,0.43,0.34,0.22,1.00,0.81,0.22,0.22,0.54,0.81,0.81,0.81",62,0.00,0.00,,112000000
robot porn gif,Informational,320,"0.00,0.34,0.07,0.10,0.66,0.66,0.81,1.00,0.81,0.81,0.81,0.66",14,0.00,0.00,People also ask,11900000
rule 34 3d animated,"Navigational, Transactional",320,"0.81,1.00,0.54,0.43,1.00,0.81,0.29,0.54,0.66,0.43,0.81,0.54",14,0.00,0.00,,70200000
rule34video 3ddeed,"Navigational, Transactional",320,"1.00,0.00,0.00,0.00,0.00,0.00,0.00,0.00,0.00,0.00,0.00",17,0.00,0.00,,113
sex cartoons for adults,Commercial,320,"0.24,1.00,0.29,0.24,0.24,0.29,0.54,1.00,0.67,0.24,0.13,0.10",33,0.00,0.00,,28100000
sex porn animated,Commercial,320,"0.00,0.02,0.00,0.02,0.02,0.00,0.23,1.00,1.00,1.00,0.81,1.00",36,0.00,0.00,,560000000
thisvid sfm,"Navigational, Transactional",320,"0.36,0.29,0.44,0.54,0.29,0.54,0.12,0.44,0.19,1.00,0.81,0.36",20,0.00,0.00,People also ask,381000
toonporn 3d,Informational,320,"0.13,1.00,0.08,0.06,0.24,0.30,0.08,0.10,0.13,0.10,0.06,0.05",62,0.00,0.00,,1020000
top rated 3d porn,Commercial,320,"0.37,0.11,1.00,0.11,0.37,0.15,0.07,0.07,0.11,0.37,0.26,0.15",60,0.00,0.00,,1940000000
toychica porn,Informational,320,"0.00,0.00,0.00,0.00,0.41,0.00,0.00,0.00,0.00,1.00,0.00,0.07",29,0.00,0.00,,20200000
video 3d porn,Informational,320,"0.28,0.00,0.10,0.10,0.34,1.00,0.07,0.10,0.07,0.24,0.10,0.07",38,0.00,0.00,"Sitelinks, People also ask",6
watch 3d hentai,Informational,320,"0.00,0.00,0.00,0.00,0.00,0.00,0.00,1.00,0.00,0.00,0.00,0.00",55,0.00,0.00,,306000000
xvideos animated porn,"Navigational, Transactional",320,"0.15,0.28,1.00,0.66,0.54,0.28,0.66,0.66,0.44,0.81,0.54,0.66",36,0.00,0.00,,210000000
سكس 3d,Informational,320,"0.44,1.00,0.12,0.54,0.29,0.29,0.23,0.44,0.29,0.36,0.36,0.44",66,0.00,0.00,,306000000
3 d porn,Informational,260,"0.55,0.00,0.00,0.03,1.00,0.10,0.00,0.00,0.28,0.17,0.00,0.00",69,0.00,0.00,,2900000000
3 dporn,Informational,260,"0.00,0.00,0.29,0.01,0.54,1.00,0.81,0.54,0.00,0.00,0.01,0.02",66,0.00,0.00,,41800000
3d anima porn,"Informational, Transactional",260,"0.00,0.00,0.21,1.00,0.59,0.17,0.21,0.48,0.00,0.21,0.32,0.26",40,0.00,0.00,,880000000
3d animated futa porn,Informational,260,"0.23,0.12,0.82,0.67,0.82,0.53,0.67,0.67,0.82,0.35,1.00,0.82",29,0.00,0.00,,79200000
3d animation porm,Commercial,260,"0.02,1.00,0.00,0.07,0.16,0.09,0.02,0.30,0.11,0.25,0.30,0.25",59,0.00,0.00,,11900000
3d anime monster porn,Informational,260,"0.15,0.23,0.15,0.18,0.15,0.23,0.11,0.66,1.00,0.81,1.00,0.81",23,0.00,0.00,,170000000
3d anime porn gif,Informational,260,"1.00,0.35,0.44,0.44,0.35,0.44,0.54,0.54,0.44,0.35,0.54,0.44",10,0.00,0.00,,
3d anime sex gif,Informational,260,"0.23,0.43,0.82,1.00,0.82,0.82,0.66,0.82,0.66,0.82,0.66,0.82",30,0.00,0.00,,146000000
3d cgi porn,Informational,260,"1.00,0.54,0.43,0.43,0.43,0.43,0.54,0.43,0.54,0.35,0.43,0.35",46,0.00,0.00,,9780000
3d demon porn,Informational,260,"0.35,0.54,1.00,0.35,0.54,0.35,0.28,0.54,0.44,0.66,0.54,0.35",,0.00,0.00,,87300000
3d extreme porn,Informational,260,"0.32,0.11,0.14,0.26,0.17,0.14,0.26,1.00,0.26,0.14,0.21,0.17",13,0.00,0.00,,
3d fita porn,Informational,260,"0.00,0.00,0.00,0.00,0.00,0.00,0.00,0.00,1.00,0.00,0.00,0.00",34,0.00,0.00,,454000000
3d full porn,Informational,260,"0.12,0.23,1.00,0.29,0.29,0.36,0.12,0.36,0.36,0.44,0.36,0.29",61,0.00,0.00,,1320000000
3d gay animation porn,Informational,260,"0.01,0.54,0.05,0.05,0.04,0.06,0.00,1.00,0.81,1.00,1.00,0.66",39,0.00,0.00,People also ask,317000000
3d henati,Commercial,260,"0.66,0.66,1.00,0.66,0.82,0.82,1.00,1.00,0.82,0.66,0.82,0.52",51,0.00,0.00,,795000
3d henati porn,Informational,260,"1.00,0.00,0.00,0.10,0.20,0.00,0.00,0.00,0.00,0.00,0.00,0.10",43,0.00,0.00,,75300000
3d henati sex,Informational,260,"0.17,0.53,0.80,0.43,0.53,0.43,0.20,0.27,0.80,1.00,0.13,0.13",36,0.00,0.00,,68500000
3d hentai anime,Informational,260,"0.00,0.00,0.00,0.00,0.00,0.00,0.00,0.00,0.00,0.00,1.00,0.00",42,0.00,0.00,,311000000
3d hentai porn videos,Informational,260,"0.00,0.00,0.00,0.00,0.01,0.00,0.00,0.00,0.01,1.00,0.00,0.00",43,0.00,0.00,,267000000
3d hot porn,Informational,260,"0.18,0.29,0.18,0.22,0.54,1.00,0.10,0.66,0.66,0.81,0.66,0.66",54,0.00,0.00,,813000000
3d monster anime porn,Informational,260,"0.23,0.67,0.27,0.82,1.00,1.00,1.00,1.00,0.82,0.67,1.00,0.67",28,0.00,0.00,,127000000
3d porn best site,Commercial,260,"0.00,0.44,0.23,0.23,1.00,0.81,0.23,0.23,0.66,1.00,0.06,0.18",,0.00,0.00,Sitelinks,1780000000
3d porn futanari,Informational,260,"1.00,0.00,0.01,0.01,0.00,0.00,0.00,0.00,0.13,0.20,0.20,0.30",33,0.00,0.00,,399000000
3d porn guy,"Informational, Commercial",260,"0.22,0.35,0.35,0.35,0.35,0.54,0.54,0.66,0.66,0.81,1.00,1.00",49,0.00,0.00,People also ask,568000000
3d porn henti,Informational,260,"1.00,0.00,0.00,0.10,0.20,0.00,0.00,0.00,0.20,0.00,0.00,0.10",61,0.00,0.00,,36000000
3d porn hentia,Informational,260,"1.00,0.00,0.00,0.10,0.20,0.00,0.00,0.00,0.00,0.00,0.00,0.10",52,0.00,0.00,,12900000
3d porn reality,Informational,260,"0.29,0.23,0.29,0.29,0.29,0.29,0.23,0.81,0.66,1.00,0.05,0.09",30,0.00,0.00,People also ask,2030000000
3d porn web,Commercial,260,"0.53,0.11,0.07,0.13,1.00,0.67,0.18,0.44,0.22,0.18,0.36,0.29",60,0.00,0.00,,687000000
3d porn xxx,Commercial,260,"0.00,0.00,0.00,0.00,0.00,0.00,0.00,0.00,0.00,0.00,0.00,1.00",65,0.00,0.00,,1500000000
3d pron animation,Informational,260,"0.00,0.00,0.13,0.00,0.38,1.00,0.00,0.25,0.13,0.25,0.25,0.13",50,0.00,0.00,,113000000
3d rough porn,Informational,260,"0.29,0.24,1.00,0.29,0.44,0.66,1.00,0.29,0.29,0.36,0.29,0.29",21,0.00,0.00,,831000000
3d sex animation,Informational,260,"0.01,0.00,0.01,0.02,0.44,0.44,1.00,0.44,0.29,0.07,0.15,0.36",36,0.00,0.00,,643000000
3d story porn,Informational,260,"1.00,0.14,0.14,0.29,0.54,0.35,0.43,0.81,0.81,0.66,0.66,0.66",14,0.00,0.00,,593000000
3d taboo toons,"Informational, Commercial",260,"0.05,0.12,0.23,0.19,0.15,0.23,0.54,1.00,0.81,0.29,0.10,0.23",12,0.00,0.00,,30300000
3d toon pron,Commercial,260,"0.12,1.00,0.20,0.16,0.20,0.16,0.10,0.10,0.06,0.10,0.06,0.05",33,0.00,0.00,,12800000
3d video sex,Informational,260,"0.00,0.00,0.54,0.81,0.28,0.44,0.11,0.35,0.28,1.00,0.28,0.35",57,0.00,0.00,,296000000
3d 色情动漫,Informational,260,"0.14,0.44,0.08,0.17,1.00,1.00,0.00,0.00,0.00,0.44,0.67,0.83",30,0.00,0.00,,30800000
3dhentai anime,Informational,260,"0.31,0.38,0.38,0.62,1.00,0.23,0.23,0.23,0.23,0.08,0.15,0.15",22,0.00,0.00,,36600000
3dhentai porn,Informational,260,"1.00,0.00,0.00,0.00,0.00,0.00,0.00,0.00,0.00,0.00,0.00,0.00",39,0.00,0.00,,73600000
3dmonster porn,Informational,260,"0.00,0.00,0.00,0.00,1.00,0.00,0.00,0.00,0.00,0.00,0.00,0.00",32,0.00,0.00,,364000000
3dporn sites,Informational,260,"0.00,1.00,0.16,0.12,0.12,0.37,0.00,0.25,0.12,0.20,0.12,0.07",68,0.00,0.00,,4520
3d色情動漫,Informational,260,"0.14,0.44,0.08,0.17,1.00,1.00,0.00,0.00,0.00,0.44,0.67,0.83",28,0.00,0.00,,4320000
ai futanari videos,Informational,260,"0.15,0.15,0.29,0.15,0.23,0.44,0.54,0.44,0.15,0.12,0.44,1.00",18,0.00,0.00,,102000000
animaated porn,Informational,260,"0.00,0.00,0.00,0.00,0.00,0.00,1.00,0.00,0.00,0.23,0.00,0.00",37,0.00,0.00,,1780000000
animaed porn,Informational,260,"0.00,0.00,0.07,0.00,0.17,0.00,1.00,0.00,0.17,0.55,0.07,0.00",37,0.00,0.00,,1450000000
animated 3d sex videos,Informational,260,"0.18,0.54,1.00,0.35,0.54,0.54,0.54,0.43,0.81,0.81,0.66,0.54",60,0.00,0.00,,384000000
animated adult porn,Informational,260,"1.00,0.25,0.42,0.42,0.42,0.83,1.00,0.67,0.54,0.42,0.54,0.67",32,0.00,0.00,,408000000
animated hardcore sex,Informational,260,"0.15,0.25,0.25,0.25,0.25,0.10,0.15,0.80,0.80,0.80,0.80,1.00",29,0.00,0.00,People also ask,760000000
animated lorn,Informational,260,"0.33,0.82,1.00,0.65,1.00,0.82,1.00,0.82,0.82,0.65,1.00,1.00",33,0.00,0.00,Sitelinks,
animated movie porn,Commercial,260,"0.00,0.00,0.32,1.00,0.64,0.52,0.64,0.64,0.32,0.32,0.52,0.64",28,0.00,0.00,,348000000
animated porn disney,Informational,260,"0.44,0.19,0.05,0.08,1.00,0.30,0.13,0.08,0.19,0.08,0.30,0.19",73,0.00,0.00,People also ask,9
animated pornvideos,Transactional,260,"0.33,0.00,0.00,0.00,0.00,1.00,0.00,0.00,0.00,0.00,0.00,0.00",49,0.00,0.00,People also ask,557000000
animated sex clips,Informational,260,"0.15,0.40,0.65,0.40,0.65,0.55,0.35,0.20,0.55,1.00,0.40,0.20",33,0.00,0.00,,674000000
animated sex movie,Informational,260,"0.00,0.00,1.00,0.23,0.67,0.29,0.07,0.36,0.19,0.05,0.19,0.36",19,0.00,0.00,Sitelinks,79400000
animated taboo porn,Informational,260,"1.00,0.81,0.67,0.67,1.00,0.67,0.67,1.00,1.00,0.35,0.22,0.28",26,0.00,0.00,,
animated x videos,Navigational,260,"0.00,0.00,0.16,0.08,0.24,0.04,0.00,0.05,0.04,1.00,0.13,0.13",33,0.00,0.00,Sitelinks,449000000
animated zombie porn,"Informational, Commercial",260,"0.19,0.19,0.23,0.35,0.44,0.29,0.54,1.00,1.00,1.00,0.81,1.00",18,0.00,0.00,,13900000
animateed porn,Commercial,260,"0.00,0.00,1.00,0.00,0.00,0.00,0.00,0.00,0.00,0.00,0.00,0.00",38,0.00,0.00,,1050000000
animation porn video,"Informational, Transactional",260,"0.77,0.00,1.00,0.00,0.00,0.31,0.62,0.62,0.00,1.00,0.38,0.38",55,0.00,0.00,,1080000000
animation potn,Informational,260,"0.82,0.53,0.42,0.42,0.53,0.82,0.67,1.00,0.67,0.53,0.53,0.53",54,0.00,0.00,,6980000
animation sex video free,Informational,260,"0.18,0.35,0.23,0.29,0.67,0.67,0.29,0.29,0.67,1.00,1.00,1.00",48,0.00,0.00,,716000000
animation sex website,Informational,260,"0.18,0.43,0.10,0.22,0.66,0.66,0.29,0.29,0.43,1.00,1.00,1.00",47,0.00,0.00,,587000000
animaton porn,Commercial,260,"0.00,0.00,0.00,0.16,0.36,0.24,0.16,0.36,0.30,0.55,0.36,1.00",37,0.00,0.00,,1110000000
anime 3d sex videos,Informational,260,"0.18,0.54,1.00,0.81,0.66,0.54,0.54,0.66,0.54,0.14,0.66,0.54",52,0.00,0.00,,256000000
anime 3dporn,Informational,260,"1.00,0.00,0.00,0.00,0.50,0.50,0.00,0.00,0.00,0.00,0.00,0.00",50,0.00,0.00,,34700000
animes porno 3d,Commercial,260,"0.00,0.00,0.00,0.00,0.00,0.00,0.00,0.00,0.45,0.30,1.00,0.36",28,0.00,0.00,,467000000
antimated porn,"Informational, Transactional",260,"0.00,0.00,0.54,0.00,1.00,0.29,0.00,0.33,0.83,0.42,0.29,0.00",39,0.00,0.00,,1260000000
antimated sex,Informational,260,"0.00,0.00,0.66,0.29,1.00,0.81,1.00,0.54,0.18,0.81,0.54,0.43",28,1.51,0.00,,2290000000
best 3d porn videos,Commercial,260,"0.28,0.81,1.00,0.65,0.81,0.81,1.00,0.81,0.81,0.65,0.65,0.81",47,0.00,0.00,,1070000000
best 3d porn website,Commercial,260,"1.00,0.59,0.04,0.11,0.01,0.01,0.03,0.03,0.03,0.72,0.01,0.39",55,0.00,0.00,Sitelinks,1070000000
best animated porns,Commercial,260,"1.00,0.00,0.00,0.00,0.00,0.00,0.00,0.00,0.00,0.00,0.00,0.00",38,0.00,0.00,,104000000
best cartoon pornsites,Commercial,260,"0.17,0.83,0.17,0.28,1.00,0.67,0.67,0.56,0.17,0.56,0.36,0.44",17,0.00,0.00,Sitelinks,32100000
best hentai 3d,Commercial,260,"0.00,0.00,0.00,0.00,0.00,0.00,0.00,1.00,0.00,0.00,0.00,0.00",40,0.00,0.00,,230000000
cartion porn,Informational,260,"0.10,0.10,0.10,0.10,0.30,0.10,0.00,0.80,0.20,0.30,1.00,0.10",53,0.00,0.00,,1830000000
cartoon animated porn videos,Informational,260,"0.81,0.54,1.00,0.54,0.54,0.43,0.67,0.28,0.81,0.35,0.22,0.28",59,0.00,0.00,,318000000
cartoon free porn,Informational,260,"0.07,0.04,0.19,0.44,0.04,0.06,0.04,0.06,0.04,1.00,0.04,0.00",61,0.00,0.00,,649000000
cartoon hd porn,"Informational, Commercial",260,"0.05,0.05,0.05,0.05,0.05,0.29,0.29,1.00,1.00,1.00,0.65,0.82",37,0.00,0.00,,1130000000
cartoon poprn,Informational,260,"0.01,0.01,0.01,0.01,0.01,1.00,0.08,0.11,0.05,0.07,0.04,0.04",56,0.00,0.20,,233000
cartoon por.,"Informational, Commercial",260,"0.00,0.40,1.00,0.70,0.80,1.00,0.50,0.40,0.20,0.10,0.30,0.00",52,0.00,0.00,,2910000000
cartoon porns,Informational,260,"1.00,0.01,0.04,0.04,0.05,0.05,0.02,0.06,0.06,0.68,0.12,0.04",66,0.00,0.00,,1060000000
cartoon pprn,Informational,260,"0.83,0.83,1.00,0.83,0.83,0.83,0.83,0.83,0.83,0.67,0.67,0.83",61,0.00,0.00,,52700000
cartoon sex animated,Informational,260,"0.00,0.00,0.81,0.29,0.29,0.23,1.00,0.19,0.23,0.29,0.12,0.10",25,0.00,0.00,,624000000
cartoonporn hd,"Informational, Transactional",260,"0.53,1.00,0.09,0.80,0.09,0.53,0.18,0.22,0.67,0.18,0.02,0.11",53,0.00,0.00,,31000000
cartoonporn porn,"Informational, Transactional",260,"1.00,0.00,0.00,0.00,0.00,0.00,0.00,0.00,0.00,0.00,0.00,0.00",66,0.00,0.00,,29000000
cartoonporn websites,Commercial,260,"0.38,0.13,0.25,0.13,0.88,1.00,0.08,0.13,0.10,0.13,0.00,0.10",74,0.00,0.00,,25000000
cartoonporn.pro,Navigational,260,"0.36,0.45,0.45,0.00,0.00,0.00,0.00,0.00,0.01,0.82,0.00,1.00",56,0.00,0.00,Sitelinks,
cg porn,Informational,260,"0.36,0.44,0.44,0.44,0.36,1.00,0.44,0.53,0.44,0.44,0.44,0.44",24,0.00,0.00,,128000000
cgi hentai,Informational,260,"0.00,0.00,0.03,1.00,0.03,0.02,0.02,0.02,0.00,0.00,0.00,0.00",15,0.00,0.00,,9350000
demon porn gif,Informational,260,"0.23,0.53,0.53,0.53,0.66,1.00,0.82,0.82,0.82,0.82,0.82,0.66",5,0.00,0.00,,41000000
dood porn,Informational,260,"0.25,0.48,0.48,1.00,0.00,0.00,0.88,0.02,0.00,0.00,0.00,0.15",18,0.00,0.00,,10300000
extreme 3d porn,Informational,260,"0.53,0.53,0.53,0.43,0.66,0.53,1.00,0.82,0.53,0.66,0.66,1.00",10,0.00,0.00,,250000000
free animated adult,Informational,260,"0.28,0.44,0.18,0.23,1.00,0.66,0.23,0.23,0.54,0.81,0.66,0.66",29,1.79,0.02,,431000000
free animated pron,Informational,260,"0.29,0.54,0.81,0.81,0.66,0.54,0.54,0.81,0.29,1.00,0.54,0.81",51,0.00,0.00,,82900000
free henrai videos,Informational,260,"0.38,0.15,0.23,0.08,0.08,1.00,0.08,0.15,0.31,0.15,0.31,0.15",79,0.00,0.00,,584000000
futa sex 3d,Informational,260,"0.05,0.06,0.44,0.06,0.09,0.09,0.12,0.54,0.66,0.66,0.36,1.00",26,0.00,0.00,,
futa sfm porn,Informational,260,"1.00,0.50,0.88,0.63,0.38,0.63,0.50,0.38,0.50,0.38,0.38,0.63",30,0.00,0.00,,16900000
good 3d porn sites,"Informational, Commercial",260,"0.67,0.44,0.00,0.00,1.00,0.83,0.22,0.22,0.67,0.14,0.06,0.14",60,0.00,0.00,Sitelinks,1250000000
good animated porn,Commercial,260,"0.20,0.40,1.00,0.60,0.80,0.60,0.60,0.80,1.00,0.60,0.60,0.60",37,0.00,0.00,,333000000
hantai sex 3d,Commercial,260,"0.28,0.44,0.15,0.23,1.00,0.67,0.23,0.23,0.67,0.81,0.05,0.19",51,0.00,0.00,,25200000
hardcore animated sex,Informational,260,"0.15,0.28,0.28,0.15,0.23,0.11,0.54,0.81,0.81,0.81,0.81,1.00",17,0.00,0.00,,301000000
hd cartoonporn,Informational,260,"0.53,1.00,0.11,0.13,0.36,0.18,0.09,0.22,0.67,0.80,0.02,0.18",40,0.00,0.00,,31400000
henti 3d,Commercial,260,"0.43,0.34,0.82,0.66,0.82,0.66,0.82,0.66,0.52,1.00,0.66,0.66",59,0.00,0.00,,26500000
henti 3d porn,"Informational, Transactional",260,"1.00,0.00,0.00,0.10,0.20,0.00,0.00,0.00,0.00,0.00,0.00,0.10",29,0.00,0.00,,44700000
henti 3d sex,Informational,260,"0.17,0.53,0.53,0.27,0.53,0.43,0.20,0.67,0.67,1.00,0.17,0.20",29,0.00,0.00,,47500000
henti porn 3d,Informational,260,"0.67,0.00,0.00,0.07,0.13,0.00,0.00,0.00,0.00,0.00,0.00,1.00",60,0.00,0.00,,61000000
henti3d,Informational,260,"0.54,0.22,0.29,0.81,0.54,1.00,0.54,0.22,0.43,0.54,0.14,0.22",,0.00,0.00,,15100
hentia 3d,"Informational, Commercial",260,"0.53,0.80,1.00,0.53,0.53,0.67,0.67,0.80,0.53,0.53,0.67,1.00",52,0.00,0.00,,1970000
hentia movie porn,Informational,260,"0.23,0.19,0.19,0.15,0.19,0.19,0.19,0.67,1.00,0.81,0.05,0.12",76,0.00,0.00,,3290000
hentia porn 3d,Informational,260,"1.00,0.00,0.00,0.10,0.20,0.00,0.00,0.00,0.00,0.00,0.00,0.10",60,0.00,0.00,,35000000
hentia3d,Informational,260,"0.65,1.00,1.00,0.65,0.65,0.80,0.65,0.80,0.80,0.80,0.65,0.80",61,0.00,0.00,,32800
high quality animated porn,Commercial,260,"0.22,0.67,0.67,0.67,0.67,0.81,1.00,0.67,0.53,0.67,0.81,0.81",35,0.00,0.00,,91700000
horror 3d porn,Informational,260,"0.18,0.35,1.00,0.66,0.66,0.66,0.81,0.81,0.54,0.35,0.43,0.54",19,0.00,0.00,,93500000
horror porn 3d,Informational,260,"0.12,0.29,0.36,0.29,0.36,0.36,0.36,0.54,0.36,1.00,0.44,0.54",30,0.00,0.00,,69400000
https://theporndude.com/zh,Navigational,260,"1.00,1.00,0.67,0.67,0.67,0.67,0.67,0.53,0.53,0.27,0.53,0.67",77,0.00,0.00,Sitelinks,15500000
monster hentai 3d,Informational,260,"0.05,0.02,0.05,1.00,0.01,0.05,0.02,0.00,0.00,0.00,0.00,0.00",24,0.00,0.00,,139000000
monster porn toons,Informational,260,"0.22,0.43,0.67,0.53,0.53,0.67,0.67,1.00,0.67,0.81,0.67,0.53",31,0.00,0.00,,38600000
naughty machinima recent,Navigational,260,"0.06,1.00,0.00,0.00,0.00,0.00,0.00,0.00,0.00,0.00,0.00,0.00",19,0.00,0.00,Sitelinks,
orc gay porn 3d animated,Informational,260,"1.00,0.00,0.00,0.00,0.00,0.00,0.00,0.00,0.00",17,0.00,0.00,,3620000
por dud,Commercial,260,"0.02,0.06,0.19,0.67,1.00,0.54,0.28,0.67,0.36,0.36,0.44,0.54",31,0.00,0.00,Sitelinks,408000000
porn 3d hardcore,Informational,260,"1.00,0.67,0.82,0.54,0.67,0.54,0.23,0.82,0.44,0.28,0.23,0.28",24,0.00,0.00,,1060000000
porn 3d sites,Commercial,260,"0.53,0.11,0.07,0.13,1.00,0.29,0.18,0.44,0.22,0.18,0.36,0.29",50,0.00,0.00,,265000000
porn animation free,"Informational, Commercial",260,"0.00,0.14,0.00,0.00,0.00,0.00,0.00,0.00,1.00,0.00,0.00,0.00",58,0.00,0.00,,1150000000
porn cartoo,Informational,260,"0.00,0.00,0.00,0.00,0.00,0.00,1.00,0.00,0.00,0.00,0.00,0.00",59,0.00,0.00,,909000000
porn cartoon movie,Informational,260,"1.00,0.00,0.07,0.00,0.00,0.00,0.00,0.03,0.00,0.00,0.00,0.00",34,0.00,0.00,,808000000
porn cartoon new,Informational,260,"0.39,0.10,0.05,0.13,0.89,1.00,0.08,0.13,0.16,0.13,0.13,0.10",42,0.00,0.00,,627000000
porn cartoons for free,Informational,260,"1.00,0.00,0.00,0.00,0.67,0.00,0.00,0.00,0.00,0.00,0.00,0.00",57,0.00,0.00,,57000000
porn free animation,"Informational, Commercial",260,"0.00,0.14,0.00,0.00,0.00,0.00,0.00,0.00,1.00,0.00,0.00,0.00",59,0.00,0.00,,499000000
porn new cartoon,Informational,260,"0.38,0.10,0.04,0.13,0.88,1.00,0.08,0.13,0.15,0.13,0.13,0.10",53,0.00,0.00,,937000000
porn qnimation,Informational,260,"1.00,0.00,0.00,0.00,0.00,0.00,0.00,0.00,0.00,0.00,0.00,0.00",54,0.00,0.00,,613000000
porncor,"Informational, Transactional",260,"1.00,0.65,0.81,0.81,1.00,0.65,1.00,0.81,0.81,0.81,0.65,0.81",18,0.00,0.00,,12600
porndude.cpm,Navigational,260,"0.00,0.00,0.00,0.00,0.00,0.00,0.00,0.00,0.00,0.00,0.00,1.00",89,0.00,0.00,Sitelinks,8870
porndudue,Navigational,260,"0.28,0.23,0.44,0.35,0.35,0.35,1.00,0.44,0.35,0.44,0.44,0.44",14,0.00,0.00,Sitelinks,659
pornhub animate,"Navigational, Transactional",260,"0.54,1.00,0.08,0.31,0.62,0.54,0.08,0.23,0.31,0.15,0.08,0.08",34,0.00,0.00,Sitelinks,344000000
pornndude,"Navigational, Commercial",260,"0.65,0.81,0.81,0.65,1.00,0.81,0.81,1.00,1.00,0.81,1.00,1.00",71,0.00,0.00,"Sitelinks, People also ask",825
pornographic animations,"Informational, Transactional",260,"0.00,0.46,0.33,0.21,0.29,1.00,0.08,0.54,0.17,0.46,0.46,0.00",45,0.00,0.00,,25200000
pov 3d porn,Informational,260,"0.00,0.54,0.81,1.00,0.02,0.54,0.81,0.81,0.81,0.35,0.67,1.00",18,0.00,0.00,,1360000000
pprn dude,Navigational,260,"0.67,0.67,1.00,0.53,0.67,0.67,0.67,0.81,0.67,0.67,0.67,0.81",86,0.00,0.00,Sitelinks,
pron cartoon,Informational,260,"0.32,0.44,0.44,0.20,0.44,0.52,0.32,0.80,1.00,0.52,0.64,0.52",59,0.00,0.59,People also ask,2470000000
realistic toon porn,Informational,260,"0.23,0.42,0.82,0.67,0.82,0.67,0.67,1.00,0.67,0.67,0.67,0.67",20,0.00,0.00,,17700000
ruke34 animated,Navigational,260,"0.00,1.00,0.20,0.45,0.00,0.55,0.00,0.00,0.36,0.00,0.00,0.00",25,0.00,0.00,,278000000
sex 3d animated,Informational,260,"0.70,0.50,0.10,0.00,0.40,0.30,0.10,0.80,0.70,1.00,0.10,0.20",54,0.00,0.00,,942000000
sex 3d animation,Commercial,260,"0.00,0.00,0.44,0.36,0.29,0.19,1.00,0.36,0.36,0.44,0.07,0.24",46,0.00,0.00,,660000000
sex 3d cartoon,Informational,260,"0.00,0.00,0.13,0.24,0.00,0.00,0.82,0.16,0.19,0.44,0.10,1.00",41,0.00,0.00,,573000000
sex anal animation,Informational,260,"1.00,0.83,0.67,0.21,0.67,0.54,1.00,0.42,0.54,0.67,0.83,0.67",24,0.00,0.00,,62000000
sex cartoon free video,Informational,260,"0.23,0.66,0.28,0.28,0.82,0.82,0.35,0.35,1.00,0.66,1.00,1.00",53,0.00,0.00,,839000000
sex cartoons for free,Informational,260,"0.23,1.00,0.27,0.07,0.23,0.00,0.23,0.00,0.27,0.17,1.00,0.53",50,0.00,0.00,,205000000
sex videos animations,Informational,260,"0.13,0.44,0.00,0.22,0.80,0.36,0.22,0.44,0.53,1.00,0.44,0.36",35,0.00,0.00,,96400000
sexxx 3d,Informational,260,"0.40,0.00,0.00,0.20,0.00,1.00,0.00,0.00,0.00,0.20,0.00,0.00",60,0.00,0.00,,22300000
sfm futa porn,Informational,260,"0.28,0.81,0.53,0.81,0.81,0.66,1.00,1.00,1.00,0.81,0.81,0.81",18,0.00,0.00,,12400000
sfm gifs porn,Informational,260,"0.18,0.35,0.10,0.81,0.66,0.81,0.29,0.29,0.66,0.54,1.00,0.54",10,0.00,0.00,,8700000
sfm vr porn,Commercial,260,"0.19,1.00,0.54,0.54,0.67,0.54,0.67,0.67,0.54,0.44,0.54,0.54",12,0.00,0.00,Sitelinks,4670000
superheroine xfantazy,"Navigational, Transactional",260,"1.00,1.00,0.80,0.80,0.80,0.60,0.60,0.60,0.60,0.80,0.60,0.80",4,0.00,0.00,,57800
that one animator porn,Informational,260,"0.00,0.00,0.00,0.00,0.00,0.00,0.00,1.00,0.13,0.13,0.08,0.05",16,0.00,0.00,Sitelinks,1740000
the porno dude,Navigational,260,"0.00,0.00,0.00,0.00,0.00,0.00,0.00,0.00,0.00,0.00,0.00,0.00",63,0.00,0.00,Sitelinks,
the prondude,"Navigational, Commercial",260,"1.00,0.53,0.66,0.82,0.82,1.00,0.53,0.66,0.66,0.66,0.53,0.66",48,0.00,0.00,People also ask,25500
toon animated porn,Informational,260,"1.00,0.00,0.40,0.40,0.00,0.00,0.00,0.00,0.00,0.60,0.20,0.20",40,0.00,0.00,,50200000
uncensored 3d hentai,"Informational, Transactional",260,"0.00,0.00,0.00,0.00,0.00,0.00,0.00,1.00,0.00,0.00,0.02,0.00",22,0.00,0.00,,155000000
uncensored 3d porn,"Informational, Transactional",260,"0.28,1.00,1.00,1.00,1.00,0.81,0.81,1.00,0.81,0.81,0.53,0.81",17,0.00,0.00,,437000000
video game characters porn,Informational,260,"0.02,0.23,0.19,0.19,0.23,0.19,0.28,0.67,0.67,1.00,0.23,0.54",18,0.00,0.00,,351000000
3d animated futanari,Informational,210,"0.00,0.00,0.80,1.00,0.00,0.00,0.53,0.53,0.67,0.29,0.67,0.80",24,0.00,0.00,People also ask,2360000
3d animated porn videos,Informational,210,"0.17,0.20,0.03,0.67,0.53,0.43,0.80,0.80,0.67,0.20,0.33,1.00",58,0.00,0.00,,552000000
3d animation video porn,Commercial,210,"0.18,0.54,0.81,0.43,0.54,0.35,0.18,0.29,0.66,1.00,0.14,0.14",51,0.00,0.00,,279000000
3d anime nude,Informational,210,"1.00,0.53,0.53,0.81,0.81,0.64,0.64,0.64,0.81,0.42,0.64,0.53",34,0.00,0.00,,161000000
3d blender porn,Commercial,210,"1.00,0.12,0.29,0.23,0.15,0.15,0.23,0.23,0.23,0.15,0.15,0.19",18,0.00,0.00,Sitelinks,7970000
3d bondage porn,Informational,210,"1.00,0.35,0.35,0.44,0.67,0.35,0.29,0.55,0.35,0.55,0.29,0.44",18,0.00,0.00,,116000000
3d breeding porn,Informational,210,"1.00,0.23,0.55,0.23,0.35,0.23,0.44,0.29,0.29,0.29,0.44,0.44",18,0.00,0.00,,36100000
3d cartoon videos porn,Informational,210,"0.18,0.55,0.55,1.00,0.00,0.82,0.35,0.29,0.55,0.55,0.18,0.14",56,0.00,0.00,,60100000
3d demonic porn,Informational,210,"0.18,0.43,0.18,0.18,0.66,0.66,0.29,0.29,0.54,1.00,0.04,0.22",30,0.00,0.00,,97700000
3d disney porn compilation,Informational,210,"1.00,0.00,0.00,0.00,0.00,0.00,0.00,0.00,0.00,0.00",9,0.00,0.00,,6470000
3d erotic,Informational,210,"0.28,0.81,0.53,0.42,1.00,0.53,0.53,0.64,0.64,0.42,0.64,0.81",60,0.00,0.00,,152000000
3d erotica,Informational,210,"0.34,0.53,0.81,0.81,0.13,0.44,0.53,1.00,0.13,0.06,0.09,0.28",50,0.00,0.00,People also ask,98800000
3d futa fucks girl,Informational,210,"1.00,0.00,0.00,0.00,0.00,0.00,0.00,0.00,0.00,0.00,0.00,0.00",20,0.00,0.00,,387000000
3d futa sex videos,Informational,210,"0.28,0.34,0.53,0.43,0.65,0.81,0.81,1.00,0.81,0.53,0.65,0.53",31,0.00,0.00,,359000000
3d hardcore cartoon,Informational,210,"0.28,0.22,0.13,1.00,1.00,0.35,0.28,0.28,0.19,0.43,0.07,0.13",29,0.00,0.00,,169000000
3d hardcore cartoons,Informational,210,"0.15,0.12,0.07,0.15,1.00,0.36,0.19,0.15,0.15,0.23,0.15,0.19",33,0.00,0.00,,186000000
3d hebtai,Commercial,210,"0.65,0.65,0.80,0.80,0.80,0.65,0.80,1.00,0.65,0.65,0.80,0.80",50,0.00,0.00,,41400000
3d hentai website,Commercial,210,"1.00,0.00,0.00,0.00,0.00,0.00,0.00,0.00,0.00,0.00,0.00,0.00",48,0.00,0.00,Sitelinks,303000000
3d hentei sex,Commercial,210,"0.17,0.56,0.56,0.28,0.17,0.83,0.22,0.28,0.83,1.00,0.08,0.17",44,0.00,0.00,,62600000
3d hentyai,Commercial,210,"1.00,0.00,0.00,0.00,0.00,0.00,0.00,0.00,0.00,0.00,0.00,0.00",57,0.00,0.00,,91300000
3d monster animation porn,Informational,210,"0.22,0.67,1.00,0.53,1.00,0.53,1.00,0.27,0.36,0.27,0.81,0.53",26,0.00,0.00,,67400000
3d monster porn animation,Informational,210,"0.22,0.67,0.67,0.27,0.67,0.53,0.22,0.36,1.00,0.67,0.27,0.27",26,0.00,0.00,,69800000
3d monster porn videos,Informational,210,"0.23,0.27,0.11,0.34,0.23,0.52,0.66,0.82,0.16,0.82,1.00,0.82",32,0.00,0.00,,184000000
3d movie porn,Informational,210,"0.00,0.00,0.00,0.00,0.00,0.00,0.13,1.00,0.67,1.00,0.44,0.44",21,0.00,0.00,,527000000
3d por n,Commercial,210,"0.00,0.00,0.00,1.00,0.00,0.77,0.16,0.00,0.00,0.00,0.00,0.00",65,0.00,0.00,,1810000000
3d porn cartoon videos,Informational,210,"0.00,0.28,0.13,0.22,0.19,0.28,0.13,1.00,0.81,0.81,1.00,0.81",61,0.00,0.00,,426000000
3d porn film,Informational,210,"0.45,0.12,0.04,0.00,0.54,1.00,0.00,0.00,0.00,0.45,0.12,0.15",17,0.00,0.00,,518000000
3d porn free,Informational,210,"0.33,0.21,0.29,0.13,0.21,1.00,0.13,0.17,0.13,0.21,0.29,0.29",61,0.00,0.00,,1470000000
3d porn hot,"Informational, Transactional",210,"0.22,0.36,0.22,0.27,0.67,0.53,0.12,1.00,0.22,1.00,0.81,0.81",49,0.00,0.00,,947000000
3d pron pics,Informational,210,"0.22,0.44,0.11,0.80,1.00,0.36,0.11,0.22,0.67,0.18,0.04,0.22",6,0.00,0.00,,192000000
3d real porn,Informational,210,"0.65,0.13,0.52,0.35,0.42,0.35,0.13,0.13,0.26,0.16,0.16,1.00",15,0.00,0.00,,1640000000
3d scat porn,Informational,210,"1.00,0.35,0.54,0.43,0.43,0.35,0.35,0.43,0.35,0.43,0.29,0.29",6,0.00,0.00,,28500000
3d teen porn,Informational,210,"0.01,0.11,0.01,1.00,0.11,0.01,0.02,0.01,0.01,0.00,0.01,0.00",14,0.00,0.00,,1520000000
3d watching porn,"Informational, Commercial",210,"1.00,0.00,0.00,0.00,0.00,0.00,0.00,0.00,0.00,0.00,0.00,0.00",32,0.00,0.00,Sitelinks,732000000
3d 色情 動漫,Informational,210,"0.14,0.44,0.08,0.17,1.00,1.00,0.28,0.28,0.56,0.44,0.03,0.11",17,0.00,0.00,,6820000
3dcartoon porn,Informational,210,"0.00,0.00,0.00,0.00,0.00,0.06,0.00,1.00,0.00,0.00,0.00,0.00",56,0.00,0.00,,610000000
3dhentai sex,Commercial,210,"0.17,0.53,0.17,0.43,0.80,0.43,0.20,0.27,0.27,1.00,0.13,0.17",47,0.00,0.00,,69000000
3dpor,Commercial,210,"0.02,0.02,0.10,0.06,1.00,0.81,0.81,0.43,0.54,0.43,0.66,0.43",43,0.00,0.00,,1550000
3dporn anime,Informational,210,"0.00,0.00,0.00,0.00,0.50,1.00,0.00,0.00,0.00,0.00,0.00,0.00",63,0.00,0.00,,35800000
3dporn young,"Informational, Commercial",210,"0.54,0.83,0.83,0.42,0.83,0.67,0.21,0.42,1.00,0.33,0.21,0.33",13,0.00,0.00,People also ask,23100000
4k 3d porn,Commercial,210,"0.22,1.00,0.81,0.81,0.43,0.54,0.43,0.67,0.35,0.67,0.54,0.54",18,0.00,0.00,,109000000
ai furry satanic porn,Informational,210,"1.00,0.00,0.00,0.00,0.00,0.00,0.00,0.00,0.00,0.00",0,0.00,0.00,,1500000
anated porn,Informational,210,"0.00,0.00,0.00,0.00,0.00,1.00,0.00,0.00,0.00,0.00,0.00,0.00",38,0.00,0.00,,1640000000
animal crossing porn gif,Informational,210,"0.25,0.67,0.83,1.00,1.00,0.67,0.67,0.67,0.67,0.67,0.67,0.67",3,0.00,0.00,,7660000
animasyon porna,Commercial,210,"0.22,0.67,0.27,0.07,0.81,0.81,0.36,0.36,0.81,0.67,1.00,1.00",58,0.00,0.00,,1110000
animated free porn,Informational,210,"0.00,0.00,0.00,0.00,0.00,0.00,0.00,0.14,0.91,0.14,1.00,0.32",44,0.00,0.00,,775000000
animated free porn videos,Informational,210,"0.21,0.67,0.67,0.67,1.00,1.00,0.21,0.33,1.00,0.25,0.17,0.25",55,0.00,0.00,,771000000
animated hard core porn,Informational,210,"0.40,0.60,0.20,0.80,0.80,1.00,1.00,0.60,0.80,0.80,0.80,0.80",25,0.00,0.00,,76800000
animated po rn,Informational,210,"0.00,0.00,0.00,0.05,0.04,0.00,1.00,0.00,0.00,0.00,0.00,0.00",,0.00,0.00,,1040000000
animated porn pov,Informational,210,"0.83,0.17,0.08,0.22,0.14,1.00,0.17,0.67,0.36,0.67,0.22,0.36",21,0.00,0.00,,661000000
animated porn site,Commercial,210,"0.18,0.23,0.44,0.18,0.09,0.35,0.35,0.82,1.00,1.00,1.00,1.00",56,0.00,0.00,Sitelinks,501000000
animated porn videos free,Informational,210,"0.16,0.52,0.80,0.52,0.52,0.44,0.16,0.28,0.80,1.00,0.12,0.28",52,0.00,0.00,,773000000
animated realistic porn,Informational,210,"1.00,0.14,0.56,0.56,0.28,0.56,0.44,0.28,0.36,0.22,0.28,0.56",23,0.00,0.00,,553000000
animated s3x,Informational,210,"0.29,0.35,0.22,0.22,0.66,0.66,0.29,0.22,0.54,1.00,0.10,0.29",30,0.00,0.00,,8850000
animated sexual videos,Informational,210,"0.00,0.00,0.00,0.00,1.00,1.00,0.00,0.00,1.00,0.00,0.00,0.00",30,0.00,0.00,,1160000000
animated videos sex,Informational,210,"0.00,0.50,0.00,0.00,0.50,0.00,0.00,0.00,0.50,1.00,0.00,0.00",28,0.00,0.00,,716000000
animated xnxx,"Navigational, Transactional",210,"0.00,0.00,0.50,0.50,0.50,1.00,0.75,0.25,0.50,0.25,0.25,0.25",25,0.00,0.00,Sitelinks,537000000
animated.porn,"Informational, Transactional",210,"0.00,0.00,0.00,0.00,1.00,0.00,0.00,0.00,0.00,0.00,0.00,0.00",39,0.00,0.00,,1110000000
animatid sex,Informational,210,"0.00,0.00,0.00,0.00,0.00,0.00,0.00,0.00,0.00,1.00,0.00,0.00",33,0.00,0.00,,1630000000
animation 3d sex videos,Informational,210,"0.27,0.82,0.33,0.27,1.00,1.00,0.44,0.44,0.82,0.82,0.15,0.53",54,0.00,0.00,,708000000
animation bdsm porn,Informational,210,"0.23,0.66,0.66,0.66,1.00,0.52,0.34,0.82,0.82,0.27,0.11,0.23",23,0.00,0.00,,106000000
animation compilation porn,Transactional,210,"0.27,1.00,0.66,0.66,0.66,0.66,0.66,0.82,0.66,0.66,0.66,0.66",22,0.00,0.00,,179000000
animation naked sex,Informational,210,"0.38,0.03,0.03,0.15,0.06,1.00,0.12,0.21,0.09,0.12,0.09,0.09",24,0.00,0.00,,251000000
animation nude,Informational,210,"0.00,0.00,0.00,0.05,0.00,0.00,0.00,1.00,0.00,0.00,0.00,0.00",41,0.00,0.00,,365000000
animation poen,Informational,210,"0.81,0.81,0.65,0.81,0.65,0.81,0.81,0.81,1.00,1.00,1.00,0.81",39,0.00,0.00,,11100000
animation porn free,Informational,210,"0.00,0.00,0.00,0.00,0.50,0.50,1.00,0.00,1.00,0.50,0.50,0.50",66,0.00,0.00,,467000000
animation porn sites,Commercial,210,"0.42,0.13,0.67,0.42,0.42,0.67,1.00,0.67,0.42,0.33,0.42,0.33",,0.00,0.00,,702000000
animation porns,Informational,210,"0.00,0.00,0.00,0.00,0.00,0.00,1.00,0.00,0.00,0.00,0.00,0.00",39,4.43,0.10,,881000000
animation prn,Informational,210,"0.52,0.52,0.64,0.64,0.80,0.80,1.00,1.00,0.80,1.00,0.80,1.00",40,0.00,0.00,,41200000
animation video porn,"Informational, Transactional",210,"0.00,1.00,0.15,0.00,0.08,0.00,0.08,0.31,0.23,0.00,0.00,0.00",38,0.00,0.00,,892000000
animation vr porn,Informational,210,"0.14,0.14,0.22,0.22,0.22,0.22,0.36,1.00,0.56,0.17,0.56,0.17",33,0.00,0.00,,147000000
anime porn elves,"Informational, Commercial",210,"0.39,0.07,0.05,0.10,0.05,1.00,0.10,0.12,0.12,0.12,0.10,0.10",23,0.00,0.00,,2990000
anime porn good,Commercial,210,"0.18,0.54,0.81,0.43,0.54,0.35,0.66,0.29,0.29,1.00,0.18,0.22",39,0.00,0.00,"Sitelinks, People also ask",282000000
anime.porn 3d,Informational,210,"0.00,0.00,0.00,0.00,0.00,0.00,0.09,0.00,0.00,1.00,0.88,0.71",38,0.00,0.00,,421000000
animed pron,Informational,210,"0.00,0.00,0.00,0.00,0.25,1.00,0.00,0.50,0.00,0.00,0.25,0.25",55,0.00,0.00,,77700000
animesex 3d,Informational,210,"0.00,0.00,1.00,0.75,0.08,0.21,0.04,0.00,0.00,0.00,0.00,0.00",71,1.42,0.02,,13700000
animion porn,Informational,210,"0.00,0.00,0.00,0.00,0.00,0.00,0.00,1.00,0.00,0.00,0.00,0.00",37,0.00,0.00,,1060000000
anmation porn,Informational,210,"0.00,0.00,0.00,0.00,0.13,0.19,1.00,0.25,0.13,0.06,0.13,0.00",51,0.00,0.00,,546000000
best 3 d porn,Commercial,210,"0.25,0.00,0.00,0.00,0.44,1.00,0.13,0.31,0.06,0.31,0.06,0.00",58,0.00,0.00,,1920000000
best 3d porn anime,Commercial,210,"0.19,0.54,0.54,0.54,0.81,0.67,0.19,0.28,0.67,1.00,0.13,0.22",50,0.00,0.00,,361000000
best 3d porn websites,Commercial,210,"0.08,0.08,0.28,0.03,0.67,0.83,1.00,0.56,0.56,0.14,0.67,0.83",47,0.00,0.00,Sitelinks,1100000000
best animated porn site,Commercial,210,"0.23,0.12,0.19,0.07,0.23,0.12,0.12,0.44,0.23,1.00,0.23,0.44",50,0.00,0.00,"Sitelinks, People also ask",819000000
best animated porn videos,Commercial,210,"0.15,0.66,0.66,0.28,1.00,0.28,0.54,0.35,0.15,0.18,0.15,0.23",36,0.00,0.00,,1390000000
best cartoon porn site,Commercial,210,"0.82,0.65,0.65,0.65,0.15,0.65,1.00,0.82,0.82,0.82,0.65,0.65",29,0.00,0.00,Sitelinks,1190000000
best realistic anime porn,Commercial,210,"1.00,0.01,0.16,0.36,0.01,0.03,0.05,0.01,0.01,0.03,0.01,0.01",24,0.00,0.01,,84400000
best site for 3d porn,Commercial,210,"0.82,0.18,0.55,0.00,1.00,0.18,0.67,0.55,0.18,0.55,0.35,0.44",50,0.00,0.00,Sitelinks,298000000
bokep anime 3 d,Informational,210,"1.00,0.65,0.54,0.65,0.27,0.54,0.65,0.54,0.65,0.65,0.08,0.08",32,0.00,0.00,,68200000
cartoon and porn,Informational,210,"0.00,0.00,0.00,0.00,0.00,0.00,0.00,0.00,0.00,0.00,0.00,0.00",52,0.00,0.00,,662000000
cartoon free video sex,Informational,210,"0.23,0.66,0.28,0.28,0.82,0.82,0.35,0.35,1.00,0.66,0.05,0.23",36,0.00,0.00,,277000000
cartoon futas,"Informational, Commercial",210,"1.00,0.09,0.81,0.43,0.81,0.22,0.43,0.28,0.13,0.00,0.35,0.28",21,0.00,0.00,,87800000
cartoon hardcore 3d,Informational,210,"0.15,0.12,0.07,0.15,1.00,0.36,0.19,0.15,0.15,0.23,0.15,0.19",19,0.00,0.00,,
cartoon henti videos,Informational,210,"0.35,0.43,0.28,0.28,0.53,1.00,0.35,0.35,0.35,0.53,1.00,1.00",59,0.00,0.00,,30600000
cartoon lorn,Informational,210,"0.65,0.65,0.82,0.65,0.53,0.65,1.00,0.82,0.65,0.82,0.65,0.65",60,0.00,0.00,,
cartoon movie porn,Informational,210,"0.38,0.38,1.00,0.03,0.03,0.06,0.09,0.09,0.03,0.03,0.03,0.21",36,0.00,0.00,,390000000
cartoon porn sex,Informational,210,"0.14,0.11,0.09,0.14,0.11,0.14,0.11,0.11,0.11,1.00,0.09,0.14",60,0.00,0.00,,1700000000
cartoon porn site,Commercial,210,"1.00,1.00,1.00,0.00,0.00,0.00,1.00,1.00,1.00,0.00,0.00,0.00",50,0.00,0.00,,872000000
cartoon pornh,Informational,210,"0.00,0.00,0.00,0.00,0.00,1.00,0.00,0.00,0.00,0.00,0.00,0.00",78,0.00,0.00,,1770000
cartoon sex animation,Informational,210,"0.00,0.00,0.05,0.02,0.09,0.09,0.02,0.54,0.66,1.00,0.36,0.36",38,0.00,0.00,,776000000
cartoon sex clips free,Informational,210,"0.23,0.66,0.28,0.28,0.82,0.82,0.35,0.35,1.00,0.66,1.00,1.00",56,0.00,0.00,,1410000000
cartoon3d porn,Informational,210,"1.00,0.00,0.00,0.19,0.00,0.00,0.00,0.00,0.00,0.00,0.00,0.00",54,0.00,0.00,,822000000
cartoonsex free,Informational,210,"0.19,0.83,0.36,0.56,1.00,0.00,0.19,0.00,0.00,0.00,0.00,0.00",62,0.86,0.08,,13500000
dudporn,Commercial,210,"0.22,0.22,0.30,1.00,0.11,0.14,0.14,0.30,0.14,0.22,0.35,0.14",36,2.77,0.14,,10200
forced 3d porn,Informational,210,"0.14,0.28,0.11,0.14,1.00,0.14,0.36,0.28,0.22,0.67,0.22,0.56",1,0.00,0.00,,88700000
free 3d hentia,Informational,210,"0.43,0.67,1.00,0.67,0.81,0.53,0.36,0.36,1.00,0.53,0.22,0.27",49,0.00,0.00,,44000000
free 3d monster porn,Informational,210,"0.23,0.43,0.53,0.43,0.43,0.35,1.00,0.82,0.66,0.66,0.82,0.66",28,0.00,0.00,,234000000
free 3d porn clips,Informational,210,"0.23,0.43,1.00,0.53,0.53,0.43,0.53,0.53,0.53,0.66,0.53,0.66",67,0.00,0.00,,848000000
free cartoon sex clips,Informational,210,"0.23,0.66,0.66,0.53,0.66,0.43,0.35,0.35,1.00,0.66,0.17,0.17",64,0.00,0.00,,934000000
free video sex cartoon,Informational,210,"0.22,0.67,0.28,0.28,0.81,0.81,0.35,0.35,1.00,0.67,1.00,1.00",50,0.00,0.00,,1260000000
freeporn animation,Informational,210,"0.00,0.00,0.00,0.00,1.00,0.00,0.00,0.00,0.00,0.00,0.50,0.50",46,0.00,0.00,,272000000
fucking cartoon,Informational,210,"0.80,0.65,0.80,0.80,0.80,0.65,1.00,0.80,0.80,0.80,0.53,0.65",34,0.00,0.00,,1730000000
furry porn websites,Commercial,210,"0.40,0.80,0.40,0.30,0.30,0.30,0.30,0.10,0.70,0.70,0.80,1.00",24,0.00,0.00,Sitelinks,17900000
futa 3d animation porn,Informational,210,"0.28,0.28,0.28,0.43,1.00,0.34,0.28,1.00,1.00,0.81,1.00,1.00",29,0.00,0.00,,133000000
futa porn sites,Commercial,210,"0.65,0.65,0.80,0.80,0.80,1.00,1.00,1.00,0.65,1.00,0.65,0.80",23,0.00,0.00,,414000000
futanari cartoon sex,Informational,210,"0.30,0.70,1.00,0.80,0.80,0.80,1.00,1.00,1.00,0.80,0.80,1.00",29,0.00,0.00,,129000000
futanari porn sites,Commercial,210,"0.65,0.52,0.43,0.65,0.65,0.43,0.52,0.80,0.80,1.00,0.80,0.80",16,0.00,0.00,,462000000
giantess porn gif,Informational,210,"0.34,0.80,0.65,0.80,0.80,0.80,1.00,0.65,0.65,1.00,0.80,0.80",9,0.00,0.00,,
hentai 3d uncensored,"Informational, Transactional",210,"0.00,0.00,0.00,0.00,0.00,0.00,0.00,0.00,0.00,1.00,0.00,0.00",17,0.00,0.00,,155000000
hentaii 3d,Commercial,210,"0.53,0.65,1.00,0.80,1.00,1.00,1.00,0.80,0.80,1.00,1.00,1.00",50,0.00,0.00,,21500000
hitomila futanari,"Navigational, Transactional",210,"0.29,0.35,0.10,0.22,0.14,0.66,0.29,0.29,0.81,1.00,0.06,0.29",10,0.00,0.00,,2230000
horror gore porn manga fighting each other,Informational,210,"1.00,0.00,0.00,0.00,0.00,0.00,0.00,0.00,0.00",18,0.00,0.00,Sitelinks,412000
inflation animation porn,Informational,210,"1.00,0.29,0.35,0.43,0.35,0.35,0.43,0.43,0.35,0.54,0.35,0.43",17,0.00,0.00,,
monster 3d hentai,Informational,210,"0.01,0.01,0.05,0.05,0.00,1.00,0.05,0.01,0.00,0.00,0.00,0.00",31,0.00,0.00,,183000000
nude cartoon 3d,Informational,210,"1.00,0.80,0.54,0.26,0.54,0.65,1.00,1.00,0.80,0.80,1.00,0.65",47,0.00,0.00,,141000000
nude porn cartoon,Informational,210,"0.23,0.53,0.66,0.66,0.53,0.43,1.00,0.53,0.66,0.28,0.66,0.66",62,0.00,0.00,,599000000
oorn dude,Informational,210,"0.80,1.00,0.80,1.00,0.80,0.80,0.80,1.00,0.80,1.00,1.00,1.00",28,0.00,0.00,Sitelinks,
orc gay porn 3d animated twitter,"Informational, Transactional",210,"1.00,0.00,0.00,0.00,0.00,0.00,0.00,0.00,0.00",27,0.00,0.00,,635000
p o r n cartoon,"Informational, Transactional",210,"1.00,0.00,0.00,0.00,0.00,0.00,0.00,0.00,0.00,0.00,0.00,0.00",58,0.00,0.00,,1660000000
porb dude,Navigational,210,"1.00,0.28,0.28,0.54,0.28,0.23,0.23,0.23,0.28,0.35,0.28,0.35",71,0.00,0.00,Sitelinks,4120000
porcore.com,Navigational,210,"0.66,0.35,0.44,0.54,0.44,0.00,0.00,0.00,0.00,1.00,0.81,0.01",66,1.77,0.24,Sitelinks,
porn 3d animated,Commercial,210,"0.00,0.00,1.00,0.03,0.29,0.00,0.00,0.00,0.00,0.00,0.06,0.00",39,0.00,0.00,,394000000
porn 3d model,Informational,210,"0.23,0.43,0.66,0.82,1.00,0.43,0.53,0.66,0.53,0.53,0.66,0.66",17,0.00,0.00,,488000000
porn 3d videos,Informational,210,"0.00,0.00,0.54,0.54,1.00,1.00,0.54,0.00,0.31,0.54,0.38,0.31",69,0.00,0.00,,2050000000
porn adult animation,"Informational, Transactional",210,"0.18,0.67,0.55,0.18,0.55,0.67,0.23,0.29,0.82,1.00,0.18,0.23",30,0.00,0.00,,312000000
porn animaton,Informational,210,"0.00,0.02,0.00,1.00,0.00,0.00,0.00,0.00,0.00,0.00,0.55,0.00",43,0.00,0.00,,580000000
porn anumated,Informational,210,"0.00,0.00,1.00,0.00,0.00,0.00,0.00,0.00,0.00,0.00,0.00,0.00",40,0.00,0.00,,1150000000
porn cass,"Informational, Transactional",210,"0.22,0.36,0.12,0.27,0.53,0.36,0.17,1.00,1.00,1.00,1.00,1.00",30,0.00,0.00,,15400000
porn dude .com,Navigational,210,"1.00,0.66,0.44,0.06,0.09,0.06,0.09,0.09,0.12,1.00,0.06,0.01",69,0.00,0.00,Sitelinks,123000000
porn dudue,Navigational,210,"0.00,0.00,0.00,0.00,0.00,0.00,0.04,0.00,0.00,0.00,1.00,0.00",74,0.00,0.00,Sitelinks,619000000
porn dued,"Navigational, Commercial",210,"0.80,0.80,0.80,0.40,0.40,0.60,0.60,0.80,0.40,0.60,0.60,1.00",78,0.00,0.00,Sitelinks,494000000
porn futa animated,"Informational, Transactional",210,"0.18,0.22,0.43,0.22,0.35,0.29,0.14,1.00,0.29,1.00,0.81,1.00",30,0.00,0.00,,178000000
porn videos animated,Informational,210,"0.00,0.00,0.21,0.26,0.21,0.26,0.01,1.00,0.14,0.05,0.59,0.04",48,0.00,0.00,,1030000000
porndude.ciom,Navigational,210,"0.81,0.00,1.00",82,0.00,0.00,Sitelinks,899
pornhub 3d animation,Transactional,210,"0.23,0.42,1.00,0.67,0.67,0.42,0.53,0.53,0.53,0.42,0.35,0.35",40,0.00,0.00,,134000000
porno cartoons,Informational,210,"0.07,0.02,0.52,0.66,0.52,1.00,0.66,0.82,0.82,0.66,0.66,0.11",68,0.00,0.00,People also ask,800000000
porno toy chica,"Informational, Transactional",210,"0.00,0.00,0.00,0.00,0.00,0.00,0.00,0.00,0.00,0.00,0.00,1.00",30,0.00,0.00,,51200000
robots movie porn,Commercial,210,"0.15,0.36,0.44,0.29,0.54,0.19,0.36,1.00,0.66,0.36,0.29,0.36",12,0.00,0.00,,11300000
rule 34 3d animation,Navigational,210,"0.21,0.21,0.81,0.65,0.65,0.65,0.53,0.81,0.81,0.65,1.00,0.81",20,0.00,0.00,,222000000
rule34 animted,"Navigational, Transactional",210,"0.00,0.00,1.00,0.19,0.44,0.00,0.10,0.15,0.67,0.19,0.00,0.00",30,0.00,0.00,,637000000
rule34vid 3ddeed,Navigational,210,"1.00,0.00,0.00,0.00,0.00,0.00,0.00,0.00,0.00,0.00,0.00",25,0.00,0.00,,208
sfm compile futa,Navigational,210,"0.81,0.81,1.00,0.81,0.81,0.81,1.00,0.81,0.65,0.81,0.81,0.65",,0.00,0.00,"Sitelinks, People also ask",368000
sfm porn videos,Commercial,210,"1.00,0.42,0.81,0.65,1.00,0.81,0.65,0.81,0.81,1.00,0.65,0.81",31,0.00,0.00,,26500000
sfm pov porn,Informational,210,"0.81,0.64,0.81,0.64,1.00,0.64,0.53,0.64,0.64,0.81,0.81,0.64",18,0.00,0.00,,16600000
the pirndude,Navigational,210,"0.05,0.03,0.05,0.05,0.04,0.04,0.04,0.03,0.04,1.00,0.02,0.05",69,0.59,0.00,"Sitelinks, People also ask",15000
the pornsude,Commercial,210,"0.80,0.80,1.00,0.65,1.00,0.80,0.80,0.80,0.53,0.80,0.80,1.00",58,0.00,0.00,,
the potn dude,"Navigational, Commercial",210,"0.65,0.65,0.80,0.80,0.80,0.80,1.00,0.65,0.80,1.00,0.65,1.00",84,0.00,0.00,"Sitelinks, People also ask",7010000
toon animation porn,"Informational, Transactional",210,"0.11,0.29,0.11,0.29,0.29,0.22,0.09,0.18,1.00,0.67,0.07,0.11",36,0.00,0.00,,66200000
videos of animated sex,Informational,210,"0.00,1.00,1.00,1.00,1.00,1.00,0.00,1.00,1.00,0.00,1.00,1.00",35,0.00,0.00,,1120000000
xnxx animation porn,"Navigational, Transactional",210,"0.82,0.82,1.00,0.82,0.82,0.42,0.23,0.27,0.23,0.53,0.12,0.23",29,0.00,0.00,,412000000
xvideos 3d animation,"Navigational, Transactional",210,"0.28,0.34,0.65,0.52,0.80,1.00,0.80,1.00,0.80,0.80,0.65,0.65",35,0.00,0.00,,220000000
xxx انیمیشن,"Informational, Navigational",210,"0.82,0.82,0.67,1.00,0.67,0.67,1.00,0.67,0.13,0.36,0.03,0.00",44,0.00,0.00,,3210000
xxx3d cartoons,Informational,210,"0.20,0.43,0.33,0.33,0.67,0.80,0.67,0.27,0.43,0.80,0.27,1.00",55,0.00,0.00,,3470000
young 3dporn,Informational,210,"0.19,0.50,0.50,0.25,0.50,0.81,0.19,0.25,0.25,1.00,0.06,0.19",13,0.00,0.00,,23400000
کارتونی سکس,Informational,210,"0.10,0.10,0.10,0.10,0.20,0.70,1.00,0.10,0.10,0.50,0.30,0.20",45,0.00,0.00,,785000000
動漫 porn,Informational,210,"0.43,0.43,0.34,0.28,1.00,1.00,0.43,0.34,0.43,0.65,0.81,0.81",52,0.00,0.00,,16400000
3 d animation sex,Informational,170,"0.00,1.00,0.00,0.00,0.00,0.00,0.00,0.00,0.00,0.00,0.00,0.00",36,0.00,0.00,,670000000
3 d anime porn,Informational,170,"0.00,0.00,1.00,1.00,0.00,1.00,0.00,0.00,0.00,0.00,0.00,0.00",,0.00,0.00,,808000000
3 d porn videos,Informational,170,"0.00,0.00,0.21,0.21,0.65,1.00,0.43,1.00,0.65,1.00,0.65,0.34",60,0.00,0.00,,2050000000
3d adult cartoons,Informational,170,"0.64,0.64,0.64,0.64,0.33,1.00,0.53,0.81,0.64,0.53,0.33,0.42",25,0.00,0.00,"Sitelinks, People also ask",86100000
3d adult video,Informational,170,"0.21,0.21,0.12,0.12,0.65,0.65,0.81,0.81,0.34,0.65,0.81,1.00",50,0.00,0.00,,1350000000
3d animated free porn,Commercial,170,"0.33,0.65,0.26,0.80,0.80,0.54,0.54,0.41,1.00,1.00,0.33,0.33",54,0.00,0.00,,305000000
3d animated futanari porn,Informational,170,"0.28,0.28,0.28,0.43,1.00,0.34,0.28,0.81,0.28,0.81,1.00,1.00",30,0.00,0.00,,120000000
3d animated porn games,Commercial,170,"0.35,0.53,0.65,0.65,0.65,0.53,0.65,0.65,0.53,1.00,0.80,0.53",51,0.00,0.00,,267000000
3d animated sex clips,Informational,170,"0.28,0.81,0.34,0.65,0.28,1.00,0.43,0.43,0.81,0.81,0.15,0.53",50,0.00,0.00,,447000000
3d animated sex videos,Commercial,170,"0.00,0.00,0.65,0.65,0.65,0.43,0.65,1.00,0.65,0.65,0.43,0.53",49,0.00,0.00,,568000000
3d animation free porn,Informational,170,"0.33,0.65,0.26,0.65,1.00,0.54,0.41,0.41,1.00,1.00,0.26,0.41",55,0.00,0.00,,1080000000
3d animation futanari porn,Informational,170,"0.34,0.65,0.34,0.80,0.80,0.53,1.00,1.00,0.80,0.65,0.80,1.00",24,0.00,0.00,,
3d animation porn monster,Informational,170,"1.00,0.36,0.22,0.27,0.22,0.36,0.17,0.27,0.27,0.53,0.81,0.36",34,0.00,0.00,,68900000
3d animation porn videos,Commercial,170,"0.00,0.00,0.82,0.52,1.00,0.52,0.66,0.43,0.66,0.66,0.66,0.52",52,0.00,0.00,,337000000
3d animation sex gif,Informational,170,"0.28,0.34,0.21,0.34,0.65,0.53,0.34,0.81,0.21,1.00,0.65,0.81",42,0.00,0.00,,168000000
3d anime porm,Informational,170,"0.00,0.00,1.00,0.00,0.00,0.00,0.00,0.00,0.00,0.00,0.00,0.00",50,0.00,0.00,,40900000
3d cartoon futa,Informational,170,"0.42,0.65,0.53,0.65,1.00,0.65,0.53,0.65,0.65,0.53,0.53,0.65",25,0.00,0.00,,68200000
3d cartoon nude,Informational,170,"0.41,0.24,0.24,0.34,0.66,0.24,0.52,1.00,1.00,0.79,1.00,0.66",38,0.00,0.00,,155000000
3d film porn,Informational,170,"0.00,0.00,0.00,0.04,0.05,0.05,1.00,0.04,0.00,0.00,0.00,0.00",17,0.00,0.00,,525000000
3d futanari sex videos,Informational,170,"0.34,0.42,0.65,0.53,0.53,1.00,1.00,1.00,1.00,0.65,0.80,0.65",35,0.00,0.00,,502000000
3d futanati,Informational,170,"0.00,0.00,0.00,1.00,0.00,0.00,0.00,0.00,0.00,0.00,0.00,0.00",33,0.00,0.00,,478000000
3d gay porn animation,Informational,170,"1.00,0.20,0.10,0.27,0.17,0.53,0.33,0.80,0.27,0.33,0.67,0.53",31,0.00,0.00,,192000000
3d giant porn,Informational,170,"0.00,0.22,0.08,1.00,0.81,0.66,0.04,0.18,0.66,0.43,0.43,0.54",17,0.00,0.00,,203000000
3d gore porn,Informational,170,"0.33,0.65,0.80,0.65,0.80,0.41,1.00,0.54,0.65,0.65,0.65,0.54",2,0.00,0.00,,9700000
3d he tai,Commercial,170,"0.80,0.80,0.65,0.65,0.65,0.65,1.00,0.80,0.65,0.53,0.80,0.53",58,0.00,0.00,,143000000
3d hentia porn,Informational,170,"0.43,1.00,1.00,0.67,0.67,0.67,0.81,1.00,0.67,0.81,0.67,0.81",39,0.00,0.00,,34900000
3d hentsi,Commercial,170,"0.65,0.80,0.53,1.00,0.42,0.80,0.80,0.80,0.65,0.65,0.80,0.65",43,0.00,0.00,,661000
3d japanese porn,Informational,170,"0.00,0.14,0.14,1.00,0.14,0.10,0.22,0.54,0.18,1.00,0.18,0.66",19,0.00,0.00,,496000000
3d porn animations,Commercial,170,"0.00,0.25,0.63,0.50,0.38,0.00,0.38,0.00,0.88,0.13,0.00,1.00",43,0.00,0.00,,135000000
3d porn anime video,Informational,170,"0.25,0.67,0.13,0.33,0.67,1.00,0.42,0.42,0.42,0.67,0.83,0.83",61,0.00,0.00,,266000000
3d porn disney,"Informational, Transactional",170,"0.18,0.22,0.18,0.22,0.18,0.29,0.18,0.81,0.29,1.00,1.00,1.00",17,0.00,0.00,,62600000
3d porn full,Commercial,170,"0.28,0.34,0.43,0.65,0.52,0.34,1.00,0.65,0.43,0.65,0.80,0.80",53,0.00,0.00,,1410000000
3d porn toon,Informational,170,"0.00,0.00,0.62,0.31,0.38,0.23,0.38,1.00,0.38,0.54,0.62,0.62",32,0.00,0.00,,53300000
3d porn with story,Informational,170,"0.33,0.64,0.81,0.81,0.81,0.64,0.33,0.42,1.00,0.42,0.81,0.42",20,0.00,0.00,,642000000
3d porn zombie,Informational,170,"0.27,0.65,0.33,0.65,1.00,0.65,0.53,0.44,0.82,0.33,0.33,0.27",18,0.00,0.00,,23700000
3d realistic sex,Informational,170,"0.42,0.52,0.80,1.00,0.80,0.80,1.00,0.80,1.00,0.66,0.66,0.66",17,0.00,0.00,,151000000
3d sex animated,Informational,170,"0.00,0.00,0.00,0.00,0.00,0.00,0.36,0.29,0.54,1.00,0.44,0.19",60,0.00,0.00,,417000000
3d sex movies,Informational,170,"0.31,0.81,0.81,0.63,0.63,0.50,0.81,1.00,0.50,0.50,0.63,1.00",15,0.00,0.00,,960000000
3d sex porn,Informational,170,"0.77,0.08,0.38,0.38,0.31,0.08,0.54,0.08,0.08,1.00,0.08,0.38",65,0.00,0.00,People also ask,1300000000
3d sex tube,Informational,170,"0.80,0.50,1.00,0.40,1.00,0.80,0.80,0.50,0.70,0.70,0.50,0.40",58,0.00,0.00,,994000000
3d sexy porn,Informational,170,"0.35,0.80,0.80,1.00,0.80,0.53,0.65,0.65,0.65,0.65,0.53,0.53",68,0.00,0.00,,1900000000
3d toons porn,Commercial,170,"0.00,0.00,0.00,0.00,0.00,0.00,0.35,1.00,0.82,0.82,0.82,0.82",31,0.00,0.00,,61500000
3d video porn,Informational,170,"0.00,0.15,0.00,0.02,0.54,1.00,0.00,0.00,0.00,0.67,0.00,0.11",70,0.00,0.00,,1220000000
3d xxc,Informational,170,"0.35,0.65,0.15,0.42,1.00,0.65,0.35,0.42,0.53,1.00,1.00,1.00",53,0.00,0.00,,9490000
3d young porn,Informational,170,"0.03,0.06,0.09,0.09,0.06,0.09,1.00,0.12,0.12,0.00,0.00,0.09",9,0.00,0.00,,546000000
3d.porn,Informational,170,"0.00,0.00,0.00,0.00,0.00,0.00,0.00,0.00,0.00,0.00,1.00,0.00",60,0.00,0.00,,2380000000
3danime porn,Informational,170,"0.00,0.00,0.00,0.00,0.00,1.00,0.00,0.00,0.00,0.00,0.00,0.00",,0.00,0.00,,803000000
3dcartoon sex,Informational,170,"0.13,1.00,1.00,0.13,0.13,0.31,0.13,0.13,0.13,0.06,0.31,0.44",63,0.00,0.00,,1320000000
3dcg porn,Commercial,170,"0.33,0.42,0.64,0.81,0.42,0.64,0.64,0.64,0.64,1.00,0.17,0.81",31,0.00,0.00,,959000000
3ds pron,Informational,170,"0.43,0.53,0.34,0.43,1.00,1.00,0.43,0.34,0.43,0.53,0.81,0.53",25,0.00,0.00,Sitelinks,35500
3dsex anime,Informational,170,"0.29,0.14,0.14,0.14,1.00,0.29,0.14,0.14,0.29,0.43,0.14,0.14",52,0.00,0.00,,19400000
3dxxx cartoons,Informational,170,"1.00,1.00,0.66,0.66,1.00,0.66,1.00,1.00,1.00,0.81,1.00,0.53",50,0.00,0.00,,4170000
3dxxx porn,Informational,170,"1.00,0.67,0.23,0.54,0.36,0.54,0.18,0.18,0.54,0.23,0.28,0.23",68,0.00,0.00,,7400000
4k animated porn,Informational,170,"0.53,0.17,0.23,0.66,0.35,0.43,0.53,0.43,0.17,0.66,1.00,0.82",19,0.00,0.00,,248000000
4k animation porn,Informational,170,"0.80,1.00,0.26,0.42,0.65,0.42,0.80,1.00,0.42,1.00,1.00,1.00",27,0.00,0.00,People also ask,217000000
[prndude,Commercial,170,"0.07,0.07,0.00,1.00,0.00,0.00,0.00,0.00,0.00,0.00,0.00,0.00",9,0.00,0.00,Sitelinks,3880
adult cartoonporn,Informational,170,"0.39,0.07,0.05,0.12,0.00,1.00,0.00,0.00,0.12,0.12,0.10,0.10",34,0.00,0.00,,30900000
adult cartoons 3d,Informational,170,"0.28,0.33,0.65,0.81,0.52,0.65,1.00,0.81,0.43,0.52,0.52,0.43",34,0.00,0.00,,51900000
adult video animation,Informational,170,"0.43,0.65,0.28,0.65,0.65,0.81,0.28,0.43,0.81,1.00,0.28,0.33",34,0.00,0.00,,934000000
anamted porn,Informational,170,"0.00,0.00,1.00,0.30,0.00,0.00,0.45,0.00,0.00,0.00,0.00,0.00",40,4.43,0.10,,1200000000
aniamted porn,Informational,170,"0.00,0.24,0.04,0.00,0.00,0.00,0.00,0.76,0.44,0.00,0.00,1.00",37,0.00,0.00,,1490000000
animated pon,Informational,170,"0.03,0.03,0.03,0.00,0.00,0.08,0.08,0.30,1.00,0.06,0.03,0.06",43,0.00,0.01,,155000000
animated porn best,Commercial,170,"0.25,0.25,0.00,0.25,0.25,0.25,0.25,1.00,0.25,1.00,0.75,1.00",33,0.00,0.00,,683000000
animated porn com,Informational,170,"0.17,0.14,0.14,0.14,0.14,0.14,1.00,0.83,0.44,0.44,0.56,0.67",52,0.00,0.00,,1120000000
animated pov porn,Commercial,170,"0.82,0.14,0.23,0.23,1.00,0.23,0.18,0.23,0.29,0.29,0.23,0.35",23,0.00,0.00,,366000000
animated pprn,Informational,170,"0.28,0.53,0.65,0.81,0.65,0.53,0.65,1.00,0.34,0.34,0.34,0.28",48,0.00,0.00,,3450000
animated sex cartoon,Informational,170,"0.09,0.01,0.02,0.00,0.01,0.06,0.00,1.00,0.66,0.66,0.29,0.36",43,0.00,0.00,,453000000
animated videos porn,"Informational, Transactional",170,"0.00,0.00,0.00,0.00,0.11,0.00,0.00,0.00,0.00,0.07,1.00,0.05",45,0.00,0.00,People also ask,1010000000
animatied porn,Informational,170,"0.00,0.00,0.00,0.13,0.00,0.00,1.00,0.00,0.19,0.13,0.06,0.00",38,0.00,0.00,,1230000000
animation oorn,Informational,170,"0.51,0.81,1.00,0.67,1.00,0.67,0.67,0.81,0.67,0.51,0.81,0.81",39,0.00,0.00,,4160000
animation porn videos,Informational,170,"0.00,0.00,0.33,0.00,0.00,0.00,0.00,1.00,1.00,0.00,1.00,0.00",51,0.00,0.00,,895000000
animation pornvideos,Informational,170,"0.00,0.00,0.00,0.00,0.00,1.00,0.00,0.00,0.00,0.00,0.00,0.00",56,0.00,0.00,,571000000
animation sex xnxx,"Navigational, Transactional",170,"0.34,0.80,0.80,0.80,0.80,0.80,0.41,1.00,0.52,1.00,0.34,0.34",35,0.00,0.00,,393000000
animation x videos,Navigational,170,"0.00,0.00,1.00,0.01,0.00,0.13,0.00,0.13,0.03,0.08,0.00,0.05",31,0.00,0.00,Sitelinks,734000000
animationporn video,Commercial,170,"0.00,0.00,0.00,1.00,0.00,0.00,0.00,0.00,0.00,0.00,0.00,0.00",38,0.00,0.00,,2780000
anime 3d hentai,Informational,170,"0.00,1.00,0.00,0.00,0.00,0.00,0.00,0.00,0.00,0.00,0.00,0.00",23,0.00,0.00,,257000000
anime sex videos 3d,Informational,170,"0.28,0.81,0.43,0.28,0.28,1.00,0.43,0.81,0.65,0.43,0.21,0.21",33,0.00,0.00,People also ask,411000000
belly inflation animated porn,Informational,170,"0.80,0.41,0.52,0.64,0.64,0.64,0.41,0.64,1.00,0.52,0.41,0.52",27,0.00,0.00,People also ask,5160000
belly inflation animation porn,Informational,170,"0.35,0.53,0.80,0.80,0.80,0.65,0.80,1.00,0.80,0.65,1.00,1.00",23,0.00,0.00,,6830000
best animations porn,Commercial,170,"0.00,0.25,0.15,0.20,0.20,0.20,0.25,0.80,0.25,1.00,0.80,1.00",32,0.00,0.00,People also ask,178000000
cartoon animationporn,Informational,170,"0.00,0.25,0.00,0.00,0.50,0.75,0.25,0.25,0.75,1.00,0.00,0.25",47,0.00,0.00,,3410000
cartoon movie pron,Informational,170,"0.28,0.65,0.34,0.34,0.65,1.00,0.43,0.34,0.65,0.53,0.81,0.81",33,0.00,0.00,,82500000
cartoon poirn,Informational,170,"0.53,0.81,0.33,0.64,0.81,0.64,0.19,0.42,0.81,1.00,0.28,0.33",69,0.00,0.00,,310000
cartoon ponr,Informational,170,"1.00,0.66,0.81,0.66,0.81,1.00,0.66,0.81,0.81,0.81,0.66,0.66",52,0.00,0.00,,2800000
cartoon porn.com,Navigational,170,"0.27,0.17,1.00,1.00,1.00,0.43,0.17,0.10,0.07,0.00,0.10,0.10",63,0.00,0.00,Sitelinks,836000000
cartoon pov porn,Commercial,170,"1.00,0.28,0.35,0.35,0.35,0.35,0.35,0.43,0.43,0.43,0.28,0.28",27,0.00,0.00,,773000000
cartoon sex hot,Informational,170,"1.00,0.21,0.25,0.33,0.17,0.42,0.42,0.54,0.54,0.67,0.67,0.33",49,0.00,0.00,,814000000
cartoonporn pro,Transactional,170,"0.00,0.00,0.00,0.07,0.67,1.00,0.12,0.12,0.12,0.02,0.23,0.00",47,0.00,0.00,Sitelinks,7290000
cartoonpornfree,Informational,170,"0.53,1.00,1.00,0.80,0.80,0.65,0.53,0.42,0.34,0.34,0.42,0.80",56,0.00,0.00,,11300000
cgi porn gif,Informational,170,"0.35,0.80,0.65,0.65,0.65,0.80,1.00,0.80,0.80,1.00,0.65,0.65",5,0.00,0.00,People also ask,4700000
computer generated porn,Informational,170,"0.42,0.67,0.67,0.81,0.81,0.81,1.00,1.00,0.81,1.00,1.00,1.00",18,0.00,0.00,,44500000
crazy 3d porn,Informational,170,"1.00,0.23,0.43,0.35,0.35,0.43,0.43,0.35,0.35,0.28,0.35,0.35",17,0.00,0.00,,240000000
cumming animated,"Informational, Commercial",170,"0.29,0.29,0.14,0.23,1.00,0.29,0.14,0.18,0.29,0.44,0.29,0.29",29,0.00,0.00,,783000000
cute animation porn,Informational,170,"0.30,0.40,0.70,0.70,0.80,1.00,0.80,0.70,1.00,0.70,0.80,0.70",21,0.00,0.00,,
demon porn 3d,"Informational, Transactional",170,"0.23,0.82,0.53,1.00,0.53,0.43,0.35,0.28,0.35,0.35,0.35,0.28",26,0.00,0.00,,150000000
dominothecat,"Informational, Commercial",170,"0.52,0.64,1.00,0.64,0.80,0.80,1.00,0.80,0.52,0.41,0.52,1.00",18,0.00,0.00,,397000
fantasy animation porn,Informational,170,"0.54,0.21,0.33,0.21,0.42,0.67,1.00,0.42,1.00,0.54,0.83,0.00",20,0.00,0.00,,58000000
free 3d porn cartoons,Informational,170,"0.27,0.33,0.21,0.33,0.82,0.27,0.21,0.82,0.27,0.82,0.82,1.00",51,0.00,0.00,,157000000
free 3d porn videos,Informational,170,"0.27,0.12,0.12,0.65,0.65,0.82,0.82,0.44,0.65,0.65,0.12,1.00",61,0.00,0.00,,1380000000
free 3d pron videos,Informational,170,"0.28,0.53,0.34,0.34,1.00,1.00,0.53,0.34,0.65,0.65,0.81,0.81",65,0.00,0.00,,143000000
free animated monster porn,Informational,170,"0.43,0.66,1.00,0.81,0.66,0.53,1.00,0.81,1.00,0.81,0.81,0.81",29,0.00,0.00,,92600000
free animated pornography,Informational,170,"0.23,0.66,0.66,1.00,0.66,0.43,0.23,0.35,0.00,0.53,0.00,0.53",50,0.00,0.00,,604000000
free animated sex,Informational,170,"0.00,0.00,0.00,0.00,0.07,1.00,0.01,0.00,0.00,0.00,0.00,0.88",32,0.00,0.00,,1050000000
free cartoon 3d porn,Informational,170,"0.33,0.41,1.00,0.54,1.00,0.33,0.26,1.00,0.80,0.80,0.80,1.00",48,0.00,0.00,,200000000
free cartoonporn,Informational,170,"0.07,0.15,0.18,0.22,1.00,0.43,0.28,0.28,0.07,0.18,0.10,0.34",60,0.00,0.00,,29900000
free monster porn 3d,Informational,170,"1.00,1.00,1.00,1.00,1.00,0.66,0.66,0.53,0.66,1.00,0.24,0.19",31,0.00,0.00,,348000000
free porn 3d anime,Informational,170,"0.33,0.65,0.65,0.80,0.80,0.54,0.54,0.41,1.00,1.00,0.26,0.41",55,0.00,0.00,,233000000
free porndude,Navigational,170,"0.22,0.18,0.18,0.35,0.06,0.08,0.43,0.66,0.35,1.00,0.35,0.43",82,0.00,0.00,Sitelinks,45000000
free video cartoon sex,Informational,170,"0.22,0.67,0.28,0.22,0.11,0.81,0.28,0.35,1.00,0.67,0.11,0.17",29,0.00,0.00,,855000000
free3dporn,"Informational, Commercial",170,"1.00,0.15,0.20,0.20,0.35,0.15,0.15,0.25,0.40,0.40,0.40,0.35",42,0.00,0.00,,1410000
freeporn animated,Commercial,170,"0.00,1.00,0.00,0.00,1.00,1.00,0.00,0.00,0.00,0.00,0.00,0.00",41,0.00,0.00,,386000000
furry sfm porn,Informational,170,"0.00,1.00,0.00,0.00,0.00,0.00,0.00,0.00,0.00,0.00,0.00,0.00",,0.00,0.00,,6780000
futa cartoon videos,"Informational, Commercial",170,"0.80,0.80,0.66,0.80,0.66,0.80,0.80,1.00,0.80,0.52,0.66,0.80",30,0.00,0.00,,84000000
futa cgi,"Informational, Transactional",170,"1.00,0.80,0.80,0.35,0.65,0.65,0.65,0.80,0.53,0.80,0.53,0.42",18,0.00,0.00,,
futa e621,"Navigational, Transactional",170,"0.80,0.65,1.00,0.34,0.80,0.53,1.00,0.80,0.80,0.65,0.65,1.00",18,0.00,0.00,People also ask,1190000
futa porn animations,Informational,170,"0.35,0.35,0.42,0.42,0.53,0.53,1.00,0.53,0.65,1.00,0.53,1.00",25,0.00,0.00,,
futa prn,Informational,170,"0.53,0.21,0.21,0.81,0.34,0.81,1.00,0.65,0.34,0.65,0.53,0.65",50,0.00,0.00,,32800000
gay 3d porn cartoon,Informational,170,"0.23,0.43,1.00,0.53,0.66,0.43,0.35,0.28,0.53,0.23,0.17,0.23",,0.00,0.00,,218000000
hd 3d porn,Informational,170,"1.00,0.65,0.81,0.81,0.81,0.42,0.35,0.27,0.35,0.65,0.54,0.65",48,0.00,0.00,,1240000000
hentaianime 3d,Informational,170,"0.43,0.65,0.15,0.34,0.65,1.00,0.43,0.34,0.65,0.52,0.80,0.80",15,0.00,0.00,,18800000
hentay 3d,Informational,170,"1.00,0.51,1.00,0.67,0.42,0.67,0.81,1.00,0.81,1.00,0.51,0.67",29,0.00,0.00,,25600000
high quality 3d porn,Commercial,170,"0.35,0.42,1.00,0.81,0.81,0.65,0.65,0.54,0.54,0.81,0.65,0.65",63,0.00,0.00,,185000000
hot animated nudes,Informational,170,"0.53,0.20,0.17,0.20,0.67,0.43,0.33,0.17,0.33,1.00,0.27,0.27",23,0.00,0.00,,419000000
hottest 3d porn,Informational,170,"0.20,0.67,0.67,0.43,1.00,0.80,0.33,0.20,0.20,0.17,0.17,0.10",22,0.00,0.00,,1720000000
https theporndude com zh,Navigational,170,"0.81,1.00,0.81,0.81,1.00,1.00,1.00,0.81,0.63,0.50,0.63,1.00",37,0.00,0.00,Sitelinks,2660000
minus8 xvideos,"Navigational, Transactional",170,"0.34,0.41,0.64,0.18,0.80,0.80,0.80,1.00,0.52,0.64,0.18,0.64",34,0.00,0.00,,139000
nsfw animated videos,Informational,170,"0.65,0.53,0.65,0.53,0.80,0.53,0.80,1.00,0.53,0.65,0.65,0.80",27,0.00,0.00,,176000000
nude anime 3d,Informational,170,"0.53,0.42,0.80,0.80,0.80,0.53,0.80,0.65,1.00,0.42,0.80,0.65",13,0.00,0.00,,155000000
phub animation,Navigational,170,"0.00,1.00,0.00,0.00,0.00,0.00,0.00,0.00,0.00,0.00,0.00,0.00",38,0.00,0.00,Sitelinks,147
pirn animated,Informational,170,"0.81,0.53,0.15,1.00,0.65,0.53,0.28,0.43,0.81,0.43,0.21,0.28",43,0.00,0.00,,20100000
pirn animation,Informational,170,"0.18,0.08,0.22,0.35,0.08,0.22,0.35,0.22,0.29,0.81,1.00,0.22",53,0.00,0.00,,16800000
po rn dude,Navigational,170,"0.81,0.38,0.81,1.00,0.81,0.38,0.38,0.50,0.81,0.63,0.50,0.63",81,3.30,0.00,Sitelinks,564000000
porecore porn,Navigational,170,"0.00,0.15,0.28,0.34,0.28,0.22,0.22,1.00,0.34,0.18,0.34,0.18",16,0.00,0.00,Sitelinks,254000
poren 3d,Informational,170,"0.25,0.00,0.25,0.25,0.50,0.50,0.00,1.00,0.25,0.50,0.75,1.00",71,0.00,0.00,,12500000
porn 3d cartoon,Informational,170,"0.00,0.00,0.00,0.00,0.00,0.00,0.16,0.02,1.00,0.00,0.00,0.00",35,0.00,0.00,,286000000
porn 3d story,Informational,170,"0.22,0.36,0.12,0.27,0.36,0.43,0.17,0.12,1.00,0.67,0.81,0.81",33,0.00,0.00,,266000000
porn animatio,Informational,170,"0.00,0.00,0.00,1.00,0.00,0.00,0.00,0.00,0.00,0.20,0.00,0.00",41,1.02,0.00,,1010000000
porn animation compilation,Commercial,170,"0.27,0.82,0.27,0.15,0.82,0.53,1.00,1.00,0.33,0.44,0.44,0.65",18,0.00,0.00,,181000000
porn animation video,Transactional,170,"0.00,0.00,0.00,1.00,0.00,0.00,0.00,0.44,0.00,0.01,0.01,0.00",38,0.00,0.00,,130000000
porn animetion,Informational,170,"1.00,0.00,0.21,0.07,0.00,0.32,0.59,0.01,0.00,0.00,0.00,0.00",44,0.00,0.00,,825000000
porn cartoon 3d,"Informational, Transactional",170,"0.25,0.38,0.38,0.50,0.50,0.88,0.88,1.00,0.50,0.88,0.38,0.50",50,0.00,0.00,,310000000
porn cartoon adult,Informational,170,"0.39,0.08,0.05,0.13,0.00,1.00,0.00,0.00,0.13,0.13,0.10,0.10",42,0.00,0.00,,
porn dude 3d,Informational,170,"1.00,0.43,0.23,0.43,0.23,0.28,0.35,0.28,0.28,0.35,0.43,0.53",46,0.00,0.00,,
porndude.xom,Navigational,170,"0.00,0.04,0.08,0.00,0.02,0.04,0.08,0.02,0.00,1.00,0.04,0.04",81,0.00,0.00,"Sitelinks, People also ask",11800
pornhub 3d anime,"Navigational, Transactional",170,"0.28,0.52,1.00,0.65,0.65,0.43,0.65,0.52,0.65,0.43,0.43,0.43",31,0.00,0.00,,73600000
pornographic sex videos,Informational,170,"0.00,0.00,0.81,0.54,1.00,0.28,0.44,0.35,0.11,0.11,0.00,0.00",20,2.31,0.00,,90700000
pron animations,Informational,170,"0.03,0.03,0.00,0.03,0.03,0.03,0.00,0.81,0.16,0.23,0.81,1.00",51,0.00,0.00,,114
pron dud,"Navigational, Commercial",170,"0.52,0.66,0.41,0.34,0.52,1.00,0.66,0.79,0.41,0.79,0.52,0.66",57,0.00,0.00,Sitelinks,19400000
real 3d sex,Informational,170,"0.42,0.52,1.00,1.00,1.00,0.80,1.00,0.80,1.00,0.66,0.80,0.66",19,0.00,0.00,,310000000
realistic animated sex,Informational,170,"0.28,0.34,0.43,0.34,1.00,0.53,0.53,0.43,0.43,0.53,0.43,0.81",18,0.00,0.00,,1040000000
realistic hentai porn,Informational,170,"0.00,0.00,0.00,0.00,1.00,0.00,0.00,0.00,0.00,0.01,0.00,0.00",22,0.00,0.00,,43600000
rule 34 3d porn,Informational,170,"0.15,1.00,0.19,0.29,0.19,0.29,0.29,0.54,0.03,0.19,0.29,0.36",13,0.00,0.00,,169000000
secrethentai 3d,"Informational, Commercial",170,"0.64,0.80,0.64,0.80,0.64,0.41,1.00,0.64,0.41,0.34,0.41,0.41",18,0.00,0.00,,447000
sex 3d toons,Informational,170,"0.25,0.54,0.67,0.67,1.00,0.54,0.42,0.67,0.25,0.83,0.21,0.33",22,0.00,0.00,,190000000
sex cartoon video,"Informational, Commercial",170,"0.19,0.24,0.36,0.29,0.81,0.54,1.00,0.07,0.03,0.08,0.05,0.44",66,0.00,0.00,,1670000000
sex video animated,Informational,170,"0.00,0.00,0.18,0.15,0.00,0.00,0.00,0.11,0.15,1.00,0.36,1.00",26,0.00,0.00,,2010000000
sex videos animation,Informational,170,"0.00,0.00,0.18,0.00,1.00,0.00,0.00,0.43,0.54,0.81,1.00,0.81",27,0.00,0.00,,1220000000
sexy 3d porn,Informational,170,"1.00,0.29,0.29,0.35,0.29,0.29,0.29,0.29,0.29,0.29,0.22,0.22",18,0.00,0.00,,744000000
superheroine boundhub,"Navigational, Transactional",170,"1.00,1.00,1.00,0.81,0.81,0.66,0.81,1.00,0.43,0.19,0.13,0.19",10,0.00,0.00,,124000
the orndude,Commercial,170,"0.28,0.21,0.43,1.00,0.81,1.00,1.00,1.00,0.65,0.34,0.28,0.34",19,0.00,0.00,,
transgender porn animation,Informational,170,"0.34,0.65,0.65,0.26,1.00,0.34,0.42,1.00,0.26,0.80,0.80,1.00",21,0.00,0.00,,189000000
uncensored 3dhentai,"Informational, Transactional",170,"0.38,0.23,0.31,0.00,0.00,1.00,0.23,0.31,0.62,0.62,1.00,0.62",25,0.00,0.00,,28100000
weird animated porn,Informational,170,"0.43,0.53,0.81,0.81,1.00,0.81,0.81,1.00,1.00,0.53,0.66,0.66",18,0.00,0.00,,18100000
xenomorph porn gif,Informational,170,"0.42,0.52,0.80,0.66,0.66,0.80,0.66,1.00,1.00,1.00,0.80,0.66",6,0.00,0.00,,172000
xvideo 3d,Navigational,170,"0.00,0.05,0.00,0.02,1.00,0.39,0.00,0.00,0.00,0.24,0.24,0.00",33,0.00,0.00,Sitelinks,1190000000
young cartoonporn,Informational,170,"0.31,0.19,0.19,0.06,1.00,0.25,0.13,0.19,0.25,0.19,0.44,0.19",70,0.00,0.00,,28900000
zombie porn gif,"Informational, Transactional",170,"0.00,0.53,0.35,0.07,0.12,0.23,0.53,0.66,1.00,0.66,0.53,0.66",11,0.00,0.00,,5790000
سكس افلام الكرتون,"Informational, Transactional",170,"0.80,0.80,0.53,0.80,0.65,1.00,0.53,0.26,0.53,0.65,0.80,0.65",57,0.00,0.00,,34800000
سكسهنتاي,Informational,170,"0.00,0.00,0.00,0.00,0.00,0.00,0.00,0.05,0.00,0.00,0.00,1.00",48,0.00,0.00,,1420000
سكسي 3d,"Informational, Commercial",170,"0.27,0.82,0.21,0.44,0.65,1.00,0.44,0.44,1.00,0.82,0.09,0.33",59,0.00,0.00,,1450000000
.porndude,Navigational,140,"0.00,0.00,0.00,0.00,0.00,0.00,0.00,0.00,0.00,0.00,1.00,0.00",63,1.69,0.00,People also ask,46000000
/porndude,Navigational,140,"0.00,0.00,0.00,0.00,0.00,0.00,0.00,0.00,0.00,0.00,0.00,1.00",78,3.30,0.00,Sitelinks,48900000
3 d cartoon sex,Informational,140,"0.00,0.00,0.25,0.88,1.00,0.38,0.50,0.63,0.63,1.00,0.50,0.88",57,0.00,0.00,,1210000000
3 д порно,Informational,140,"1.00,1.00,1.00,1.00,1.00,1.00,1.00,0.79,1.00,1.00,1.00,1.00",66,0.00,0.00,,4910000000
3d affect porn,Informational,140,"0.52,0.52,1.00,1.00,1.00,0.83,0.83,0.83,0.65,0.83,1.00,1.00",28,0.00,0.00,,14500000
3d anal anime,Informational,140,"0.65,0.41,0.65,1.00,1.00,0.65,1.00,0.83,0.65,0.65,0.83,0.83",24,0.00,0.00,,297000000
3d animated lesbian porn,Informational,140,"0.52,1.00,1.00,1.00,1.00,0.82,1.00,0.52,0.82,0.52,0.52,0.40",26,0.00,0.00,,347000000
3d animated sex video,Informational,140,"0.00,0.00,1.00,1.00,0.80,1.00,1.00,0.80,0.66,0.66,0.66,0.66",51,0.00,0.00,,632000000
3d animated vr porn,Commercial,140,"0.53,0.83,0.83,0.83,0.83,0.83,0.83,1.00,0.83,0.65,0.53,0.83",48,0.00,0.00,,39000000
3d animation lesbian porn,Informational,140,"0.42,0.65,0.65,0.65,0.53,0.35,1.00,0.42,0.53,0.65,0.35,0.26",22,0.00,0.00,,160000000
3d animation nude,Informational,140,"0.80,0.41,0.26,0.33,0.33,0.26,0.19,0.80,1.00,0.41,1.00,0.54",21,0.00,0.00,,369000000
3d anime xxx,Informational,140,"0.00,0.00,0.00,0.00,0.00,0.00,0.00,0.00,0.00,1.00,0.00,0.00",47,0.00,0.00,,1110000000
3d breed porn,Informational,140,"0.18,0.22,1.00,0.35,0.35,0.29,0.29,0.14,0.29,0.22,0.22,0.14",17,0.00,0.00,,35000000
3d cartoon free porn,Informational,140,"0.42,0.51,0.33,0.81,1.00,0.67,0.67,0.42,1.00,0.67,0.42,0.51",54,0.00,0.00,,495000000
3d cartoon porn videos,Informational,140,"1.00,1.00,1.00,1.00,1.00,1.00,1.00,1.00,1.00,1.00,1.00,1.00",63,0.00,0.00,,86200000
3d cartoon xxx,Informational,140,"1.00,1.00,1.00,1.00,1.00,1.00,1.00,0.71,1.00,1.00,0.71,1.00",46,0.00,0.00,,532000000
3d cartoons adult,Informational,140,"0.34,0.41,0.64,1.00,0.00,0.80,0.64,0.52,0.64,0.80,0.52,0.52",28,0.00,0.00,,456000000
3d cartoons sex,Informational,140,"0.00,0.00,0.02,0.02,0.10,0.02,0.06,0.29,1.00,0.81,0.54,1.00",46,0.00,0.00,,106000000
3d crazy porn,Informational,140,"0.52,0.52,1.00,0.82,0.82,0.82,0.82,0.65,0.65,0.65,0.82,1.00",19,0.00,0.00,,244000000
3d futa porn gif,Informational,140,"0.43,0.52,0.52,0.52,0.67,0.67,0.67,1.00,0.67,1.00,0.67,0.81",4,0.00,0.00,,28200000
3d futanari animation,Informational,140,"0.02,0.36,0.53,0.00,0.02,0.00,0.00,0.04,0.02,0.53,1.00,0.00",30,0.00,0.00,,53000000
3d futunari,Informational,140,"0.00,0.03,0.35,1.00,0.00,0.00,0.00,0.65,0.81,0.00,0.00,0.00",36,0.00,0.00,People also ask,494000000
3d futunari porn,Informational,140,"0.00,0.00,0.00,1.00,0.00,0.00,0.00,0.00,0.00,0.00,0.00,0.00",31,0.00,0.00,,437000000
3d hd porn,Informational,140,"1.00,0.50,0.65,0.80,0.65,0.30,0.15,0.30,0.40,0.50,0.40,0.50",55,0.00,0.00,,1990000000
3d hdporn,Commercial,140,"0.82,0.65,0.41,0.53,1.00,1.00,0.53,0.41,0.65,0.82,0.53,0.65",21,0.00,0.00,,393000000
3d hentae,Commercial,140,"1.00,0.53,0.26,0.35,0.15,0.65,0.65,0.80,0.42,0.35,0.19,0.26",,0.00,0.00,,41700000
3d hentai full,Commercial,140,"0.00,0.00,0.00,0.00,0.00,0.00,1.00,0.00,0.00,0.00,0.00,0.00",49,0.00,0.00,,404000000
3d hentai sites,Commercial,140,"0.83,1.00,1.00,0.83,0.65,0.83,1.00,1.00,1.00,0.83,0.83,1.00",58,0.00,0.00,Sitelinks,75700000
3d hentai stream,Commercial,140,"1.00,1.00,1.00,1.00,1.00,1.00,1.00,0.80,1.00,1.00,1.00,1.00",48,0.00,0.00,,20500000
3d hentai tube,Informational,140,"1.00,1.00,1.00,1.00,1.00,1.00,1.00,0.76,1.00,1.00,1.00,1.00",59,0.00,0.00,,130000000
3d hentau,Informational,140,"0.83,0.83,0.83,0.83,1.00,0.83,0.83,1.00,1.00,1.00,0.63,1.00",43,0.00,0.00,,579000
3d hentia movies,Informational,140,"0.81,0.81,0.23,0.51,1.00,1.00,0.67,0.67,0.42,0.81,0.23,0.33",32,0.00,0.00,,32000000
3d hential porn,Informational,140,"0.43,1.00,0.80,0.80,0.80,0.51,0.66,1.00,0.51,0.66,0.43,0.51",,0.00,0.00,,1840000
3d lesbian anime porn,"Informational, Transactional",140,"0.42,0.52,0.80,0.52,0.66,0.66,1.00,0.33,0.66,0.80,0.42,0.33",28,0.00,0.00,,216000000
3d monster animated porn,Informational,140,"0.33,1.00,0.41,0.41,1.00,0.65,0.33,0.54,0.54,0.19,0.11,0.26",23,0.00,0.00,,130000000
3d nsfw,Informational,140,"0.08,0.08,0.00,0.00,0.54,1.00,0.23,0.15,0.54,0.00,0.00,0.77",18,4.05,0.00,Sitelinks,228000000
3d porn 34,Informational,140,"0.51,0.51,1.00,1.00,1.00,0.63,0.63,0.83,0.51,0.83,0.83,0.51",28,0.00,0.00,,355000000
3d porn animated videos,Informational,140,"0.25,0.67,0.67,0.33,0.21,1.00,0.42,0.33,0.25,0.67,0.33,0.33",55,0.00,0.00,,87600000
3d porn ass,Informational,140,"0.42,0.51,0.42,0.33,0.42,0.42,1.00,0.81,1.00,0.81,0.67,0.81",17,0.00,0.00,,1440000000
3d porn cartoons free,Informational,140,"0.34,0.41,0.25,0.34,0.64,0.64,0.52,0.41,0.80,0.64,1.00,1.00",50,0.00,0.00,,301000000
3d porn films,Informational,140,"0.00,0.00,0.00,1.00,0.00,0.07,0.11,1.00,0.53,0.00,0.00,0.00",37,0.00,0.00,,652000000
3d porn full videos,Informational,140,"0.43,0.53,0.66,1.00,1.00,0.66,1.00,0.66,0.66,0.24,0.66,0.66",56,0.00,0.00,,1900000000
3d porn models,Informational,140,"0.43,0.31,0.66,0.66,0.43,0.51,0.31,0.66,0.80,0.66,1.00,0.51",23,0.00,0.00,Sitelinks,280000000
3d porn pic,Informational,140,"1.00,0.06,0.63,1.00,0.19,0.00,0.19,0.06,0.06,0.00,0.06,0.63",11,0.00,0.00,,746000000
3d porn pornhub,"Navigational, Transactional",140,"1.00,0.14,0.29,0.29,0.29,0.29,0.22,0.29,0.22,0.29,0.29,0.29",31,0.00,0.00,Sitelinks,371000000
3d porn sites free,Commercial,140,"0.42,0.33,0.14,0.42,0.66,0.42,0.52,0.66,1.00,1.00,1.00,0.66",48,0.00,0.00,,1900000000
3d porn video animation,Informational,140,"0.28,0.65,0.21,0.34,0.65,1.00,0.43,0.34,0.43,0.65,0.15,0.28",38,0.00,0.00,,276000000
3d porn vids,Informational,140,"0.13,1.00,0.00,0.50,0.00,0.00,0.06,0.19,0.00,0.00,0.50,0.00",70,0.00,0.00,,1210000000
3d porns,Informational,140,"0.00,0.00,0.00,0.43,0.53,0.23,0.13,0.00,0.00,0.27,1.00,0.27",70,0.00,0.00,,1290000000
3d potn,Informational,140,"0.34,1.00,0.34,0.34,0.53,0.34,0.53,0.34,0.34,0.43,0.43,0.53",68,0.00,0.00,,35700000
3d pron sites,Commercial,140,"0.01,0.00,0.00,0.11,1.00,0.05,0.01,0.00,0.17,0.09,0.00,0.00",50,0.00,0.00,,172000000
3d rough sex,Informational,140,"0.35,0.26,0.26,0.26,0.80,0.80,1.00,0.26,0.35,0.53,0.53,0.53",18,0.00,0.00,,859000000
3d sex animations,Informational,140,"1.00,0.29,0.29,0.22,0.54,0.00,0.10,0.00,0.29,0.54,0.35,0.29",55,0.00,0.00,,94900000
3d sex movie,Informational,140,"0.41,0.41,0.31,0.41,0.52,0.52,0.79,1.00,0.52,0.52,0.79,0.79",11,0.00,0.00,,671000000
3d sex pron,Informational,140,"0.34,0.65,0.15,0.34,0.65,0.42,0.53,0.42,0.53,1.00,0.19,0.34",69,0.00,0.00,,200000000
3d sound porn,Informational,140,"0.43,0.53,0.81,0.66,0.66,1.00,0.53,0.53,0.66,0.66,0.53,0.66",17,0.00,0.00,,226000000
3d video monster porn,Informational,140,"0.34,0.65,0.26,0.42,0.65,0.65,0.65,0.42,0.53,0.65,1.00,1.00",,0.00,0.00,,348000000
3d xxx tube,Informational,140,"1.00,1.00,1.00,1.00,1.00,1.00,1.00,0.78,1.00,1.00,1.00,0.06",59,0.00,0.00,,1640000000
3d 动漫 色情,Informational,140,"0.52,0.80,0.42,0.33,1.00,0.80,0.80,0.52,0.52,0.66,0.52,0.66",23,0.00,0.00,,34600000
3dhentai movie,Commercial,140,"0.53,0.33,0.14,0.33,1.00,1.00,0.42,0.42,0.42,0.53,0.14,0.11",48,0.00,0.00,,15300000
3dporn dude,Navigational,140,"0.28,0.43,0.05,0.05,0.28,0.28,0.35,0.53,0.53,0.82,0.66,1.00",29,0.00,0.00,Sitelinks,13400000
3dpornguy,Informational,140,"0.18,0.10,0.22,0.22,0.22,0.22,0.18,0.43,0.43,0.54,0.54,1.00",7,0.00,0.00,,5
3d色情视频,Informational,140,"1.00,0.29,0.14,0.00,0.02,0.29,0.43,0.35,0.29,0.18,0.22,0.22",31,0.00,0.00,,66700000
adult porn animations,Informational,140,"1.00,0.25,0.13,0.33,0.33,0.42,0.33,0.25,0.33,0.33,0.17,0.21",46,0.00,0.00,,61100000
adult videos 3d,Informational,140,"1.00,0.28,0.12,0.35,0.43,0.28,0.35,0.17,0.28,0.35,0.28,0.28",62,0.00,0.00,,756000000
anim por,Informational,140,"0.15,0.80,0.65,0.65,0.25,0.30,0.25,1.00,0.25,1.00,0.40,0.30",66,0.00,0.00,,99
animad porn,Informational,140,"0.00,0.00,0.00,0.00,0.00,0.00,0.00,1.00,0.00,0.00,0.00,0.00",39,0.00,0.00,,2050000000
animasyon pornhub,"Navigational, Transactional",140,"0.80,1.00,0.80,0.80,0.53,0.42,0.26,0.07,0.00,0.07,0.07,0.07",43,0.00,0.33,,965000
animasyon pornolar,Informational,140,"0.23,0.28,0.23,1.00,0.23,0.43,0.17,0.23,0.35,0.53,0.35,0.43",51,0.00,0.00,,1700000
animatd porn,"Informational, Navigational",140,"0.00,0.00,0.13,0.01,0.24,0.36,1.00,0.54,0.03,0.04,0.10,0.00",38,4.43,0.10,,1030000000
animated 3d gay porn,Informational,140,"0.00,0.02,0.54,0.29,0.29,0.35,0.29,1.00,0.14,0.10,0.35,0.22",36,0.00,0.00,,488000000
animated 3dporn,Commercial,140,"0.00,0.00,0.00,0.00,0.00,0.00,0.00,0.00,0.00,1.00,0.00,0.00",54,0.00,0.00,,34800000
animated nsfw videos,Informational,140,"0.52,0.33,0.66,0.66,0.33,0.52,0.52,0.66,0.66,1.00,0.80,0.80",27,0.00,0.00,,53500000
animated porn realistic,Informational,140,"0.34,0.19,0.19,0.26,0.26,0.34,0.42,0.80,1.00,1.00,0.65,0.80",23,0.00,0.00,,1020000000
animated sex 3d,"Informational, Commercial",140,"0.50,0.00,0.25,0.50,0.50,1.00,0.50,0.50,0.50,0.50,0.50,0.25",35,0.00,0.00,,452000000
animation 3d porn videos,Informational,140,"0.25,0.67,0.00,0.67,0.67,1.00,0.67,0.42,0.42,0.67,0.13,0.13",49,0.00,0.00,,428000000
animation of sex,"Informational, Transactional",140,"0.00,0.00,0.50,0.50,0.00,0.50,0.00,0.00,1.00,0.50,0.50,0.00",29,0.00,0.00,,1020000000
animation porn comp,"Informational, Transactional",140,"0.09,0.07,0.04,0.04,0.02,0.04,0.04,0.09,0.11,0.17,1.00,0.11",27,0.00,0.00,People also ask,58300000
animation porn pov,Informational,140,"0.02,0.02,0.02,0.02,0.02,0.02,0.02,0.02,0.02,0.82,0.82,1.00",23,0.00,0.00,,296000000
animation porn site,Informational,140,"0.03,1.00,0.03,0.03,0.13,0.67,0.13,0.13,0.20,0.43,0.20,0.20",53,0.00,0.00,,685000000
animation porn websites,Commercial,140,"0.38,0.38,0.25,0.50,1.00,0.88,0.38,0.50,0.63,0.38,0.63,0.88",55,0.00,0.00,Sitelinks,175000000
animation pov porn,Commercial,140,"0.38,0.81,0.81,0.81,1.00,1.00,0.63,0.38,0.63,0.63,0.63,0.81",23,0.00,0.00,,319000000
anime 3d anal,"Informational, Transactional",140,"1.00,0.81,0.53,0.64,0.81,0.64,0.81,1.00,0.81,0.81,0.81,0.81",20,0.00,0.00,,180000000
anime 3dsex,Informational,140,"0.50,0.00,0.25,0.50,0.50,1.00,0.50,0.50,0.50,0.50,0.50,0.25",,0.00,0.00,,12800000
anime porn 2025,Transactional,140,"0.52,0.80,0.52,0.52,0.52,0.66,0.80,1.00,0.80,0.80,0.80,0.80",22,0.00,0.00,,413000000
anime rough sex gif,Commercial,140,"0.52,0.64,0.82,0.82,1.00,0.52,1.00,0.82,0.82,0.82,0.52,0.64",8,0.00,0.00,,66500000
best 3d futa,Commercial,140,"0.64,0.64,0.81,0.81,1.00,1.00,0.81,1.00,0.53,1.00,0.53,0.53",17,0.00,0.00,Sitelinks,363000000
best 3d hentai porn site,Commercial,140,"0.00,0.00,0.00,0.00,0.00,0.00,0.00,1.00,0.00,0.00,0.00,0.00",46,0.00,0.00,,300000000
best 3d porn clips,Commercial,140,"0.34,0.65,0.80,0.42,0.53,1.00,0.26,0.42,0.53,0.42,0.19,0.34",33,0.00,0.00,,1690000000
best animated sex videos,Commercial,140,"0.63,0.50,0.78,0.78,1.00,1.00,1.00,1.00,1.00,0.78,1.00,1.00",35,0.00,0.00,,639000000
best animation porn site,Commercial,140,"0.30,1.00,1.00,0.40,0.30,0.50,0.30,0.25,0.40,0.40,0.50,0.50",52,0.00,0.00,"Sitelinks, People also ask",1090000000
busty 3d porn,"Informational, Transactional",140,"0.52,0.52,0.82,0.82,0.82,1.00,0.82,0.82,0.82,0.82,0.82,0.82",23,0.00,0.00,,385000000
caetoon sex,Informational,140,"0.06,1.00,0.09,0.06,0.81,0.19,0.00,0.00,0.06,0.00,0.00,0.00",57,1.50,0.00,,3170000000
caroon sex com,Informational,140,"0.34,0.65,0.26,0.34,0.65,0.65,0.53,0.42,0.53,0.65,0.80,1.00",53,0.00,0.00,,14700000
cartoon 3d monster porn,Informational,140,"0.43,0.81,0.53,0.81,0.81,0.53,1.00,0.81,0.43,0.53,0.43,0.43",32,0.00,0.00,,106000000
cartoon 3d porn free,Informational,140,"0.27,0.33,1.00,0.27,0.53,0.53,0.53,0.33,0.65,0.53,0.15,0.12",67,0.00,0.00,,143000000
cartoon free pron,Informational,140,"0.19,0.22,0.07,1.00,0.28,0.28,0.22,0.13,0.13,0.28,0.07,0.13",61,0.00,0.00,,93000000
cartoon full porn,"Informational, Commercial",140,"0.43,0.53,0.81,0.81,0.81,0.66,0.53,0.81,0.43,0.66,1.00,0.43",46,0.00,0.00,,907000000
cartoon full porn videos,Informational,140,"0.42,0.42,0.66,0.80,0.66,0.66,0.66,0.80,0.66,0.80,0.66,1.00",57,0.00,0.00,People also ask,928000000
cartoon gore porn,Informational,140,"0.43,0.66,0.81,0.66,0.81,0.66,0.81,0.66,0.81,1.00,0.81,0.66",3,0.00,0.00,,29400000
cartoon poorn videos,Informational,140,"0.28,0.53,0.21,0.28,0.53,0.53,0.53,0.28,1.00,0.53,0.12,0.21",46,0.00,0.00,,28300000
cartoon por vid,Informational,140,"0.00,0.00,0.00,0.00,0.00,0.00,0.00,0.00,0.00,0.00,0.00,0.00",57,0.00,0.00,,1150000000
cartoon poren,Informational,140,"0.00,0.00,0.00,0.00,0.00,0.00,0.00,1.00,0.00,0.00,0.00,0.00",53,0.00,0.00,,
cartoon pron vidos,Informational,140,"0.53,1.00,0.41,0.53,1.00,1.00,1.00,0.65,0.83,1.00,1.00,0.83",51,0.00,0.00,,17000000
cartoon pron. com,Informational,140,"0.00,0.00,0.00,1.00,0.00,0.00,0.00,0.00,0.00,0.00,0.00,0.00",57,0.00,0.00,,40800000
cartoon sex henati,Informational,140,"0.53,0.80,0.26,0.34,0.80,0.65,0.65,0.42,0.53,0.65,1.00,1.00",55,0.00,0.00,People also ask,9560000
cartoon sex hentia,Commercial,140,"0.53,0.80,1.00,0.34,0.34,0.42,0.26,0.42,0.53,0.65,0.19,0.34",58,0.00,0.00,,10700000
cartoonporn com,Navigational,140,"0.01,0.00,0.00,0.00,0.01,1.00,0.11,0.26,0.17,0.01,0.00,0.01",56,0.00,0.00,"Sitelinks, People also ask",25500000
cartoons hentai videos,Informational,140,"1.00,1.00,1.00,1.00,1.00,1.00,1.00,0.78,1.00,1.00,1.00,1.00",70,0.00,0.00,,484000000
cartoontube xxx,Navigational,140,"1.00,1.00,1.00,1.00,1.00,1.00,1.00,0.76,1.00,1.00,1.00,1.00",54,0.00,0.00,Sitelinks,1270000
cattoon porn,Informational,140,"0.00,0.05,0.00,0.00,0.00,1.00,0.00,0.15,0.00,0.00,0.00,0.50",54,0.00,0.00,,2370000000
crtoon sex com,Informational,140,"0.53,0.65,0.26,0.34,0.65,0.65,0.53,0.42,0.53,0.65,0.80,1.00",48,0.00,0.00,,13200000
cute porn animation,Informational,140,"0.34,0.26,0.42,0.53,0.53,0.65,0.65,0.65,0.65,0.80,1.00,0.65",20,0.00,0.00,,375000000
dc animated porn,Informational,140,"0.65,0.26,0.42,0.42,0.42,0.42,0.65,1.00,0.65,0.80,0.35,0.53",16,0.00,0.00,,22400000
demonic 3d porn,Informational,140,"0.27,0.65,0.27,0.27,0.15,1.00,0.27,0.44,0.82,0.44,0.21,0.65",24,0.00,0.00,,77400000
disney hentaii,Informational,140,"0.54,0.65,0.19,0.81,0.81,1.00,0.27,0.42,0.54,0.27,0.27,0.15",19,0.00,0.00,,5310000
erotic 3d porn,Informational,140,"0.23,0.53,0.17,0.28,0.43,1.00,0.53,0.17,0.17,0.23,0.12,0.12",37,0.00,0.00,,494000000
famous cartoon porn videos,Commercial,140,"1.00,1.00,1.00,1.00,1.00,1.00,1.00,0.78,1.00,1.00,1.00,1.00",35,0.00,0.00,,104000000
film sex 3d,Informational,140,"0.42,1.00,1.00,0.80,0.80,0.52,0.66,0.52,0.42,0.80,0.42,0.42",11,0.00,0.00,,705000000
fortnite catwoman porn,Informational,140,"1.00,0.67,0.33,0.17,0.27,0.27,0.33,0.27,0.53,0.33,0.17,0.17",17,0.00,0.00,,1710000
free 3d futa porn,Informational,140,"0.43,0.43,0.32,0.52,0.52,0.66,0.66,1.00,0.66,1.00,1.00,1.00",19,0.00,0.00,,395000000
free 3d futanari porn,Informational,140,"0.43,0.43,0.52,0.66,0.52,0.66,0.82,0.66,0.82,0.66,1.00,1.00",22,0.00,0.00,,480000000
free 3d hentai,Informational,140,"1.00,1.00,1.00,1.00,1.00,1.00,1.00,0.71,1.00,1.00,1.00,1.00",53,0.00,0.00,,276000000
free 3d vr porn,Commercial,140,"0.43,0.65,0.52,0.65,0.65,0.65,0.65,0.83,0.65,0.65,0.65,1.00",54,0.00,0.00,,121000000
free animated porn movies,"Informational, Transactional",140,"0.53,0.53,0.81,0.81,1.00,0.81,0.64,0.81,0.64,1.00,0.64,0.64",27,0.00,0.00,,413000000
free animated porn sites,Informational,140,"0.42,0.42,0.33,0.52,0.52,0.42,1.00,1.00,0.52,0.80,1.00,0.80",59,0.00,0.00,,935000000
free animated porn videos,Informational,140,"0.00,0.00,0.00,0.00,0.00,0.00,0.00,0.44,0.44,1.00,0.44,0.35",68,0.00,0.00,,723000000
free cartoon poorn,Informational,140,"0.19,0.22,0.07,1.00,0.28,0.28,0.19,0.13,0.13,0.28,0.43,0.35",,0.00,0.00,,26900000
free cartoon porn movies,Informational,140,"1.00,1.00,1.00,1.00,1.00,1.00,1.00,0.76,1.00,1.00,1.00,1.00",,0.00,0.00,,577000000
free cartoon porn sites,Commercial,140,"1.00,1.00,1.00,1.00,1.00,1.00,1.00,0.79,1.00,1.00,1.00,1.00",49,0.00,0.00,,84900000
free porn 3d cartoons,Informational,140,"0.43,0.51,0.31,0.80,1.00,0.43,0.66,0.43,1.00,0.80,0.51,0.51",22,0.00,0.00,,149000000
free porn anime 3d,Informational,140,"0.53,1.00,1.00,0.65,0.40,0.81,0.81,0.65,0.81,0.81,0.53,0.53",52,0.00,0.00,,669000000
free porn cartoon monsters,Informational,140,"0.43,0.53,0.19,0.81,0.66,0.66,0.66,1.00,0.81,0.66,0.53,0.43",27,0.00,0.00,,128000000
free porn cartoons 3d,Informational,140,"0.35,0.42,0.65,1.00,0.65,0.42,0.35,0.65,0.80,0.65,0.35,0.35",37,0.00,0.00,,193000000
free toon porn websites,Commercial,140,"0.34,0.34,0.34,0.34,0.34,0.53,0.34,0.26,0.53,0.65,0.80,1.00",52,0.00,0.00,,214000000
full 3d porn,Informational,140,"0.38,0.38,0.50,0.50,0.63,0.63,0.88,0.63,0.88,1.00,0.63,1.00",58,0.00,0.00,,1310000000
full 3d porn videos,"Informational, Commercial",140,"0.18,1.00,0.10,0.18,0.22,0.18,0.43,0.22,0.29,0.22,0.35,0.22",61,0.00,0.00,,1470000000
full cartoon porn,"Informational, Commercial",140,"1.00,1.00,1.00,1.00,1.00,1.00,1.00,0.79,1.00,1.00,0.79,1.00",44,0.00,0.00,,627000000
full length cartoon porn,Informational,140,"1.00,1.00,1.00,1.00,1.00,1.00,0.00,0.78,1.00,1.00,1.00,1.00",26,0.00,0.00,,151000000
futa twitter porn,Navigational,140,"0.42,0.52,0.33,0.66,0.33,0.66,0.66,0.80,0.80,0.66,1.00,1.00",33,0.00,0.00,,41700000
futanari 3d cartoons,"Informational, Commercial",140,"0.52,0.64,0.64,0.82,1.00,0.64,0.82,1.00,0.82,0.82,0.82,1.00",27,0.00,0.00,,66700000
futanari 3d videos,Informational,140,"0.23,0.00,0.00,0.00,0.52,0.82,0.52,0.52,1.00,0.43,0.52,1.00",27,0.00,0.00,People also ask,98500000
futanari 3dporn,Informational,140,"0.00,0.00,0.02,0.02,0.02,0.02,0.02,0.02,0.02,0.32,1.00,0.59",22,0.00,0.00,,28100000
futanari pornsite,Commercial,140,"0.34,0.65,0.26,0.80,0.80,1.00,0.26,0.42,0.53,0.80,0.19,0.26",50,0.00,0.00,,24500000
futaria porn,Informational,140,"0.00,0.00,0.00,0.00,0.00,0.66,0.00,0.00,0.00,0.00,0.00,1.00",55,0.00,0.00,,480000000
futinari 3d,Informational,140,"0.65,0.54,0.65,1.00,0.80,0.07,0.00,0.00,1.00,0.65,0.65,0.41",35,0.00,0.00,,98900000
gay animated 3d porn,Informational,140,"1.00,0.22,0.11,0.28,0.17,0.28,0.11,0.17,0.17,0.17,0.22,0.17",33,0.00,0.00,People also ask,467000000
great animated porn,Commercial,140,"0.33,0.67,0.33,0.33,1.00,1.00,0.33,0.33,1.00,0.33,0.33,0.33",37,0.00,0.00,,127000000
hd 3dporn,Commercial,140,"0.66,1.00,1.00,0.52,0.33,0.66,0.80,0.33,0.52,0.80,0.19,0.52",55,0.00,0.00,,37000000
hentai 3d video,Commercial,140,"0.00,0.00,0.00,1.00,0.00,0.00,0.00,0.00,0.00,0.00,0.00,0.00",41,0.00,0.00,,309000000
hentai the porn dude,"Navigational, Transactional",140,"0.80,0.80,1.00,0.65,0.53,0.42,0.26,0.34,0.11,0.42,0.53,0.65",75,0.00,0.00,,196000000
hentaipn con,Informational,140,"1.00,0.54,0.22,0.14,0.14,0.29,0.22,0.22,0.18,0.00,0.00,0.00",8,0.00,0.00,,175000
hentaiporn 3d,Commercial,140,"0.34,0.80,0.80,0.42,0.26,1.00,0.53,0.53,0.80,0.80,0.19,0.19",49,0.00,0.00,,32100000
henthai 3d,Commercial,140,"0.34,0.34,0.28,0.28,1.00,0.53,0.53,0.34,0.28,0.15,0.09,0.15",47,0.00,0.00,,27300000
hentia cartoon sex,Informational,140,"0.66,1.00,0.33,0.81,0.66,0.66,0.53,0.43,0.66,0.81,0.24,0.43",59,0.00,0.00,,8390000
hentia sex cartoon,Commercial,140,"0.66,1.00,0.33,0.33,1.00,0.66,0.81,0.53,0.66,0.81,0.24,0.43",60,0.00,0.00,,24600000
high quality animation porn,Commercial,140,"0.62,0.62,1.00,1.00,1.00,1.00,1.00,1.00,1.00,0.76,1.00,0.76",27,0.00,0.00,,174000000
horror porn cartoon,"Informational, Commercial",140,"0.23,0.17,0.17,0.35,1.00,0.17,0.53,0.53,0.27,0.42,0.42,0.35",12,0.00,0.00,,59400000
horror porn gifs,Informational,140,"0.28,0.43,0.43,0.43,0.34,0.53,0.43,0.65,0.53,1.00,0.53,0.53",8,0.00,0.00,,17900000
hot porn animated,Informational,140,"0.33,0.33,0.33,0.67,0.00,0.33,0.33,1.00,1.00,1.00,0.67,0.67",28,0.00,0.00,,546000000
hot porn animations,Informational,140,"0.33,0.00,0.33,0.67,0.00,0.33,0.33,0.67,0.67,1.00,0.67,0.67",33,0.00,0.00,,150000000
http theporndude com,"Navigational, Transactional",140,"0.33,0.54,0.19,0.54,0.33,0.33,0.54,1.00,0.33,0.80,1.00,0.80",66,0.00,0.00,"Sitelinks, People also ask",18500000
huge belly inflation porn,"Informational, Transactional",140,"0.53,0.65,0.83,1.00,0.53,0.41,1.00,0.83,0.53,0.83,0.65,0.65",25,0.00,0.00,,5260000
hyper realistic 3d porn,Informational,140,"1.00,0.81,0.67,0.52,0.33,0.81,0.81,0.67,0.52,0.52,0.67,0.43",17,0.00,0.00,,5100000
inflation porn animation,Informational,140,"0.34,0.42,0.53,0.53,0.53,1.00,0.80,0.80,0.65,0.15,0.19,0.07",20,0.00,0.33,,16700000
interracial porn animation,"Informational, Transactional",140,"0.42,0.52,0.80,0.66,0.80,0.52,0.66,0.66,0.80,0.80,0.66,1.00",25,0.00,0.00,,212000000
mitsuri porn gifs,Informational,140,"0.35,0.35,0.35,0.54,0.42,0.35,0.65,0.42,0.65,1.00,0.65,0.42",6,0.00,0.00,,
mom daughter futa porn -hentai -3d -animation,Informational,140,"0.00,0.00,0.00,0.00,0.00,0.00,1.00,1.00,1.00,1.00,0.00,0.04",6,0.00,0.33,,76900000
monster 3d porn videos,Informational,140,"0.43,0.82,0.82,0.52,0.82,1.00,1.00,0.82,0.43,0.43,0.52,0.43",31,0.00,0.00,,243000000
monster porn video 3d,Informational,140,"0.34,0.65,0.26,0.42,0.65,0.65,0.65,0.42,0.53,0.65,1.00,1.00",22,0.00,0.00,,215000000
naked animated videos,Informational,140,"0.42,0.80,0.80,0.52,0.66,0.66,0.66,1.00,0.66,0.52,0.52,0.42",24,0.00,0.00,,241000000
new 3d hentia,Commercial,140,"0.41,1.00,0.34,0.41,0.41,0.66,0.24,0.24,0.52,0.52,1.00,0.79",23,0.00,0.00,,43500000
new toon porn,Informational,140,"0.53,0.40,1.00,0.81,0.81,0.81,1.00,0.81,1.00,0.64,0.64,0.64",17,0.00,0.00,,28700000
nsfw animation videos,"Informational, Transactional",140,"0.66,0.42,0.66,0.52,0.42,0.66,1.00,0.80,0.52,0.80,1.00,0.80",25,0.00,0.00,,144000000
nude 3d animation,Informational,140,"0.43,0.32,0.66,0.66,0.66,0.52,0.66,1.00,0.52,0.66,0.66,0.66",24,0.00,0.00,,300000000
nude animated,Informational,140,"0.00,0.00,0.00,0.00,1.00,0.00,0.01,0.00,0.00,0.00,0.00,0.45",47,0.98,0.00,,523000000
nude cartoon porn,Informational,140,"1.00,1.00,1.00,0.00,1.00,1.00,1.00,0.79,1.00,1.00,0.79,1.00",39,0.00,0.00,,812000000
porcorr,Navigational,140,"0.21,0.17,0.00,0.00,0.03,1.00,0.00,0.00,0.00,0.00,0.00,0.00",16,1.64,0.23,Sitelinks,261000
pord dude,Navigational,140,"0.81,0.53,0.66,0.53,0.66,0.66,0.66,0.66,0.53,0.66,0.81,1.00",29,0.00,0.00,Sitelinks,37700
porm animated,Informational,140,"0.35,0.26,0.26,0.26,0.26,0.35,0.42,1.00,0.26,1.00,1.00,1.00",53,0.00,0.00,,16500000
porm animations,Informational,140,"0.35,0.26,0.26,0.26,0.26,0.35,0.42,1.00,0.26,0.80,1.00,1.00",52,0.00,0.00,,12200000
porn animater,"Informational, Navigational",140,"0.00,0.00,0.00,0.00,0.00,0.00,0.00,1.00,0.00,0.00,0.00,0.00",35,0.00,0.00,,1900000000
porn animayion,Commercial,140,"0.00,0.00,0.00,0.00,0.00,0.00,0.72,0.00,0.00,1.00,0.00,0.00",50,1.02,0.00,,1120000000
porn animtion,Informational,140,"0.00,0.00,0.22,1.00,0.00,0.00,0.17,0.17,0.00,0.00,0.00,0.00",40,0.00,0.00,,787000000
porn dhde,Navigational,140,"0.52,0.52,1.00,0.43,0.52,1.00,0.52,0.83,0.65,0.83,0.83,0.83",81,1.69,0.00,Sitelinks,573000000
porn toon 3d,Informational,140,"0.00,0.00,1.00,0.00,0.00,0.02,0.03,0.10,0.05,0.00,0.05,0.03",39,0.00,0.00,,43800000
porn tube 3d,Informational,140,"0.83,0.17,0.08,0.08,0.14,1.00,0.17,0.17,0.36,0.56,0.17,0.56",62,0.00,0.00,,1400000000
porn video cartoon 3d,Informational,140,"0.33,1.00,0.54,0.33,1.00,0.65,0.26,0.54,1.00,0.19,0.11,0.33",48,0.00,0.00,,227000000
porn đue,Navigational,140,"0.34,0.26,0.65,0.65,0.65,0.65,0.53,0.34,0.34,0.34,0.07,1.00",86,0.00,0.00,Sitelinks,31600000
porncartoon videos,Informational,140,"0.00,0.00,0.00,0.00,0.00,0.00,0.00,0.00,0.00,0.00,0.00,0.00",53,0.00,0.00,,5100000
pornhentai 3d,Informational,140,"0.00,1.00,0.00,0.00,1.00,0.50,0.00,0.00,0.00,0.50,0.50,0.50",50,0.00,0.00,,10800000
pornhub 3d porn,"Navigational, Transactional",140,"0.67,0.80,1.00,1.00,1.00,1.00,0.80,0.80,0.80,1.00,1.00,1.00",39,0.00,0.00,Sitelinks,51800000
pornhub animated porn,"Navigational, Transactional",140,"0.43,0.53,1.00,0.81,0.81,0.81,0.66,0.66,0.43,0.53,0.43,0.66",42,0.00,0.00,Sitelinks,187000000
pron 3d,Informational,140,"0.65,0.53,1.00,0.83,0.83,0.83,0.83,0.65,0.65,1.00,0.83,0.83",69,0.00,0.00,,2240000000
pron cartoons,Commercial,140,"0.00,0.00,0.00,0.00,0.00,0.00,0.00,0.80,1.00,0.50,0.40,0.50",63,0.00,0.59,,22100000
purndude,Transactional,140,"0.82,0.82,1.00,0.82,1.00,0.64,0.82,1.00,0.82,0.82,0.82,1.00",76,0.00,0.00,,1450
realistic 3d sex,Informational,140,"0.53,0.65,1.00,0.83,0.65,0.83,0.83,0.83,1.00,0.65,0.83,0.65",12,0.00,0.00,,164000000
realistic porn animation,Informational,140,"1.00,0.11,0.23,0.15,0.18,0.18,0.18,0.18,0.28,0.18,0.28,0.23",23,0.00,0.00,,597000000
reddit 3d porn,"Informational, Navigational",140,"0.41,0.52,0.31,0.52,0.31,0.66,1.00,0.52,0.52,1.00,0.66,1.00",28,0.00,0.00,,70900000
sex movie in 3d,Informational,140,"0.34,0.80,0.26,0.34,0.65,0.53,0.53,0.42,0.53,0.65,0.80,1.00",25,0.00,0.00,,652000000
sfmcompile futa,"Navigational, Transactional",140,"1.00,1.00,1.00,1.00,0.82,0.82,0.82,1.00,0.82,1.00,0.82,0.52",3,0.00,0.00,Sitelinks,
the porndide,Navigational,140,"1.00,1.00,0.52,0.52,0.66,0.66,0.66,0.66,0.66,0.52,0.52,0.66",39,0.00,0.00,"Sitelinks, People also ask",9030
the porndud,Transactional,140,"1.00,0.00,1.00,0.00,1.00,0.00,1.00,1.00,1.00,1.00,1.00,0.00",17,0.00,0.00,People also ask,29600
videos of cartoon sex,Informational,140,"0.00,0.00,0.00,0.20,0.00,0.00,0.00,1.00,0.00,0.00,0.20,0.00",65,0.00,0.00,,780000000
vr porn sfm,Informational,140,"0.33,0.65,0.33,0.80,0.80,1.00,0.54,0.80,0.33,0.65,0.33,0.33",27,0.00,0.00,Sitelinks,9440000
xfantazy superheroine,"Navigational, Transactional",140,"0.52,0.65,0.83,0.65,0.65,0.52,0.65,0.65,0.83,0.52,1.00,0.65",4,0.00,0.00,,53700
xvideos 3d anime,Navigational,140,"0.42,0.33,0.52,0.52,0.80,0.80,0.80,1.00,0.80,0.80,0.52,0.66",34,0.00,0.00,,205000000
xxx3d anime,Informational,140,"0.46,0.77,0.46,0.46,1.00,1.00,0.31,0.46,0.38,1.00,0.62,0.46",30,0.00,0.00,,6990000
xxx3d porn,Informational,140,"0.43,0.52,0.67,0.81,1.00,0.67,0.67,0.81,0.81,0.52,1.00,0.67",67,0.00,0.00,,5850000
xxxxx 3d,Commercial,140,"0.00,0.00,1.00,0.00,0.00,0.00,0.00,0.00,0.00,0.00,0.00,0.00",,0.00,0.00,,135000000
young 3d hentia,Informational,140,"0.31,0.31,0.31,0.31,0.13,1.00,0.44,0.31,0.69,0.69,0.13,0.25",17,0.00,0.00,,22200000
zombies 3d porn,Informational,140,"0.22,0.00,0.12,0.27,0.81,1.00,0.00,0.00,0.81,0.27,0.00,0.00",13,0.00,0.00,,8290000
3d animated nsfw,Informational,110,"0.78,0.50,1.00,0.64,0.50,0.78,0.64,1.00,0.78,0.78,1.00,1.00",32,0.00,0.00,Sitelinks,165000000
3d animated nude,Transactional,110,"1.00,0.34,0.62,0.62,1.00,0.76,0.62,0.76,0.48,1.00,0.76,1.00",21,0.00,0.00,,164000000
3d animated por,Informational,110,"0.79,0.79,0.79,0.79,1.00,1.00,0.79,1.00,1.00,1.00,0.64,0.79",60,0.00,0.00,"People also ask, Related searches",88300000
3d animated porn free,Informational,110,"0.42,0.51,0.33,0.33,0.81,1.00,0.67,0.51,0.81,0.42,0.23,0.42",49,0.00,0.00,,623000000
3d animated porn gifs,Commercial,110,"0.40,1.00,0.53,0.28,0.23,0.40,1.00,1.00,1.00,0.40,0.81,1.00",45,0.00,0.00,,263000000
3d animated pornhub,"Navigational, Transactional",110,"0.06,0.53,1.00,0.33,0.65,0.21,0.21,0.21,0.21,0.27,0.21,0.27",30,0.00,0.00,Sitelinks,556000000
3d animated rule 34,Navigational,110,"1.00,1.00,0.81,1.00,1.00,0.81,0.81,0.81,0.81,1.00,0.63,0.81",22,0.00,0.00,People also ask,135000000
3d animation futanari,Informational,110,"0.00,0.01,0.00,0.10,0.10,0.00,0.15,0.00,0.15,1.00,0.12,0.12",31,0.00,0.00,,87000000
3d animation nsfw,Informational,110,"0.52,0.42,0.66,0.33,0.33,0.52,0.42,0.66,0.52,0.80,1.00,0.52",24,0.00,0.00,Sitelinks,210000000
3d animation por,Commercial,110,"0.79,0.64,0.29,0.79,1.00,0.79,0.50,0.79,0.79,0.79,0.64,0.50",48,0.00,0.00,,331000000
3d animation porn free,Commercial,110,"0.35,0.42,0.26,0.65,0.65,0.42,0.53,0.42,1.00,0.35,0.18,0.26",51,0.00,0.00,,417000000
3d animation porn gif,Informational,110,"0.53,0.41,0.41,0.29,0.53,0.53,0.53,0.83,0.53,0.83,1.00,0.83",11,0.00,0.00,,173000000
3d animation porn video,Commercial,110,"0.00,0.51,0.80,0.66,0.66,0.51,0.66,0.80,0.66,0.31,1.00,0.66",38,0.00,0.00,,406000000
3d animation vr porn,Commercial,110,"0.52,0.65,0.65,0.82,0.82,0.82,0.82,1.00,0.82,0.65,0.11,0.11",32,0.00,0.33,,59700000
3d animation xvideos,"Navigational, Transactional",110,"0.52,0.41,0.52,0.52,0.82,0.64,1.00,0.82,0.82,0.64,0.41,0.64",36,0.00,0.00,Sitelinks,139000000
3d anime naked,Informational,110,"0.43,0.52,0.32,0.43,0.43,0.32,0.23,1.00,0.43,0.52,1.00,0.66",19,0.00,0.00,,134000000
3d anime nsfw,Informational,110,"0.64,0.64,1.00,0.64,0.50,0.78,0.64,1.00,0.64,0.78,1.00,1.00",41,0.00,0.00,Sitelinks,102000000
3d anime por,"Informational, Transactional",110,"0.79,0.79,0.79,0.79,0.79,1.00,0.79,0.64,0.64,0.79,0.64,0.79",49,0.00,0.00,,553000000
3d anime sex videos,"Informational, Transactional",110,"0.00,0.00,0.80,1.00,0.65,0.34,0.80,0.53,0.53,0.26,0.42,0.42",50,0.00,0.00,,450000000
3d anime vr porn,Informational,110,"0.64,0.64,0.64,0.64,0.64,1.00,0.79,1.00,1.00,1.00,0.50,0.79",22,0.00,0.00,,58500000
3d brutal porn,Informational,110,"0.54,0.54,0.39,0.54,0.29,1.00,1.00,0.82,0.54,0.82,0.82,1.00",14,0.00,0.00,,45200000
3d cartoon monster porn,Informational,110,"0.43,0.43,0.24,0.43,0.81,0.33,0.43,1.00,0.53,0.66,0.43,0.53",31,0.00,0.00,,105000000
3d cartoon naked,Informational,110,"0.42,1.00,0.67,0.51,0.42,0.42,0.51,0.51,0.67,0.81,0.51,0.33",35,0.00,0.00,,163000000
3d cartoon porn movies,Informational,110,"0.00,1.00,1.00,1.00,1.00,1.00,1.00,0.78,1.00,0.63,0.50,0.63",32,0.00,0.00,,208000000
3d cartoon sex video,Informational,110,"0.33,1.00,0.33,0.80,1.00,1.00,1.00,0.67,1.00,0.80,0.80,0.47",36,0.00,0.00,,508000000
3d dude porn,Navigational,110,"1.00,1.00,1.00,1.00,1.00,1.00,1.00,1.00,0.81,1.00,1.00,1.00",32,0.00,0.00,Sitelinks,354000000
3d free porn,Informational,110,"0.00,0.00,0.00,0.54,1.00,0.00,0.00,0.00,0.00,0.00,0.00,0.00",49,0.00,0.00,,1190000000
3d full porn movies,Informational,110,"0.53,0.65,0.83,1.00,0.41,0.83,1.00,0.65,0.65,0.65,0.65,0.41",55,0.00,0.00,,1180000000
3d futa porn video,Informational,110,"0.00,0.09,0.34,0.43,1.00,0.34,0.52,0.80,0.43,0.21,0.21,0.34",27,0.00,0.00,,365000000
3d futa sex video,Informational,110,"0.42,0.52,0.23,0.66,0.80,0.66,0.52,0.66,1.00,0.33,0.33,0.33",25,0.00,0.00,,430000000
3d futanari animations,Informational,110,"0.15,0.00,0.01,0.07,0.02,1.00,0.00,0.04,0.03,0.00,0.01,0.02",26,0.00,0.00,People also ask,11600000
3d futanari porn videos,"Informational, Commercial",110,"0.51,0.40,0.51,0.40,0.63,1.00,0.29,0.83,0.40,0.83,0.63,1.00",28,0.00,0.00,,65200000
3d futarni,Informational,110,"0.00,0.00,0.00,0.00,0.00,1.00,0.00,0.00,0.00,0.00,0.00,0.00",32,0.00,0.00,,470000000
3d gif porn,Commercial,110,"0.02,0.02,0.00,0.02,0.02,0.00,1.00,0.00,0.00,0.00,0.00,0.00",48,0.00,0.00,,
3d hemtai,Commercial,110,"0.64,0.81,0.81,0.53,0.81,0.81,0.64,0.64,0.81,1.00,0.53,0.64",42,0.00,0.00,,527000
3d henti tube,Commercial,110,"0.53,0.65,0.29,0.53,0.83,1.00,0.53,0.41,0.65,0.83,0.83,0.83",50,0.00,0.00,,48000000
3d hot sex,Informational,110,"0.52,0.52,0.82,0.65,0.82,1.00,0.82,1.00,0.82,0.65,0.65,0.52",20,0.00,0.00,,1580000000
3d monster porn cartoons,Informational,110,"0.43,0.81,0.24,0.43,1.00,0.66,0.66,0.53,0.43,0.81,0.24,0.43",24,0.00,0.00,,59900000
3d monster porn free,Informational,110,"0.43,0.52,0.82,0.52,0.66,0.52,0.43,0.52,0.66,1.00,0.52,0.43",24,0.00,0.00,,354000000
3d necro porn,Informational,110,"1.00,0.52,0.33,0.80,0.66,0.52,0.66,0.42,0.52,0.33,0.52,0.52",4,0.00,0.00,,356000
3d oorn,Informational,110,"0.63,0.50,0.63,0.50,0.78,0.50,0.78,0.78,0.78,1.00,0.78,1.00",67,0.00,0.00,,128
3d porn 2025,Transactional,110,"0.42,0.52,0.52,1.00,0.80,0.52,0.66,0.66,0.33,0.42,0.52,0.52",24,0.00,0.00,,932000000
3d porn add,Informational,110,"0.20,0.04,0.04,0.04,0.04,0.20,0.04,0.20,1.00,0.28,0.12,0.12",15,0.00,0.00,,61900000
3d porn animated,Informational,110,"1.00,0.00,0.00,0.00,0.00,0.00,0.00,0.30,0.30,0.00,0.00,0.00",53,0.00,0.00,,599000000
3d porn cgi,Commercial,110,"0.42,0.51,0.33,0.42,0.42,0.33,0.23,0.81,0.33,0.81,1.00,0.81",21,0.00,0.00,,7310000
3d porn com,Commercial,110,"0.00,0.00,0.23,0.80,1.00,0.66,0.80,1.00,0.80,0.33,0.23,0.66",59,0.00,0.00,,1590000000
3d porn download,Informational,110,"1.00,1.00,0.81,1.00,1.00,1.00,0.81,0.63,1.00,0.63,0.81,0.81",11,0.00,0.00,,1100000000
3d porn erotic,Informational,110,"0.42,1.00,0.14,0.42,1.00,1.00,0.66,0.33,0.33,0.33,0.23,0.23",29,0.00,0.00,,263000000
3d porn hd,Informational,110,"1.00,0.15,0.80,0.40,0.40,0.25,0.40,0.25,0.10,0.30,0.30,0.15",64,0.00,0.00,,1420000000
3d porn hd videos,Informational,110,"0.52,0.65,0.40,0.52,1.00,1.00,0.52,0.52,0.65,0.82,0.52,0.65",55,0.00,0.00,,942000000
3d porn in hd,Commercial,110,"0.52,0.65,0.40,0.52,1.00,1.00,0.52,0.40,0.65,0.82,0.52,0.65",40,0.00,0.00,,1130000000
3d porn rough,Informational,110,"0.52,0.41,0.52,0.64,0.64,0.64,0.82,0.52,0.52,1.00,0.64,0.52",23,0.00,0.00,,723000000
3d porn rule 34,Informational,110,"1.00,0.52,0.67,0.43,0.52,0.52,0.67,0.67,0.43,0.19,0.19,0.52",14,0.00,0.00,,98600000
3d porn videos animated,Commercial,110,"0.28,0.65,0.28,0.34,0.12,1.00,0.34,0.43,0.43,0.21,0.15,0.12",38,0.00,0.00,,261000000
3d porn videos free,Informational,110,"0.00,0.54,1.00,0.35,0.29,0.08,0.10,0.08,0.18,0.04,0.14,0.18",63,0.00,0.00,,1650000000
3d sex film,Informational,110,"0.00,1.00,1.00,0.52,0.80,0.66,0.66,0.52,0.42,0.80,0.33,0.42",20,0.00,0.00,,1820000000
3d sex movi,Informational,110,"0.41,1.00,0.31,0.31,0.17,0.66,0.66,0.52,0.66,0.79,0.17,0.41",36,0.00,0.00,,696000000
3d sex vid,Commercial,110,"0.00,0.00,0.34,0.65,0.00,0.00,0.21,0.65,0.81,1.00,0.65,0.43",54,0.00,0.00,,2390000000
3d sexfilm,Informational,110,"0.52,0.41,0.41,0.52,1.00,0.82,0.82,0.64,0.82,1.00,0.23,0.52",65,0.00,0.00,,21800000
3d sexual,Informational,110,"0.00,0.00,0.00,0.00,0.00,0.00,1.00,0.00,0.00,0.00,0.00,0.00",43,0.00,0.00,,2410000000
3d uncensored porn,"Informational, Transactional",110,"0.00,0.00,0.82,1.00,1.00,1.00,1.00,0.82,0.52,0.52,0.52,0.64",19,0.00,0.00,,484000000
3d video games porn,Informational,110,"0.00,0.51,0.00,0.80,1.00,0.66,0.51,0.31,0.43,0.66,0.43,0.31",50,0.00,0.00,,272000000
3d x videos,"Navigational, Transactional",110,"0.00,0.00,0.28,0.28,0.00,0.28,0.11,1.00,0.23,0.18,0.18,0.18",38,0.00,0.00,Sitelinks,817000000
3d xx,Commercial,110,"0.62,0.62,0.76,0.76,0.76,0.76,1.00,1.00,1.00,1.00,0.76,0.76",53,0.00,0.00,,985000000
3d young hentia,Informational,110,"0.63,0.38,0.50,0.63,0.38,1.00,0.38,0.50,0.38,0.63,0.31,0.38",10,0.00,0.00,,2680000
3d young sex,Informational,110,"0.78,0.78,1.00,0.78,0.63,0.78,0.78,0.50,1.00,0.50,0.35,0.63",32,0.00,0.00,People also ask,800000000
3d 动漫 av,Informational,110,"1.00,1.00,0.64,0.50,0.50,1.00,0.64,0.50,0.78,0.78,0.64,0.78",27,0.00,0.00,,17200000
3d 色情 動畫,Informational,110,"0.52,0.52,0.23,0.33,0.42,0.66,1.00,0.66,0.66,0.52,0.33,0.42",25,0.00,0.00,,6230000
3d 色情 网站,"Informational, Navigational",110,"0.41,0.64,0.41,0.41,0.82,1.00,0.82,0.41,0.64,0.64,0.64,0.82",73,0.00,0.00,,42600000
3d 色情 视频,Informational,110,"0.64,0.64,0.50,0.50,1.00,1.00,1.00,0.50,0.78,0.50,0.78,0.78",29,0.00,0.00,,38900000
3d 야동,"Informational, Commercial",110,"0.79,1.00,0.65,0.65,0.65,0.65,0.79,0.79,0.79,0.49,1.00,0.49",69,0.00,0.00,,12500000
3dannao,Informational,110,"0.00,0.00,0.00,0.00,0.00,0.00,0.00,0.00,0.36,1.00,0.10,0.00",17,0.00,0.00,Sitelinks,479
3dhd porn,Commercial,110,"0.53,0.65,1.00,0.65,1.00,0.65,0.53,0.41,0.53,0.82,0.29,0.29",22,0.00,0.00,,5230000
3dhentai videos,Commercial,110,"0.00,0.00,0.00,1.00,0.02,0.00,0.43,0.81,0.14,0.29,0.00,0.14",50,0.00,0.00,,38900000
3dporno,"Informational, Commercial",110,"0.88,0.50,0.63,0.38,0.25,0.38,0.50,0.38,1.00,0.88,0.88,0.88",33,0.00,0.00,,4110000
3d色情网站,"Informational, Transactional",110,"0.33,0.65,0.41,0.19,0.41,0.54,1.00,0.54,0.26,0.41,0.41,0.54",71,0.00,0.00,,40200000
adult anime 3d,Informational,110,"0.53,0.40,1.00,0.64,0.81,0.64,0.81,1.00,0.81,0.64,0.64,0.53",30,0.00,0.00,,75700000
alien porn gifs,Informational,110,"0.06,0.00,0.65,1.00,0.00,0.00,0.43,1.00,0.15,0.43,0.53,0.65",3,0.00,0.00,,14700000
all cartoon pron,Informational,110,"0.42,0.42,0.52,0.42,0.66,0.66,0.66,0.33,0.66,0.80,1.00,0.66",50,0.00,0.00,,89800000
all cartoonporn,"Informational, Commercial",110,"0.53,0.53,0.64,0.81,0.64,0.81,0.81,0.40,0.81,1.00,0.40,0.40",65,0.00,0.00,,24300000
allporn cartoon,Navigational,110,"0.43,0.43,0.43,0.43,0.66,0.66,0.82,1.00,0.66,0.52,0.32,0.32",71,0.00,0.00,Sitelinks,11900000
anal 3d cartoon,"Informational, Transactional",110,"0.63,0.50,0.78,1.00,0.50,0.63,0.78,1.00,0.78,0.78,1.00,0.78",24,0.00,0.00,,240000000
animasyon porn,Informational,110,"0.40,0.63,0.63,0.51,0.83,0.63,1.00,0.83,0.51,0.63,0.51,0.40",52,0.00,0.00,,4090000
animated adult videos,Informational,110,"0.00,0.00,1.00,1.00,0.52,0.82,1.00,0.82,1.00,0.41,0.64,0.41",30,0.00,0.00,,615000000
animated character porn,Informational,110,"0.63,0.50,0.35,0.50,0.63,0.63,0.78,1.00,0.63,1.00,0.78,1.00",30,0.00,0.00,,52900000
animated characters porn,Informational,110,"0.52,0.65,0.40,0.82,0.82,0.82,1.00,0.65,0.82,0.65,0.65,0.82",35,0.00,0.00,,128000000
animated futanari sex,Informational,110,"0.17,0.00,0.83,1.00,0.17,1.00,1.00,1.00,0.83,0.67,0.67,0.67",25,0.00,0.00,,167000000
animated hard porn,"Informational, Commercial",110,"0.53,1.00,0.29,0.41,1.00,0.82,0.82,0.53,0.53,1.00,0.53,1.00",27,0.00,0.00,People also ask,323000000
animated pien,"Informational, Transactional",110,"0.81,0.65,0.23,0.53,1.00,0.81,0.81,0.81,0.53,0.65,0.40,0.40",39,0.00,0.00,,7100000
animated porn toons,Commercial,110,"0.53,0.65,1.00,0.81,0.81,0.65,0.53,0.40,0.53,0.53,0.40,0.65",42,0.00,0.01,,67800000
animated porn vids,"Informational, Transactional",110,"0.00,0.00,0.67,0.02,1.00,0.00,0.00,0.27,0.00,0.23,0.42,0.82",43,0.00,0.00,,1300000000
animated sex free,Informational,110,"0.03,0.03,0.03,0.03,0.03,0.03,0.03,1.00,0.11,0.19,0.30,0.30",54,0.00,0.00,,701000000
animated sex porn videos,"Informational, Transactional",110,"0.63,0.50,0.78,0.78,1.00,1.00,0.78,0.50,0.63,0.78,0.78,0.50",33,0.00,0.00,,474000000
animated sex sites,Informational,110,"0.52,0.64,0.41,0.41,1.00,1.00,0.82,1.00,0.82,0.82,0.52,0.64",50,0.00,0.00,,207000000
animated sex tapes,"Informational, Transactional",110,"0.52,0.41,0.41,0.82,0.64,0.64,1.00,0.82,0.52,0.82,0.82,0.82",31,0.00,0.00,,213000000
animated xhamster,"Navigational, Transactional",110,"0.53,0.65,0.83,1.00,0.83,0.83,0.83,0.53,0.65,0.65,0.41,0.41",,0.00,0.00,,47700000
animater porn,Commercial,110,"0.00,0.00,1.00,0.00,0.00,0.00,0.00,0.00,0.00,0.00,0.00,0.00",38,4.43,0.10,,807000000
animation porn movies,Informational,110,"0.53,0.00,0.67,0.80,0.00,0.00,0.00,1.00,0.00,0.00,0.00,0.00",28,0.00,0.00,,279000000
animation porn tubes,Informational,110,"0.00,0.00,1.00,0.15,0.18,0.44,0.08,0.00,0.00,0.00,0.18,0.00",51,0.00,0.00,,226000000
animation porn.,Transactional,110,"0.67,0.00,0.00,0.00,0.00,0.00,0.00,0.00,0.00,1.00,0.00,0.00",52,0.00,0.00,,954000000
animation sex sites,Informational,110,"0.42,0.52,0.19,0.42,0.80,0.80,0.80,0.52,0.66,1.00,0.23,0.33",61,0.00,0.00,,276000000
animation sex video,"Informational, Commercial",110,"1.00,0.83,0.42,0.13,0.13,0.25,0.04,0.00,0.00,0.08,0.17,0.04",33,0.00,0.00,,921000000
animation story porn,Informational,110,"0.64,0.64,0.28,1.00,1.00,1.00,0.79,0.79,0.79,1.00,0.64,0.49",17,0.00,0.00,,516000000
animatwd porn,"Informational, Navigational",110,"0.00,0.00,0.00,0.00,0.00,1.00,0.00,0.00,0.00,0.00,0.00,0.00",37,4.43,0.10,,871000000
anime 3d porn movies,Informational,110,"0.53,0.64,0.64,0.81,0.81,0.81,1.00,0.81,1.00,0.81,0.64,0.53",36,0.00,0.00,,118000000
anime monster porn gif,Informational,110,"0.78,0.50,1.00,1.00,1.00,0.78,1.00,0.78,0.64,0.78,0.78,1.00",10,0.00,0.00,,16900000
anitmated porn,"Informational, Transactional",110,"0.00,0.00,0.00,0.66,1.00,0.43,0.53,0.17,0.23,0.05,0.28,0.00",37,4.43,0.10,,196000000
anomated porn,"Informational, Transactional",110,"0.00,0.00,1.00,0.20,0.00,0.00,0.00,0.40,0.00,0.00,0.00,0.00",37,0.00,0.00,,1080000000
best 3d futa porn,Commercial,110,"0.63,0.78,0.50,0.50,0.78,0.78,0.78,0.78,0.63,0.78,1.00,1.00",26,0.00,0.00,,350000000
best animation porn website,Commercial,110,"0.51,0.63,0.40,0.51,0.51,0.83,0.40,1.00,0.51,0.63,0.83,0.83",50,0.00,0.00,"Sitelinks, People also ask",636000000
best cartoon 3d porn,Commercial,110,"0.52,1.00,0.40,0.52,0.40,0.82,0.82,0.40,0.65,0.65,0.82,0.29",55,0.00,0.00,,180000000
best cgi porn,Commercial,110,"0.81,1.00,1.00,0.81,0.81,0.65,0.53,0.53,0.81,0.40,0.65,0.65",20,0.00,0.00,Sitelinks,48700000
best free 3d porn,Commercial,110,"0.51,0.63,0.63,0.63,1.00,0.51,0.63,0.83,0.51,0.83,0.83,0.63",41,0.00,0.00,,1600000000
best porn animator,Commercial,110,"0.00,0.00,0.00,0.00,0.00,0.00,0.00,0.00,0.00,1.00,0.00,0.00",36,0.00,0.00,Sitelinks,10800000
blender animation porn,Informational,110,"1.00,0.41,0.41,0.52,0.52,0.52,0.66,0.79,0.41,0.52,0.52,0.66",20,0.00,0.00,"Sitelinks, People also ask",11100000
bokep anime 3d,Informational,110,"0.62,0.31,0.31,0.62,0.46,0.46,1.00,0.62,0.77,0.38,0.31,0.31",23,0.00,0.00,,123000000
bokep anime3d,Informational,110,"1.00,0.65,0.65,0.82,0.65,0.82,1.00,0.82,0.40,0.40,0.11,0.11",31,0.00,0.00,,107000000
brutal 3d porn,Informational,110,"0.64,0.64,0.64,0.50,0.64,1.00,1.00,1.00,0.79,0.79,0.79,1.00",9,0.00,0.00,,308000000
carton porne,Informational,110,"0.43,1.00,0.31,0.31,0.80,1.00,0.31,0.51,0.66,0.80,0.14,0.43",50,0.00,0.00,,78600
cartoon 3d anal,"Informational, Transactional",110,"0.50,0.50,0.78,0.64,0.78,0.78,1.00,0.64,0.78,0.78,0.64,0.50",26,0.00,0.00,,198000000
cartoon 3d porn monster,Informational,110,"0.52,1.00,0.65,1.00,0.82,0.65,0.52,0.65,0.65,1.00,0.29,0.52",29,0.00,0.00,,46500000
cartoon 3d pornos,Informational,110,"0.00,0.00,0.00,0.00,0.00,0.00,0.00,0.00,0.00,0.00,0.00,0.00",64,0.00,0.00,,434000000
cartoon futanari videos,"Informational, Commercial",110,"0.52,0.33,0.42,0.42,0.52,0.52,0.52,1.00,0.52,0.52,0.66,0.80",25,0.00,0.00,,109000000
cartoon hentia sex,Informational,110,"0.66,1.00,0.33,0.24,0.33,0.81,0.81,0.53,0.66,0.81,0.24,0.43",55,0.00,0.00,,27100000
cartoon lesbian porn free,Informational,110,"0.64,0.79,0.64,0.64,1.00,1.00,0.64,0.50,0.79,0.79,0.79,0.79",25,0.00,0.00,,334000000
cartoon monster 3d porn,Informational,110,"0.42,0.80,1.00,0.42,0.42,0.52,0.42,0.42,0.52,0.80,0.52,0.42",22,0.00,0.00,,82600000
cartoon monster porn 3d,Informational,110,"0.42,0.80,0.19,0.42,1.00,0.66,0.66,0.52,0.52,0.80,0.23,0.42",31,0.00,0.00,,83500000
cartoon por com,Informational,110,"0.00,0.00,0.00,0.15,1.00,0.02,0.00,0.00,0.00",65,0.00,0.33,,1340000000
cartoon pornn,Informational,110,"0.51,0.40,0.51,0.63,1.00,0.83,0.63,0.63,0.63,0.51,0.51,0.63",61,0.00,0.00,,3000000
cartoon pornos for free,Informational,110,"1.00,0.00,0.00,0.00,0.67,0.00,0.00,0.00,0.00,0.00,0.00,0.00",56,0.00,0.00,,603000000
cartoon pron video,Informational,110,"0.09,0.15,0.21,1.00,0.34,0.21,0.43,0.28,0.65,0.15,0.21,0.21",64,0.00,0.00,,75200000
cartoon realistic porn,Informational,110,"0.52,0.52,0.29,0.82,0.64,1.00,0.82,0.64,0.82,0.82,0.52,1.00",20,0.00,0.00,,71200000
cartoon sex henti,Informational,110,"0.42,1.00,0.33,0.23,0.33,0.80,0.80,0.52,0.66,0.80,0.23,0.42",56,0.00,0.00,,33900000
cartoonpron videos,Informational,110,"0.65,0.53,0.28,0.53,1.00,1.00,1.00,0.65,0.81,0.12,0.12,0.12",54,0.00,0.33,,115000
cartoons video sex,Informational,110,"0.00,0.00,1.00,0.07,0.10,0.07,0.01,0.00,0.00,0.00,0.19,0.19",62,0.00,0.00,,1740000000
cgi 3d porn,Informational,110,"0.43,0.31,0.43,0.43,0.43,0.31,1.00,0.66,1.00,0.66,1.00,0.51",26,0.00,0.00,,21200000
cgi porn 3d,Informational,110,"0.42,0.81,0.51,0.33,0.33,0.67,0.81,1.00,0.42,0.23,0.23,0.33",40,0.00,0.00,,14600000
cgi porn videos,Informational,110,"0.82,0.61,0.43,0.43,0.61,1.00,1.00,0.82,1.00,0.82,1.00,1.00",50,0.00,0.00,,21300000
crazy xxx 3d porn,Informational,110,"1.00,1.00,1.00,1.00,1.00,1.00,0.07,0.07,1.00,1.00,1.00,1.00",18,0.00,0.00,,310000000
dede porn,Informational,110,"0.43,0.33,0.33,1.00,0.43,0.53,1.00,0.33,0.53,0.43,0.66,0.53",18,0.00,0.00,,37400000
eden zero porn,"Informational, Transactional",110,"0.00,0.00,0.00,0.00,0.00,0.00,0.00,1.00,0.43,0.43,0.43,0.29",,0.00,0.00,,9320000
extreme futanari porn,Informational,110,"0.64,0.36,0.79,1.00,0.79,1.00,1.00,0.79,0.79,0.79,0.79,1.00",18,0.00,0.00,,93100000
freaky anime porn,Informational,110,"0.64,0.35,1.00,0.64,0.78,0.78,1.00,0.78,0.78,1.00,1.00,1.00",17,0.00,0.00,,13200000
free 3d animation porn,Informational,110,"0.00,0.00,0.28,0.28,0.35,0.17,0.28,0.10,1.00,1.00,0.17,0.28",50,0.00,0.00,,490000000
free 3d futa,"Informational, Commercial",110,"0.33,0.33,0.52,0.33,0.42,0.52,0.80,1.00,0.66,0.66,0.42,0.66",14,0.00,0.00,,351000000
free 3d porn animation,Informational,110,"0.43,0.81,0.32,0.81,1.00,0.04,0.66,1.00,0.66,0.32,0.19,0.19",52,0.00,0.00,,212000000
free 3d porn sites,Commercial,110,"0.53,0.65,0.41,0.82,0.65,0.53,0.82,0.53,0.82,1.00,1.00,0.65",50,0.00,0.00,Sitelinks,1760000000
free 3d sex,Informational,110,"1.00,0.50,1.00,0.50,0.50,0.50,0.50,1.00,0.50,0.50,0.50,0.50",64,0.00,0.00,,1540000000
free animated sex videos,Informational,110,"0.64,0.50,0.64,0.64,1.00,0.78,1.00,1.00,0.78,0.78,0.64,0.78",32,0.00,0.00,,927000000
free anime porn films,Informational,110,"0.63,0.63,0.63,0.63,1.00,1.00,0.35,0.50,0.50,1.00,0.78,0.78",68,0.00,0.00,,208000000
free anime porn movies,"Informational, Commercial",110,"0.53,0.53,0.53,0.53,1.00,0.81,0.53,0.64,0.40,1.00,0.64,0.64",66,0.00,0.00,,251000000
free cartoon pron,Informational,110,"0.54,0.54,0.39,0.54,1.00,0.54,0.39,0.54,0.39,0.82,0.82,1.00",70,0.00,0.00,,63700000
free cartoon pron movies,Informational,110,"0.34,0.34,0.19,0.26,1.00,0.26,0.26,0.34,0.53,0.53,0.42,0.26",45,0.00,0.00,,201000000
free porn anime monster,Informational,110,"0.52,0.64,1.00,0.52,0.52,0.64,0.52,0.52,0.82,0.82,0.64,0.64",22,0.00,0.00,,293000000
free toon porn sites,Commercial,110,"0.63,0.63,0.78,0.63,0.78,1.00,0.63,0.50,1.00,1.00,0.63,0.78",45,0.00,0.00,,143000000
free toon pron,Informational,110,"1.00,0.00,1.00,0.18,0.00,0.00,0.00,0.00,0.00,0.06,0.06,0.06",41,1.28,0.01,,28000000
freexxx cartoon,"Informational, Commercial",110,"0.52,0.64,0.23,0.29,0.41,1.00,1.00,0.52,0.82,0.82,0.23,0.23",66,0.00,0.00,,80000000
full movie 3d porn,Informational,110,"0.53,0.65,1.00,0.83,0.65,0.83,0.65,0.53,0.65,0.83,0.53,0.41",9,0.00,0.00,,1160000000
futa rule 34 videos,"Informational, Transactional",110,"0.52,0.64,0.64,0.82,1.00,0.64,0.64,0.29,0.64,0.52,0.41,0.23",18,0.00,0.00,,65400000
futanari 3d animated,Informational,110,"0.00,0.00,1.00,0.11,0.00,0.04,0.67,0.00,0.00,0.11,0.13,0.07",28,0.00,0.00,People also ask,67000000
futanari 3d porn videos,Informational,110,"0.52,0.39,0.52,0.52,0.65,0.65,1.00,0.65,0.65,0.52,0.65,0.65",33,0.00,0.00,,109000000
futanari bondage porn,Informational,110,"0.66,0.66,0.80,0.80,0.80,0.80,1.00,1.00,0.66,0.80,0.80,0.66",20,0.00,0.00,,108000000
futanari cartoon videos,Informational,110,"1.00,0.42,0.42,0.42,0.80,0.66,0.66,0.52,0.52,0.42,0.52,0.52",27,0.00,0.00,,174000000
futanari sex 3d,Informational,110,"1.00,0.00,0.00,0.00,0.09,0.26,0.00,0.00,0.00,0.01,0.01,0.00",36,0.00,0.00,,446000000
futanari teen,Informational,110,"0.00,0.00,1.00,1.00,1.00,1.00,1.00,0.75,1.00,1.00,1.00,1.00",18,0.00,0.00,,108000000
hanimation porn,Transactional,110,"0.54,1.00,0.00,0.00,0.01,0.00,0.00,0.01,0.00,0.19,0.00,0.00",18,0.00,0.00,Sitelinks,345000000
hardcore animated,Informational,110,"0.60,0.60,0.50,0.60,0.60,1.00,0.40,0.40,1.00,0.80,0.50,0.50",24,0.00,0.00,,538000000
hd 3d pron,Informational,110,"0.52,0.65,0.40,0.52,1.00,1.00,0.52,0.40,0.65,0.82,0.52,0.65",58,0.00,0.00,,123000000
hd porn in 3d,Informational,110,"0.52,0.65,0.40,0.52,1.00,1.00,0.52,0.40,0.65,0.82,0.52,0.65",62,0.00,0.00,,290000000
hd3d porn,Informational,110,"0.43,1.00,0.32,0.82,1.00,0.66,0.52,0.32,0.52,0.43,0.23,0.32",18,0.00,0.00,,1140000
henati cartoon sex,Informational,110,"0.66,1.00,0.19,0.43,0.33,0.81,0.81,0.53,0.66,0.24,0.24,0.33",65,0.00,0.00,,7310000
henrai 3d,Informational,110,"0.17,0.17,0.28,0.17,0.17,0.12,0.17,1.00,0.28,0.28,0.28,0.17",29,0.00,0.00,,1110000
hential 3d,Commercial,110,"0.66,0.66,0.43,0.43,0.18,0.82,0.66,0.52,1.00,0.32,0.23,0.32",44,0.00,0.00,Sitelinks,20600000
high def 3d porn,Informational,110,"0.35,1.00,0.26,0.65,0.80,0.35,0.26,0.26,0.42,0.42,0.19,0.26",37,0.00,0.00,,11900000
high definition 3d porn,Informational,110,"0.43,1.00,0.43,0.82,1.00,0.66,0.32,0.32,0.52,0.82,0.23,0.32",49,0.00,0.00,,23000000
high quality porn animation,Informational,110,"0.65,0.79,0.79,1.00,1.00,0.65,0.79,0.79,1.00,0.65,0.79,0.65",38,0.00,0.00,,107000000
imhentai game cg,"Navigational, Transactional",110,"1.00,0.42,0.53,0.80,0.42,0.42,0.42,0.42,0.34,0.34,0.15,0.11",4,0.00,0.00,People also ask,473000
kidnapped porn gif,Informational,110,"0.52,0.41,0.64,0.52,0.64,0.64,1.00,0.64,0.52,0.82,0.82,0.82",3,0.00,0.00,,
lara rose porn gif,Informational,110,"0.78,0.78,0.78,1.00,0.78,1.00,0.78,0.64,0.64,0.50,0.64,0.50",5,0.00,0.00,,
lesbian 3d anime porn,Informational,110,"0.52,0.64,1.00,0.64,0.52,0.82,0.64,0.41,0.64,1.00,0.64,0.41",29,0.00,0.00,,158000000
monster cartoon 3d porn,Informational,110,"0.52,1.00,0.65,0.82,0.82,0.65,0.82,0.65,0.65,1.00,0.23,0.40",32,0.00,0.00,,61100000
monster porn animations,Commercial,110,"0.00,0.00,0.00,0.00,0.00,0.00,0.00,1.00,0.00,1.00,1.00,1.00",29,0.00,0.00,People also ask,553000000
most realistic animated porn,Commercial,110,"0.63,0.63,0.78,1.00,0.78,0.78,1.00,0.78,0.50,0.78,0.63,0.78",22,0.00,0.00,,43900000
most realistic anime porn,Informational,110,"0.65,0.65,0.65,1.00,0.79,0.35,0.65,0.79,0.49,0.79,0.65,0.79",16,0.00,0.00,,50700000
my porn dude,Navigational,110,"0.65,0.65,1.00,0.65,0.65,0.65,0.83,0.65,0.41,0.65,0.65,0.83",86,0.00,0.00,Sitelinks,540000000
new 3d porn videos,Informational,110,"0.64,0.49,0.79,1.00,0.64,0.79,0.64,0.79,0.49,0.64,1.00,0.79",50,0.00,0.00,,2380000000
new porn animations,"Informational, Transactional",110,"0.42,0.33,0.52,0.52,0.52,0.52,0.66,0.52,0.66,0.52,1.00,1.00",50,0.00,0.00,People also ask,77100000
new porn toons,Informational,110,"0.65,0.49,0.79,1.00,0.79,0.79,0.79,0.65,0.79,0.65,0.65,0.49",66,0.00,0.00,,63100000
new sex cartoon,Informational,110,"0.04,0.04,0.04,0.22,0.22,1.00,0.22,0.29,0.43,0.22,0.10,0.06",63,0.00,0.00,,1950000000
nude 3d anime,Transactional,110,"0.66,0.23,0.43,0.43,0.53,0.43,0.66,1.00,0.32,0.66,0.66,0.66",24,0.00,0.00,,167000000
nude women animated,Informational,110,"0.52,0.65,0.23,0.52,0.82,0.52,0.52,0.82,0.65,1.00,0.82,0.82",17,0.00,0.00,,156000000
nude women animation,Informational,110,"0.43,0.53,0.24,0.43,0.53,0.53,0.33,0.81,0.33,1.00,0.66,0.66",17,0.00,0.00,,169000000
po r n dude,Navigational,110,"1.00,0.00,0.00,0.00,0.00,0.00,0.00,0.00,0.00,0.00,0.00,0.00",76,1.69,0.00,Sitelinks,573000000
porcore.,Navigational,110,"0.00,0.00,0.00,0.00,0.00,0.00,0.00,0.00,0.00,0.00,1.00,0.00",19,1.64,0.23,Sitelinks,287000
porddude,Navigational,110,"0.71,0.71,0.43,0.43,1.00,0.57,0.71,1.00,1.00,0.71,0.57,0.71",28,0.00,0.00,"Sitelinks, People also ask",2560
porn 3d cartoons,Informational,110,"0.00,0.00,0.00,0.00,0.00,0.00,0.00,0.00,1.00,0.00,0.00,0.00",53,0.00,0.00,,91400000
porn animarion,Informational,110,"0.00,0.00,0.00,0.00,0.21,0.00,0.00,0.00,0.00,1.00,0.00,0.00",43,0.00,0.00,,955000000
porn animated video,Transactional,110,"0.00,0.00,0.00,0.11,0.05,1.00,0.00,0.00,0.68,0.00,0.00,0.00",37,0.00,0.00,,909000000
porn animatiin,Informational,110,"0.00,0.00,0.00,0.00,0.00,1.00,0.00,0.00,0.00,0.00,0.00,0.00",40,0.00,0.00,,925000000
porn animation comp,Navigational,110,"0.64,0.49,0.64,0.79,1.00,1.00,1.00,0.79,0.64,0.79,0.64,0.79",23,0.00,0.00,,290000000
porn anmation,Informational,110,"0.36,0.00,0.00,0.00,0.00,0.00,0.00,0.00,0.01,1.00,0.23,0.00",44,0.00,0.00,,984000000
porn anomation,Informational,110,"0.00,0.00,0.00,0.00,0.00,1.00,0.00,0.00,0.00,0.00,0.00,0.00",38,0.00,0.00,,580000000
porn cartoon futa,Informational,110,"0.52,0.41,0.82,0.82,1.00,0.41,1.00,0.82,0.82,0.82,0.64,0.64",16,0.00,0.00,,132000000
porn cartoon movies free,Informational,110,"0.52,0.65,0.40,0.29,1.00,0.82,0.52,0.40,0.65,0.82,0.23,0.23",33,0.00,0.00,,365000000
porn dud3,Navigational,110,"0.52,0.52,0.52,1.00,0.66,0.42,0.52,0.66,0.42,0.66,0.52,0.66",61,0.00,0.00,Sitelinks,29100000
porn snimstion,Informational,110,"0.00,0.00,0.00,1.00,0.00,0.00,0.00,0.00,0.00,0.00,0.00,0.00",40,0.00,0.00,,790000000
porn video 3d,"Informational, Commercial",110,"0.00,0.02,0.02,0.06,0.02,1.00,0.04,0.81,0.06,0.08,0.10,0.00",57,0.00,0.00,,1350000000
porn videos cartoon,Informational,110,"0.00,0.20,0.20,0.20,0.30,0.10,1.00,0.10,0.30,0.10,0.10,0.30",,0.00,0.00,,1660000000
pornanimated,Informational,110,"0.51,0.23,0.31,0.51,0.80,1.00,0.43,0.80,0.66,0.51,0.09,0.09",34,0.00,0.33,,974000
porncartoon 3d,Commercial,110,"0.42,0.52,0.19,0.42,1.00,0.80,0.66,0.52,0.66,0.80,0.80,0.66",50,0.00,0.00,,4420000
porndude. com,Navigational,110,"1.00,0.71,0.71,0.57,0.57,0.57,0.57,1.00,1.00,0.71,0.43,0.57",77,0.00,0.00,Sitelinks,56800000
porndudu,"Informational, Transactional",110,"0.78,0.78,0.78,0.78,1.00,0.78,1.00,1.00,1.00,0.78,0.78,0.78",35,0.00,0.00,,7120
pornhub com animated,"Navigational, Transactional",110,"0.34,0.26,0.34,0.26,0.80,1.00,0.65,0.53,0.26,0.15,0.07,0.03",44,0.00,0.00,,310000000
pornos en 3d,Informational,110,"0.35,0.65,0.26,0.26,0.15,1.00,0.53,0.26,0.53,0.65,0.19,0.26",66,0.00,0.00,,1170000000
pornô 3d,Informational,110,"0.78,1.00,0.78,0.78,0.78,0.78,0.50,0.50,0.78,1.00,1.00,0.78",61,0.00,0.00,,1090000000
potn animation,Informational,110,"0.64,0.50,0.79,0.79,0.79,0.79,1.00,1.00,0.50,1.00,0.79,0.79",46,0.00,0.00,,5140000
pporn dude,Navigational,110,"1.00,1.00,0.79,1.00,0.79,0.50,0.79,1.00,0.50,0.50,0.79,0.79",70,0.00,0.00,Sitelinks,1240000
prn dud,Transactional,110,"0.64,0.64,0.64,1.00,0.41,0.52,0.64,0.82,0.82,0.82,0.64,0.82",57,0.00,0.00,"Sitelinks, People also ask",7000000
puke porn gif,Informational,110,"0.09,0.42,0.09,0.42,0.66,0.42,1.00,0.66,0.66,0.80,0.23,0.14",5,0.00,0.00,,1900000
r34 3d animated,Informational,110,"0.60,0.60,0.60,0.60,0.60,0.60,0.60,1.00,0.60,1.00,1.00,1.00",13,0.00,0.00,,56200000
rapunzel cosplay porn,Informational,110,"1.00,0.78,0.78,0.50,0.78,0.64,0.78,0.64,0.50,0.64,0.64,1.00",17,0.00,0.00,,
real life animated porn,Informational,110,"0.65,0.65,0.49,0.28,1.00,0.49,0.79,1.00,0.79,1.00,1.00,1.00",,0.00,0.00,Sitelinks,413000000
realistic cartoon sex,Informational,110,"0.42,0.42,0.33,0.52,0.66,0.66,1.00,0.66,0.52,0.52,0.52,0.42",14,0.00,0.00,,144000000
realistic porn animated,Informational,110,"0.52,0.52,0.29,1.00,1.00,0.64,0.52,0.52,0.64,0.82,0.52,0.41",22,0.00,0.00,,55100000
realistic porn cartoon,Informational,110,"0.54,0.39,0.82,0.39,0.39,0.54,0.54,1.00,0.64,0.82,0.64,1.00",20,0.00,0.00,,42200000
rule 34 animated 3d,"Informational, Transactional",110,"0.00,1.00,0.00,0.00,0.00,0.00,0.00,0.00,0.00,0.00,0.00,0.00",15,0.00,0.00,People also ask,131000000
rule 34 video 3d,Navigational,110,"0.29,0.41,0.52,0.52,0.52,0.64,0.82,0.64,0.64,0.82,0.64,1.00",15,0.00,0.00,,285000000
rule34 3d animated,"Navigational, Transactional",110,"0.64,0.50,0.79,0.64,1.00,0.79,1.00,0.79,0.64,0.79,0.79,0.64",20,0.00,0.00,,147000000
scat animated porn,Informational,110,"0.28,0.05,0.35,0.28,1.00,0.23,0.17,0.23,0.23,0.12,0.12,0.28",7,0.00,0.00,,14400000
sex 3 d,Informational,110,"0.00,0.00,0.00,0.53,0.00,0.80,0.53,0.80,1.00,0.65,0.34,0.26",59,0.00,0.00,,2330000000
sex 3d tube,Informational,110,"0.53,0.65,0.41,0.65,1.00,0.83,0.83,0.53,0.65,0.83,1.00,0.41",59,0.00,0.00,,635000000
sex animate,Informational,110,"1.00,0.50,0.40,0.30,0.30,0.00,0.00,0.00,0.00,0.00,0.00,0.00",28,1.92,0.03,,58900000
sex animation website,Informational,110,"0.34,0.42,0.15,0.26,0.65,0.42,0.19,0.42,0.53,1.00,0.19,0.26",54,0.00,0.00,,542000000
sex cartoon 3d video,Informational,110,"0.52,0.64,1.00,1.00,0.64,0.82,0.41,0.41,0.64,1.00,0.23,0.23",41,0.00,0.00,,514000000
sex cartoonporn,Informational,110,"0.43,0.71,0.14,0.43,1.00,0.71,0.57,0.29,0.43,0.71,0.43,0.43",61,0.00,0.00,,29000000
sex naked cartoon,"Informational, Transactional",110,"0.34,0.42,0.34,1.00,0.42,0.65,0.26,0.26,0.53,0.53,0.42,0.42",,0.00,0.00,,582000000
sex video 3d,Commercial,110,"0.34,0.52,0.25,0.25,0.64,0.00,0.52,0.41,0.41,1.00,0.34,0.64",55,0.00,0.00,,1770000000
sex video animation,"Informational, Commercial",110,"0.00,0.00,0.29,0.02,0.01,0.09,0.02,0.06,1.00,0.02,0.44,0.04",31,5.25,0.06,,920000000
sexy porn 3d,"Informational, Transactional",110,"0.53,0.64,1.00,0.64,0.81,0.64,0.64,0.53,0.53,0.81,0.53,0.40",26,0.00,0.00,,151000000
sexy porn animations,"Informational, Transactional",110,"0.33,0.33,1.00,0.67,0.67,0.67,0.67,0.67,0.33,0.67,0.33,0.33",38,0.00,0.00,,68100000
sfm animated porn,Informational,110,"1.00,0.51,0.67,0.42,0.67,0.42,0.33,0.81,0.51,0.67,0.51,0.51",17,0.00,0.00,,17500000
sfm animation porn,Commercial,110,"0.53,0.65,0.81,0.65,0.81,0.81,0.53,1.00,0.65,0.81,0.81,0.65",17,0.00,0.00,,18900000
sfm blender porn,Informational,110,"1.00,0.28,0.23,0.23,0.23,0.28,0.28,0.23,0.23,0.23,0.28,0.23",23,0.00,0.00,,2620000
sfm porn 34,Informational,110,"0.78,0.78,0.78,0.78,1.00,0.64,0.64,0.78,0.64,0.64,1.00,0.64",38,0.00,0.00,,12700000
sfm porn sites,Informational,110,"0.65,0.65,0.65,0.79,0.79,0.49,1.00,0.79,0.65,0.49,0.65,0.49",22,0.00,0.00,"Sitelinks, People also ask",35100000
slushe futa,"Navigational, Transactional",110,"0.64,0.54,0.82,1.00,0.54,1.00,0.64,0.64,0.82,0.64,0.82,0.64",6,0.00,0.00,,662000
the pornd dude,Navigational,110,"0.00,1.00,0.33,0.00,0.00,0.00,0.00,0.00,0.00,0.00,0.00,0.00",54,3.30,0.00,Sitelinks,
the porndyde,Navigational,110,"0.63,0.50,0.63,0.50,0.63,0.78,0.63,0.78,0.63,0.78,0.78,1.00",67,0.00,0.00,"Sitelinks, People also ask",3380
the pornfude,Navigational,110,"0.42,0.34,0.42,0.34,0.26,0.42,0.65,1.00,0.42,0.34,0.53,0.53",80,0.00,0.00,"Sitelinks, People also ask",10
toon hub porn,Informational,110,"0.43,1.00,0.29,0.57,0.71,0.57,0.43,0.00,0.43,0.57,0.43,0.43",21,0.00,0.00,,
toon porn animations,Informational,110,"0.64,0.50,0.79,0.50,0.64,1.00,0.64,0.35,0.64,1.00,0.64,0.79",53,0.00,0.01,,208000000
ultra real 3d porn,Commercial,110,"0.52,1.00,0.40,0.29,1.00,0.82,0.65,0.40,0.52,0.65,0.29,0.40",13,0.00,0.00,,77400000
uncensored umemaro 3d,"Informational, Transactional",110,"0.52,0.64,1.00,0.82,1.00,0.64,0.64,0.52,0.64,0.64,0.64,0.41",12,0.00,0.00,,1110000
video game animation porn,Informational,110,"0.34,0.65,0.34,0.15,0.19,0.26,0.34,0.80,0.26,1.00,0.80,0.80",17,0.00,0.00,,327000000
video game porn animation,Informational,110,"0.64,0.64,0.78,1.00,1.00,1.00,1.00,1.00,0.64,0.78,0.64,0.50",20,0.00,0.00,,323000000
vr porn animations,Informational,110,"0.65,0.65,0.78,0.48,0.78,0.78,1.00,1.00,0.65,0.78,1.00,0.78",30,0.00,0.00,,20200000
watch cartoons porn,Informational,110,"0.00,0.82,0.82,0.82,1.00,0.23,0.52,0.82,1.00,0.29,0.40,1.00",59,0.00,0.00,,115000000
weird porn cartoon,Informational,110,"0.33,0.80,0.33,0.41,0.15,1.00,0.26,0.33,0.54,0.65,0.19,0.33",4,0.00,0.00,,38400000
weird porn gifs,Commercial,110,"0.00,0.07,0.02,0.07,0.05,0.05,0.07,1.00,0.53,0.43,0.35,0.43",6,0.00,0.00,,
werewolf porn videos,"Informational, Transactional",110,"0.28,0.21,0.15,0.21,0.34,0.21,0.34,1.00,0.28,0.43,0.65,0.34",27,0.00,0.00,,5920000
xnx animation,Navigational,110,"1.00,1.00,1.00,1.00,0.79,0.79,0.79,0.64,0.79,0.79,0.64,0.50",18,0.00,0.00,,27200000
xnxx متحركه,"Navigational, Transactional",110,"0.52,0.52,1.00,0.40,0.82,0.65,0.65,0.65,0.52,0.82,0.82,0.52",36,0.00,0.00,,8800000
xvideos 3d porn,"Navigational, Transactional",110,"0.53,0.40,0.81,0.81,0.65,0.81,1.00,0.81,0.81,0.81,0.65,0.65",38,0.00,0.00,,621000000
xxx3d animation,Commercial,110,"1.00,0.67,0.04,0.04,0.04,0.04,0.04,0.04,0.04,0.04,0.04,0.04",31,0.00,0.33,,3830000
порн 3д,Informational,110,"0.00,0.00,0.00,0.00,0.00,0.00,0.00,0.35,0.81,1.00,0.54,0.35",46,0.00,0.00,,1840000000
хентай 3d,Commercial,110,"0.33,0.24,0.33,0.66,0.53,0.66,1.00,0.81,0.66,0.81,0.53,0.66",29,0.00,0.00,,36700000
انیمیشن xxx,Informational,110,"1.00,0.52,0.64,0.64,0.64,0.41,0.41,0.18,0.07,0.14,0.00,0.00",43,0.00,0.00,,4190000
سکس سه بعدی,Informational,110,"0.42,0.23,0.42,0.66,0.52,0.42,0.80,1.00,0.42,0.66,0.33,0.23",27,0.00,0.00,,275000000
色情 3d 动漫,"Informational, Transactional",110,"0.65,0.65,0.53,0.41,0.83,1.00,0.83,0.53,0.53,0.41,0.41,0.53",22,0.00,0.00,,34300000
色情3d,"Informational, Transactional",110,"0.65,0.65,1.00,0.83,0.41,0.53,1.00,0.53,0.41,0.83,1.00,0.83",68,0.00,0.00,,150000000
3 d animation porn,Commercial,90,"0.00,0.00,1.00,0.54,0.54,0.80,0.26,0.65,0.41,0.04,0.00,0.00",65,0.00,0.00,People also ask,655000000
3 d monster porn,Informational,90,"0.00,0.00,0.80,0.65,0.00,0.00,1.00,0.80,0.26,0.11,0.00,0.00",29,0.00,0.00,,576000000
3 dporno,"Informational, Commercial",90,"0.60,0.40,0.80,0.40,0.40,0.40,0.40,0.40,1.00,1.00,0.40,0.80",40,0.00,0.00,,11090000000
3d adult animation,Informational,90,"0.43,0.43,0.23,0.43,0.52,0.52,0.66,0.18,0.32,0.32,0.32,1.00",28,0.00,0.00,"Sitelinks, People also ask",493000000
3d adult movies,Informational,90,"0.23,0.33,0.42,0.52,0.23,0.66,0.52,0.33,0.33,0.52,0.52,1.00",14,0.00,0.00,,920000000
3d adult porn,Informational,90,"0.52,0.52,0.82,0.40,0.40,0.65,1.00,0.52,0.40,0.40,0.52,0.52",39,0.00,0.00,,1480000000
3d adult toons,Informational,90,"0.34,1.00,0.26,0.34,0.34,0.42,0.26,0.26,0.19,0.19,0.26,0.15",55,0.00,0.01,,66500000
3d animated adult,Informational,90,"0.65,0.49,0.28,0.49,1.00,0.35,0.65,0.79,0.65,0.79,0.79,0.65",31,0.00,0.00,,325000000
3d animated dog porn,Commercial,90,"1.00,0.50,0.50,0.50,0.80,0.50,1.00,0.50,0.60,0.50,0.50,0.50",5,0.00,0.00,,40200000
3d animated porn compilation,Commercial,90,"1.00,0.52,0.09,0.52,0.42,0.23,0.33,0.42,0.33,0.33,0.42,0.33",22,0.00,0.00,,692000000
3d animated porn films,Informational,90,"0.63,0.78,0.78,0.63,1.00,0.63,0.63,0.63,0.78,0.78,0.63,0.63",54,0.00,0.00,,168000000
3d animation futa porn,Informational,90,"0.78,0.14,0.78,0.78,0.78,0.50,0.64,1.00,0.50,0.64,0.78,0.50",28,0.00,0.00,,169000000
3d animation pirn,Informational,90,"0.21,0.21,0.28,0.21,0.21,0.28,0.21,1.00,0.21,0.15,0.28,0.21",50,0.00,0.00,,17500000
3d animation rule 34,"Informational, Navigational",90,"0.52,0.42,0.52,0.33,0.42,0.52,0.66,0.80,0.52,0.00,0.00,1.00",19,0.00,0.00,,179000000
3d anime anal,Informational,90,"0.49,0.49,0.49,0.35,0.79,0.49,0.65,0.65,0.65,1.00,0.79,1.00",17,0.00,0.00,,187000000
3d anime porn games,Commercial,90,"0.76,0.76,0.76,0.76,0.76,0.48,1.00,0.62,0.34,0.34,0.48,0.34",,0.00,0.00,,186000000
3d anime porn video,Informational,90,"0.00,0.00,0.83,1.00,0.65,0.65,0.65,0.83,0.18,0.65,0.53,1.00",52,0.00,0.00,,435000000
3d anime pornhub,"Navigational, Transactional",90,"0.09,0.09,0.09,0.09,0.09,0.66,0.82,1.00,0.66,0.66,0.52,0.52",30,0.00,0.00,,87400000
3d anime sex video,Informational,90,"0.00,0.00,0.82,0.82,1.00,0.82,0.82,0.64,0.00,0.11,0.41,0.82",19,0.00,0.00,,323000000
3d anime tentacle porn,Commercial,90,"0.81,0.63,0.63,1.00,1.00,0.63,1.00,1.00,0.63,0.81,0.63,0.81",16,0.00,0.00,,18400000
3d cartoon sex clips,Informational,90,"0.52,0.64,0.29,0.52,0.41,1.00,0.82,0.52,0.64,0.52,0.29,0.41",36,0.00,0.00,,322000000
3d cartoon xnxx,"Navigational, Transactional",90,"0.82,0.61,0.82,0.82,1.00,0.82,0.61,1.00,0.82,0.82,0.61,0.61",29,0.00,0.00,,108000000
3d funtari porn,"Informational, Transactional",90,"0.00,0.00,0.00,0.00,0.00,0.00,0.00,0.00,0.00,1.00,0.00,0.00",30,0.00,0.00,,512000000
3d futa animation porn,"Informational, Transactional",90,"0.81,0.45,0.36,0.45,0.81,0.81,0.64,0.64,1.00,1.00,0.81,0.64",20,0.00,0.00,,84700000
3d futa cartoons,Informational,90,"0.50,0.78,0.63,0.13,0.78,0.78,1.00,0.50,0.78,0.78,1.00,0.63",18,0.00,0.00,,85700000
3d futari,"Informational, Transactional",90,"0.00,0.00,0.00,1.00,0.00,0.00,0.00,0.00,0.00,0.00,0.00,0.00",31,0.00,0.00,,132000000
3d gentai,Informational,90,"0.49,0.49,0.80,1.00,0.49,0.66,0.66,0.80,0.66,0.49,0.80,0.66",56,0.00,0.00,,518000
3d hantai,Commercial,90,"0.64,0.64,0.53,0.40,0.64,0.64,0.40,1.00,0.53,0.40,0.53,0.64",50,0.00,0.00,,2000000
3d hard porn,Informational,90,"1.00,0.42,0.42,0.33,0.23,0.67,0.33,0.42,0.42,0.23,0.42,0.33",23,0.00,0.00,,
3d hd pron,Informational,90,"0.52,0.65,0.23,0.29,0.23,1.00,0.52,0.40,0.65,0.82,0.52,0.65",23,0.00,0.00,,371000000
3d henrai porn,Informational,90,"1.00,0.00,0.00,0.00,0.00,0.00,0.00,0.00,0.00,0.00,0.00,0.00",39,0.00,0.00,,
3d hentia sex videos,Commercial,90,"0.52,0.64,1.00,0.82,0.82,0.64,0.41,0.41,0.41,0.41,0.41,0.41",32,0.00,0.00,,69900000
3d hentia tube,Commercial,90,"0.52,0.64,0.29,0.52,0.64,1.00,0.64,0.41,0.64,0.41,0.41,0.41",33,0.00,0.00,,42300000
3d models porn,Informational,90,"0.00,0.00,0.82,1.00,0.64,0.29,0.64,0.29,0.52,0.52,0.52,0.52",18,0.00,0.00,Sitelinks,314000000
3d nude toons,"Informational, Commercial",90,"0.64,1.00,0.50,0.50,0.50,0.35,0.35,0.50,0.64,1.00,0.79,0.64",23,0.00,0.00,,53400000
3d pon,Informational,90,"0.81,0.81,0.63,0.81,1.00,1.00,0.81,0.81,0.63,0.63,1.00,0.63",65,0.00,0.00,People also ask,275000000
3d porb,"Informational, Commercial",90,"1.00,0.50,0.50,0.35,0.50,0.78,0.35,0.50,0.50,0.50,1.00,0.50",68,0.00,0.00,,32700000
3d porn adult,Informational,90,"0.81,0.81,1.00,0.81,0.63,1.00,1.00,0.63,0.63,0.63,0.81,0.63",44,0.00,0.00,,902000000
3d porn animation movies,Informational,90,"0.65,0.79,0.65,0.65,1.00,0.79,0.65,0.65,0.79,0.79,0.35,0.49",57,0.00,0.00,,256000000
3d porn artists,Informational,90,"0.43,0.33,0.43,0.53,0.43,0.43,0.43,1.00,0.33,0.24,0.53,0.43",45,0.00,0.00,Sitelinks,52900000
3d porn cartoon pictures,Informational,90,"0.83,1.00,0.83,0.83,0.67,0.83,0.67,0.67,0.83,0.83,0.83,0.67",27,0.00,0.00,,228000000
3d porn crazy,Informational,90,"0.63,0.63,1.00,1.00,0.78,0.78,0.78,0.78,0.63,0.35,0.63,0.50",17,0.00,0.00,,334000000
3d porn demons,"Informational, Transactional",90,"0.42,1.00,1.00,0.51,0.33,0.00,0.67,0.51,0.00,0.51,0.23,0.19",24,0.00,0.00,,9520000
3d porn inflation,Informational,90,"0.64,0.64,0.78,0.78,1.00,0.64,0.78,0.64,0.50,0.64,0.50,0.50",12,0.00,0.00,,30100000
3d porn parody,Commercial,90,"0.81,0.44,0.63,0.81,0.81,0.63,0.81,1.00,0.81,0.81,1.00,1.00",25,0.00,0.00,,105000000
3d porn sex,Informational,90,"0.80,0.66,0.04,0.04,0.00,0.80,0.33,0.09,1.00,0.00,0.09,0.14",69,0.00,0.00,,1100000000
3d porn sexy,"Informational, Transactional",90,"0.65,1.00,0.35,0.65,0.35,0.65,0.49,0.65,1.00,1.00,0.79,0.49",17,0.00,0.00,,1110000000
3d porn xvideos,"Navigational, Transactional",90,"0.64,0.50,1.00,0.64,0.64,0.64,1.00,0.64,1.00,0.79,0.64,0.79",38,0.00,0.00,,610000000
3d porna,Informational,90,"0.60,0.40,0.80,0.40,0.40,0.40,0.40,0.40,1.00,1.00,0.40,0.80",69,0.00,0.00,,15600000
3d pornart,Informational,90,"0.60,0.60,0.30,0.60,0.50,0.80,0.80,0.50,0.50,1.00,0.50,0.30",24,0.00,0.00,,13000000
3d pornosu,"Informational, Commercial",90,"0.60,0.40,0.80,0.40,0.40,0.40,0.40,0.40,1.00,1.00,0.80,0.80",66,0.00,0.00,,21600000
3d pprn,Informational,90,"0.49,0.49,0.64,0.64,0.49,0.64,1.00,0.79,0.49,1.00,0.49,0.49",,0.00,0.00,,39700000
3d sex video cartoon,Informational,90,"0.52,0.65,0.29,0.29,0.82,1.00,0.82,0.40,0.65,1.00,0.23,0.23",48,0.00,0.00,,488000000
3d shemale sex,Informational,90,"0.36,0.79,0.79,0.79,0.79,1.00,1.00,0.79,0.50,0.36,0.21,0.50",29,0.00,0.00,,327000000
3d toon nudes,Informational,90,"0.62,0.76,0.76,1.00,0.62,0.76,0.48,0.48,0.62,0.76,0.34,0.48",19,0.00,0.00,,
3d toons adult,Informational,90,"0.23,1.00,0.33,0.42,0.33,0.52,0.42,0.33,0.23,0.23,0.33,0.33",19,0.00,0.00,Sitelinks,121
3d video adult,Informational,90,"0.64,0.79,1.00,0.64,0.64,0.64,0.50,1.00,0.79,0.50,0.64,0.64",64,0.00,0.00,,1360000000
3d video game porn,Commercial,90,"1.00,0.23,1.00,0.51,0.67,0.42,0.51,0.51,0.33,0.19,0.33,0.23",31,0.00,0.00,,518000000
3d videos porn,Commercial,90,"0.00,0.00,0.00,0.00,0.00,1.00,0.00,0.00,0.00,0.00,0.00,0.00",69,0.00,0.00,,2250000000
3d 色情 动画,Informational,90,"0.50,0.50,0.28,0.35,0.50,1.00,1.00,0.50,0.78,0.78,0.50,0.64",44,0.00,0.00,,29600000
3dhentai online,Commercial,90,"0.64,0.50,0.21,0.50,0.50,1.00,0.64,0.64,0.50,0.64,0.50,0.50",52,0.00,0.00,,18300000
3dimm animations porn,Commercial,90,"0.42,0.00,0.52,0.52,0.00,0.52,0.52,0.66,0.52,0.52,0.80,1.00",0,0.00,0.00,,15200
3dporn hd,Informational,90,"1.00,0.50,0.29,0.64,0.79,0.64,0.50,0.50,0.64,0.50,0.64,0.36",24,0.00,0.00,,40400000
3dporndude com,Navigational,90,"1.00,0.11,0.11,0.22,0.22,0.22,0.22,0.22,0.22,0.22,0.22,0.44",23,0.00,0.33,Sitelinks,801000
3dxxx video,Informational,90,"0.63,0.63,0.35,0.63,1.00,0.78,0.35,0.50,0.63,0.50,0.63,0.50",53,0.00,0.00,,7300000
3d动漫色情,Informational,90,"1.00,0.34,0.28,0.00,0.12,0.00,0.28,0.09,0.03,0.43,0.34,0.43",23,0.00,0.00,,28200000
3d成人动画,Informational,90,"1.00,0.79,0.50,0.35,1.00,0.79,0.64,0.29,0.14,0.79,0.64,1.00",22,0.00,0.00,,21500000
adult 3d anime,Commercial,90,"1.00,0.79,0.28,0.49,1.00,0.65,0.79,0.49,0.79,0.49,0.49,0.65",47,0.00,0.00,Sitelinks,222000000
adult animated videos,"Informational, Commercial",90,"0.00,0.00,0.66,0.66,0.52,0.52,0.80,0.66,1.00,0.33,0.52,0.33",35,0.00,0.00,People also ask,832000000
adult cartoon naked,Informational,90,"0.82,1.00,0.61,1.00,0.82,1.00,0.43,0.82,0.82,1.00,1.00,0.61",32,0.00,0.00,,415000000
adult porn 3d,Informational,90,"0.81,0.81,1.00,0.81,0.63,0.81,0.44,0.63,0.81,0.81,0.63,0.81",66,0.00,0.00,,1420000000
adult toons 3d,"Informational, Commercial",90,"0.26,1.00,0.26,0.26,0.26,0.19,0.26,0.26,0.19,0.19,0.34,0.26",47,0.00,0.01,,183000000
all porn cartoons,Informational,90,"0.00,0.00,0.18,1.00,0.00,0.00,0.18,0.29,0.18,0.04,0.10,0.35",67,0.00,0.00,,886000000
anal cartoon 3d,Informational,90,"0.62,0.62,1.00,1.00,0.81,1.00,0.81,0.62,1.00,1.00,0.36,0.62",20,0.00,0.00,,260000000
anal destroy gif,Informational,90,"0.64,0.64,0.50,0.50,0.35,0.50,0.50,0.64,0.64,1.00,1.00,1.00",7,0.00,0.00,,6600000
ani ated porn,Informational,90,"0.00,0.00,0.03,0.03,1.00,1.00,0.03,0.53,0.34,0.26,0.42,0.00",37,0.00,0.00,,1520000000
animal crossing porn gifs,Informational,90,"1.00,1.00,1.00,1.00,1.00,1.00,0.18,1.00,0.18,1.00,0.81,0.63",0,0.00,0.00,,5230000
animal porn 3d,Informational,90,"1.00,0.29,0.29,0.65,0.65,0.65,0.41,0.53,0.65,0.53,0.41,0.65",6,0.00,0.00,,219000000
animared porn,Informational,90,"0.00,0.00,0.28,0.53,0.34,1.00,0.00,0.43,0.81,0.00,0.00,0.00",38,0.00,0.00,,1780000000
animated 3d porn videos,Transactional,90,"0.46,0.62,0.23,0.46,0.46,0.77,0.38,0.77,0.38,0.46,0.46,1.00",41,0.00,0.00,,381000000
animated monster porn gif,Informational,90,"1.00,0.18,1.00,1.00,0.18,1.00,0.18,1.00,0.63,0.63,0.81,0.63",12,0.00,0.00,,34500000
animated porn 2025,"Informational, Navigational",90,"0.18,1.00,1.00,1.00,1.00,1.00,1.00,1.00,1.00,0.18,1.00,0.63",29,0.00,0.33,,333000000
animated porn download,"Informational, Commercial",90,"0.51,0.40,0.40,0.40,1.00,0.29,0.40,0.51,0.40,0.63,0.63,0.40",8,0.00,0.00,,484000000
animated porn hot,Informational,90,"0.46,0.46,0.46,1.00,0.23,0.46,0.46,0.46,0.62,0.46,0.46,0.38",31,0.00,0.00,,519000000
animated porn movies free,Informational,90,"0.78,0.78,0.78,0.78,1.00,0.78,0.28,0.78,0.50,0.64,0.35,0.35",35,0.00,0.00,People also ask,392000000
animated sex vids,Informational,90,"0.00,0.00,0.00,0.43,1.00,0.54,0.14,0.10,0.02,0.02,0.02,0.04",27,0.00,0.00,,1380000000
animated sex with monsters,Informational,90,"0.67,0.47,1.00,0.67,1.00,1.00,0.33,0.47,0.67,0.33,0.33,0.47",17,0.00,0.00,,954000000
animated sex xvideos,"Navigational, Transactional",90,"0.00,0.00,1.00,1.00,0.78,0.78,1.00,0.78,0.35,0.14,0.50,0.64",36,0.00,0.00,,176000000
animated sexxx,Informational,90,"1.00,0.00,0.00,0.00,0.00,0.00,0.00,0.00,0.00,0.00,0.00,0.00",33,0.00,0.00,,24800000
animatex porn,"Informational, Transactional",90,"0.00,0.00,0.00,0.00,0.00,0.00,0.00,0.00,1.00,0.00,0.00,0.00",39,4.43,0.10,,1460000000
animating porn,Informational,90,"0.00,0.00,0.00,0.00,0.00,0.00,0.00,0.01,0.00,0.00,1.00,0.00",48,0.00,0.00,,1080000000
animation character porn,Informational,90,"0.03,0.03,0.03,0.03,0.03,0.03,0.03,0.03,0.03,1.00,0.28,0.35",27,0.00,0.00,,404000000
animation erotic movies,Informational,90,"0.63,0.78,1.00,0.63,0.63,0.63,0.63,0.63,0.78,0.50,0.28,0.28",29,0.00,0.00,"Sitelinks, People also ask",279000000
animation porn download,"Informational, Commercial",90,"0.62,0.48,0.48,0.48,0.76,0.34,0.48,0.62,0.48,0.76,1.00,0.62",11,0.00,0.00,,588000000
animation porn hub,Navigational,90,"0.00,0.00,1.00,1.00,0.00,1.00,1.00,0.00,0.00,0.00,0.00,0.00",38,0.00,0.00,,206000000
animation sex tube,Informational,90,"0.64,0.64,0.78,1.00,0.64,0.78,0.50,0.64,0.50,0.64,0.64,0.50",57,0.00,0.00,,310000000
animations porn videos,Informational,90,"0.00,0.00,0.28,0.00,1.00,0.00,0.00,0.00,0.00,0.00,0.00,0.00",52,0.00,0.00,,118000000
animayed porn,Commercial,90,"0.00,0.00,0.00,0.00,0.00,1.00,0.00,0.00,0.00,0.00,0.00,0.00",38,0.00,0.00,,1710000000
anime 3d adult,Informational,90,"0.81,0.62,1.00,0.81,1.00,0.81,0.81,1.00,0.81,1.00,1.00,0.81",34,0.00,0.00,,608000000
anime porn realistic,Informational,90,"0.53,0.41,0.29,0.41,0.41,0.53,0.65,0.83,0.53,0.65,0.83,1.00",18,0.00,0.00,,47700000
anime pornhud,Navigational,90,"0.82,0.61,0.61,0.82,0.82,1.00,1.00,0.61,0.43,0.61,0.82,0.82",38,0.00,0.00,,31700000
anmation sex,Informational,90,"0.03,0.00,0.02,0.00,0.00,1.00,0.07,0.00,0.03,0.00,0.00,0.00",30,0.00,0.00,,1100000000
anumated porn,"Informational, Transactional",90,"0.00,0.00,0.27,0.00,0.73,0.00,0.64,0.36,1.00,0.00,0.18,0.00",36,4.43,0.10,,1440000000
belly inflation porn gif,"Informational, Transactional",90,"0.64,1.00,0.64,0.11,0.64,0.41,0.52,0.41,0.41,0.52,0.64,0.29",10,0.00,0.00,,2030000
best 3d animation porn,Commercial,90,"0.26,0.26,0.16,0.05,0.00,0.16,1.00,0.11,0.53,0.11,0.53,0.16",35,0.00,0.00,,254000000
best 3d free porn,Commercial,90,"0.64,0.50,0.64,0.64,1.00,0.64,0.64,0.50,0.50,0.78,0.35,0.50",39,0.00,0.00,,1860000000
best 3d futanari porn,Commercial,90,"0.11,0.52,0.64,0.52,0.64,0.64,0.64,0.41,0.64,0.64,0.82,1.00",27,0.00,0.00,,376000000
best 3d porn artists,Commercial,90,"1.00,0.32,0.23,0.43,0.32,0.43,0.32,0.32,0.32,0.32,0.32,0.32",13,0.00,0.00,Sitelinks,27300000
best 3d porn reddit,Navigational,90,"1.00,0.17,0.12,0.12,0.07,0.10,0.12,0.17,0.17,0.23,0.17,0.17",27,0.00,0.00,,57300000
best cartoon pornsite,Commercial,90,"0.53,1.00,0.28,0.53,0.00,1.00,0.53,0.05,0.65,0.81,0.65,0.81",21,0.00,0.01,,55300000
best free animation porn,Commercial,90,"0.64,0.50,0.79,0.64,1.00,0.79,0.64,0.50,0.50,0.64,0.79,0.50",48,0.00,0.00,,517000000
best3dporn,Commercial,90,"1.00,0.65,0.53,0.34,0.42,0.34,0.26,0.26,0.26,0.19,0.19,0.15",22,0.00,0.00,,1750000
big tits anime 3d,Informational,90,"0.50,0.50,0.78,1.00,0.78,0.63,0.63,0.78,0.63,0.50,0.35,0.50",17,0.00,0.00,,240000000
blender 3d porn,Informational,90,"1.00,0.21,0.36,0.49,0.79,0.49,0.64,0.79,0.49,0.79,0.64,0.49",17,0.00,0.00,Sitelinks,9920000
bokep futanari,Informational,90,"1.00,0.22,0.17,0.12,0.17,0.10,0.17,0.17,0.17,0.12,0.07,0.05",49,0.00,0.33,,114000000
cartoon 3d futanari,Informational,90,"0.64,0.79,0.64,0.64,0.79,0.50,0.64,0.79,0.64,1.00,0.79,0.79",22,0.00,0.00,,106000000
cartoon 3d porn movies,Informational,90,"1.00,0.79,1.00,0.79,1.00,1.00,0.79,1.00,1.00,0.79,0.79,0.79",29,0.00,0.00,,83800000
cartoon 3d porn pics,Informational,90,"0.65,0.79,0.79,1.00,0.65,0.65,0.49,0.65,0.65,0.49,0.49,0.65",2,0.00,0.00,,122000000
cartoon 3dxxx,Informational,90,"0.52,0.64,1.00,0.52,0.41,0.64,0.41,0.41,0.82,0.29,0.23,0.41",34,0.00,0.00,,3070000
cartoon free porn movies,Informational,90,"0.53,0.65,0.23,0.53,1.00,0.65,0.53,0.40,0.65,0.81,0.23,0.40",58,0.00,0.00,,443000000
cartoon free porn sites,Commercial,90,"0.52,0.52,0.65,0.65,0.52,0.65,0.52,0.40,0.82,1.00,0.23,0.52",55,0.00,0.00,,601000000
cartoon free sex movies,Informational,90,"0.64,0.64,1.00,0.78,0.64,0.50,0.64,0.50,0.50,0.78,0.78,0.50",29,0.00,0.00,,182000000
cartoon fuck porn,Informational,90,"1.00,0.55,1.00,1.00,0.77,0.77,1.00,1.00,1.00,1.00,0.77,1.00",33,0.00,0.00,,1650000000
cartoon full movie porn,Informational,90,"0.64,0.64,1.00,0.64,0.64,1.00,0.50,0.64,0.64,0.35,0.50,0.50",16,0.00,0.00,,412000000
cartoon full porn movie,Informational,90,"0.63,0.63,1.00,1.00,0.78,0.78,0.50,0.63,0.63,0.78,0.63,0.50",14,0.00,0.00,,608000000
cartoon full porn movies,Informational,90,"0.52,0.52,0.82,1.00,0.41,0.64,0.52,0.52,0.52,0.41,0.52,0.41",16,0.00,0.00,,549000000
cartoon hentsi,Informational,90,"0.00,0.00,0.00,0.00,0.00,1.00,0.00,0.00,0.00,0.00,0.00,0.00",80,1.31,0.00,,5500000
cartoon pirn videos,Informational,90,"0.64,1.00,0.81,0.64,0.81,0.81,1.00,0.81,0.81,0.64,0.81,1.00",60,0.00,0.00,,14800000
cartoon poern,Informational,90,"0.63,0.50,0.50,0.63,0.38,0.50,0.63,1.00,0.63,1.00,0.75,0.75",61,0.00,0.00,,25800000
cartoon prorn,Informational,90,"0.60,0.50,0.50,0.60,0.30,0.50,0.60,1.00,0.60,0.80,0.60,0.80",55,0.00,0.00,,205000
cartoon sex movies free,Informational,90,"0.63,0.63,0.28,0.50,0.63,0.78,0.63,0.50,0.50,1.00,0.78,1.00",18,0.00,0.00,,179000000
cartoon sex pronhub,Navigational,90,"0.82,0.82,0.82,0.82,0.82,1.00,0.45,0.82,0.82,1.00,0.82,0.64",41,0.00,0.00,,146000000
cartoon uncensored sex,Informational,90,"0.82,0.64,0.82,1.00,0.82,1.00,0.82,0.82,0.64,0.82,0.36,0.64",20,0.00,0.00,,82600000
cartoon women porn,Informational,90,"0.64,0.35,1.00,0.50,1.00,0.79,1.00,1.00,0.64,0.50,0.64,0.50",17,0.00,0.00,,484000000
cartoons r34,Informational,90,"0.23,0.23,0.46,0.38,0.46,0.23,0.23,0.23,0.77,1.00,0.77,0.46",32,0.00,0.00,,
caryoon porn,Informational,90,"0.20,0.00,0.40,0.20,0.20,0.00,0.00,1.00,0.00,0.00,0.20,0.40",24,0.00,0.00,,2770000000
cgi monster porn,"Informational, Commercial",90,"0.82,0.61,0.61,0.61,0.43,0.82,1.00,1.00,0.61,0.82,0.82,0.61",11,0.00,0.00,,5300000
computer animated porn,Commercial,90,"1.00,0.33,0.33,0.23,0.42,0.33,0.42,0.52,0.33,0.23,0.33,0.23",21,0.00,0.00,,305000000
cratoon porn,Commercial,90,"0.00,0.00,0.00,0.00,0.00,0.00,0.00,0.00,0.00,0.00,0.00,0.00",41,0.00,0.00,,1360000000
crazy porn 3d,Informational,90,"0.64,0.64,1.00,0.64,0.50,0.79,0.64,0.64,0.64,0.21,0.50,0.50",25,0.00,0.00,,144000000
d3 porn,Informational,90,"0.65,0.48,0.78,1.00,0.78,0.65,0.78,0.78,0.48,0.48,0.78,1.00",54,0.00,0.00,,267000000
d3d porn,"Informational, Commercial",90,"0.53,0.63,0.37,0.37,0.63,0.63,0.37,0.37,1.00,0.63,0.53,0.53",67,0.00,0.00,,35900000
demon animated porn,"Informational, Transactional",90,"0.63,1.00,0.63,0.75,0.63,0.38,0.50,0.50,0.63,0.63,0.75,0.50",17,0.00,0.00,,66700000
demon porn gifs,Commercial,90,"0.53,0.40,0.28,0.40,0.40,0.28,0.81,0.53,1.00,0.40,0.81,0.53",8,0.00,0.00,,
e621 futanari,Informational,90,"0.35,0.35,0.64,0.64,1.00,0.64,0.50,0.78,0.64,0.64,0.50,0.78",17,0.00,0.00,People also ask,1750000
erotic cartoon clips,"Informational, Transactional",90,"0.64,0.64,0.64,0.35,0.64,1.00,0.64,0.50,0.64,0.64,1.00,0.50",33,0.00,0.00,,107000000
fan animation porn,Informational,90,"0.14,0.14,0.79,0.79,0.79,0.50,0.64,0.79,0.64,1.00,0.64,0.79",17,0.00,0.00,,179000000
free 3d anime porn,Informational,90,"0.27,0.27,0.15,0.21,1.00,0.33,0.00,0.44,0.00,0.00,0.44,0.27",48,0.00,0.00,,92100000
free 3d futanari,Informational,90,"0.35,0.35,0.65,0.49,0.79,0.65,0.79,0.49,0.65,1.00,0.65,1.00",12,0.00,0.00,,198000000
free 3d hentia porn,Informational,90,"0.64,0.50,0.78,0.50,1.00,0.78,0.64,0.78,0.50,0.50,0.35,0.35",44,0.00,0.00,,65100000
free 3d porn animations,Informational,90,"0.05,0.05,0.05,0.05,0.05,0.05,0.05,1.00,0.05,0.12,0.02,1.00",40,0.00,0.00,,900000000
free 3d porn movies,"Informational, Commercial",90,"0.43,0.33,0.33,0.33,0.81,0.66,0.53,0.24,0.53,0.43,0.43,1.00",62,0.00,0.00,,419000000
free 3d porn video,Informational,90,"0.02,0.23,0.23,0.17,0.17,0.12,0.17,0.23,0.23,0.35,1.00,0.28",60,0.00,0.00,,2160000000
free 3d porn websites,Commercial,90,"0.82,0.64,0.82,0.82,1.00,0.82,1.00,0.64,1.00,1.00,0.82,0.64",46,0.00,0.00,,1240000000
free anamated porn,Informational,90,"0.00,0.00,0.00,0.00,0.00,0.00,0.00,0.00,0.00,0.00,1.00,0.00",67,0.00,0.00,,739000000
free animated cartoon porn,Informational,90,"0.06,0.06,0.06,0.06,0.06,1.00,1.00,0.78,1.00,1.00,1.00,0.06",33,0.00,0.00,,348000000
free animation porn videos,"Informational, Commercial",90,"0.00,0.00,0.19,1.00,0.66,0.66,1.00,0.19,0.42,0.33,0.66,0.66",50,0.00,0.00,,936000000
free animation sex videos,Informational,90,"0.80,0.60,0.60,0.80,1.00,0.80,0.80,0.80,0.80,0.60,0.60,0.80",31,0.00,0.00,,1270000000
free anime movie porn,Informational,90,"0.65,0.65,0.79,0.65,0.49,0.79,0.35,0.79,0.49,1.00,0.35,0.35",56,0.00,0.00,,667000000
free best 3d porn,Commercial,90,"0.82,0.64,0.64,1.00,1.00,0.64,1.00,0.82,0.64,1.00,0.45,0.45",62,0.00,0.00,,844000000
free cartoon henti,Informational,90,"0.50,0.64,0.64,0.64,1.00,1.00,0.50,0.50,0.64,0.78,1.00,1.00",,0.00,0.01,,32700000
free cartoon hentia,Informational,90,"0.50,0.63,0.63,0.63,1.00,1.00,0.50,0.50,0.63,0.78,1.00,1.00",82,0.00,0.01,,6590000
free cartoon movie porn,Informational,90,"0.43,0.53,0.19,0.43,1.00,0.43,0.43,0.32,0.53,0.66,0.19,0.53",26,0.00,0.00,,83000000
free cartoon pornn,Informational,90,"0.53,0.53,0.26,0.53,1.00,0.53,0.37,0.53,0.37,0.79,0.79,1.00",67,0.00,0.00,,24200000
free cartoon sex films,Informational,90,"0.64,0.50,1.00,0.64,0.64,0.35,0.50,0.50,0.50,1.00,0.78,0.78",40,0.00,0.00,,534000000
free cartoon sex movies,"Informational, Commercial",90,"0.63,0.63,0.50,0.63,0.50,0.50,0.63,0.50,0.63,1.00,0.63,0.78",25,0.00,0.00,,508000000
free cartoons sex,Informational,90,"0.00,0.05,0.23,1.00,1.00,1.00,1.00,0.05,0.29,0.82,0.64,0.64",61,0.00,0.00,,197000000
free porn animation,Informational,90,"1.00,0.00,0.00,0.01,0.01,0.00,0.02,0.02,0.00,0.00,0.00,0.01",53,0.00,0.00,,768000000
free porn movies anime,Informational,90,"0.64,0.64,0.78,0.64,0.78,0.78,0.28,0.50,0.64,1.00,0.78,0.78",40,0.00,0.00,,609000000
free porncartoon,"Informational, Commercial",90,"0.00,0.00,0.00,0.00,1.00,0.00,0.00,0.00,0.00,0.00,0.00,0.00",65,0.00,0.00,,5200000
free sex cartoon video,Informational,90,"0.00,0.02,0.00,0.00,0.02,0.52,0.41,0.64,1.00,0.34,0.41,0.41",46,0.00,0.00,,815000000
free toon porm,Informational,90,"0.29,0.00,1.00,0.15,0.00,0.00,0.00,0.00,0.00,0.00,0.00,0.01",50,0.97,0.01,,17200000
free toon porn movies,Informational,90,"0.66,0.80,0.49,0.34,0.29,1.00,0.80,0.49,0.80,1.00,0.34,0.49",69,0.00,0.00,,39700000
free xxx cartoons,Informational,90,"1.00,1.00,0.40,0.60,0.40,0.40,0.50,0.30,0.40,0.30,0.40,0.00",64,0.00,0.00,,101000000
full cartoon movie porn,Informational,90,"0.63,0.63,0.28,0.63,1.00,1.00,0.50,0.63,0.63,0.21,0.28,0.28",15,0.00,0.00,,709000000
full length animated porn,"Informational, Commercial",90,"1.00,0.33,0.04,0.00,0.00,0.04,0.52,0.42,0.52,0.66,0.33,0.42",20,0.00,0.00,,627000000
futa porn site,Commercial,90,"0.64,0.50,0.50,0.50,0.50,0.79,1.00,1.00,0.50,0.64,0.50,0.64",43,0.00,0.00,,63400000
futanari pornhub com,"Navigational, Transactional",90,"0.52,0.29,0.52,0.40,0.40,0.29,0.23,0.52,0.40,0.52,1.00,0.65",46,0.00,0.00,,475000000
gay 3d animation sex,Informational,90,"0.63,0.35,0.35,0.63,0.50,0.35,0.63,1.00,0.78,1.00,0.78,0.78",46,0.00,0.00,,302000000
goblin ehentai,"Navigational, Transactional",90,"0.00,1.00,1.00,1.00,0.50,0.50,0.50,0.50,0.50,0.50,1.00,0.50",8,0.00,0.00,,648000
good porn animations,Transactional,90,"0.64,0.35,0.35,0.35,0.50,0.64,0.50,0.64,0.64,1.00,0.78,0.64",36,0.00,0.00,Sitelinks,40800000
good porn animators,Commercial,90,"0.64,0.50,0.64,0.79,0.79,1.00,0.79,0.79,0.64,0.79,0.35,0.50",25,0.00,0.00,"Sitelinks, People also ask",2500000
goth egg porn gifs,"Informational, Navigational",90,"1.00,1.00,1.00,0.81,0.81,0.63,0.36,0.81,1.00,1.00,0.45,0.63",15,0.00,0.00,,1430000
gynecologist porn gif,"Informational, Transactional",90,"1.00,1.00,1.00,0.81,1.00,0.63,0.63,0.63,0.81,0.63,0.63,0.63",17,0.00,0.00,,299000
hard 3d porn,Informational,90,"0.64,0.50,0.78,0.64,0.64,1.00,0.78,0.78,0.50,0.50,0.50,0.64",25,0.00,0.00,,944000000
hard 3d sex,Informational,90,"0.64,0.50,0.64,0.50,0.64,0.50,0.64,0.64,0.50,1.00,0.78,1.00",25,0.00,0.00,,729000000
hard core toon porn,Informational,90,"0.65,0.79,1.00,0.65,0.49,0.79,0.79,0.65,0.65,0.49,0.65,0.35",28,0.00,0.00,,86000000
hardcore 3d monster porn,Informational,90,"0.82,0.64,1.00,0.82,0.82,0.82,0.82,0.82,0.64,0.82,0.45,0.82",22,0.00,0.00,,239000000
hd porn animation,Informational,90,"0.08,0.38,0.15,0.08,0.46,0.15,0.46,0.77,0.46,1.00,0.46,0.46",19,0.00,0.00,,391000000
helena price porn gif,"Navigational, Transactional",90,"0.78,0.78,0.78,1.00,0.14,0.78,0.78,0.78,0.50,0.50,0.50,0.50",8,0.00,0.00,,1270000
henati 3d,Informational,90,"0.23,0.33,1.00,0.33,0.42,0.33,0.66,0.52,0.52,0.33,0.42,0.33",55,0.00,0.00,,19900000
henta 3d,Commercial,90,"1.00,1.00,0.80,0.66,0.49,0.49,0.66,0.49,0.34,0.34,0.34,0.14",50,0.00,0.00,,24700000
hentaifox futanari,"Navigational, Transactional",90,"0.41,0.41,1.00,0.41,0.29,0.52,0.52,0.64,0.52,0.41,0.41,0.52",4,0.00,0.00,,590000
hoby buchanon gif,"Informational, Navigational",90,"0.18,1.00,1.00,1.00,1.00,0.81,1.00,0.81,0.81,1.00,0.81,0.63",7,0.00,0.00,People also ask,828000
how to animate porn,Informational,90,"1.00,0.78,1.00,0.56,0.78,0.56,1.00,0.78,0.78,0.78,1.00,0.78",26,0.00,0.00,"Sitelinks, People also ask",20500000
https 4kpornvideos tv it videos gaping,"Navigational, Transactional",90,"1.00,0.03,0.03,0.03,0.00,0.03,0.03,0.00,0.00,0.00,0.00,0.00",0,0.00,0.00,,4070000
most realistic 3d porn,Informational,90,"0.64,0.49,0.79,1.00,1.00,0.64,0.79,0.79,0.64,0.49,0.36,0.49",8,0.00,0.00,,
most realistic animation porn,"Informational, Transactional",90,"0.63,0.63,1.00,0.50,0.50,0.50,0.63,0.50,0.50,0.78,0.50,0.50",17,0.00,0.00,,85700000
movie 3d sex,Informational,90,"0.42,1.00,0.19,0.42,0.80,0.52,0.42,0.52,0.42,0.23,0.19,0.33",56,0.00,0.00,,1190000000
naked women in 3d,Informational,90,"0.81,1.00,1.00,0.81,1.00,1.00,0.81,0.64,0.64,0.45,0.36,0.64",16,0.00,0.00,,226000000
naughtymachinina,Navigational,90,"0.00,1.00,0.00,0.00,0.00,0.00,0.00,0.00,0.00,0.00,0.00,0.00",19,0.00,0.00,Sitelinks,1960000
newest 3d porn videos,Informational,90,"0.64,0.50,0.50,1.00,0.50,0.35,0.35,0.79,0.50,0.79,1.00,0.79",58,0.00,0.00,,1260000000
nude 3d toons,Informational,90,"0.64,1.00,0.50,0.50,0.50,0.35,0.35,0.50,0.64,1.00,0.79,0.64",23,0.00,0.00,,173000000
overwatch 2 porn gif,Informational,90,"0.11,0.08,1.00,0.05,0.11,0.03,0.03,0.03,0.03,0.03,0.03,0.03",,0.00,0.33,,11800000
oviposition porn gif,"Informational, Transactional",90,"0.64,0.64,1.00,0.64,0.79,0.79,0.64,0.35,0.79,1.00,0.35,0.50",7,0.00,0.00,,
po rn animation,Informational,90,"0.35,0.50,0.78,0.78,1.00,0.64,0.78,0.50,0.64,0.50,0.50,0.35",49,0.00,0.00,,700000000
poorn dude,"Navigational, Commercial",90,"0.45,0.27,1.00,1.00,1.00,1.00,1.00,0.63,1.00,0.63,0.81,0.63",43,0.00,0.00,People also ask,2890000
por animated,Informational,90,"0.50,0.64,0.50,0.50,0.64,0.78,0.64,0.64,0.78,1.00,0.35,0.50",39,0.00,0.00,,
porcor porn,Navigational,90,"0.19,0.23,0.33,0.09,0.00,0.00,0.14,1.00,1.00,0.80,0.52,0.42",14,0.00,0.00,Sitelinks,317000
porcore com,Commercial,90,"1.00,0.03,0.21,0.21,0.12,0.33,0.53,0.06,0.03,0.00,1.00,0.09",60,1.77,0.24,,
porn 3d toon,"Informational, Commercial",90,"0.00,0.00,0.00,0.00,0.00,0.00,0.00,0.13,0.25,1.00,1.00,0.63",27,0.00,0.00,,31700000
porn 4d,Informational,90,"1.00,1.00,0.17,1.00,1.00,0.17,1.00,0.64,0.64,0.64,0.81,0.45",17,0.00,0.00,,48600000
porn animated compilation,"Informational, Transactional",90,"0.06,0.06,0.06,0.06,0.06,1.00,0.28,0.43,0.43,0.81,0.28,0.28",21,0.00,0.00,,303000000
porn animated hd,Informational,90,"0.64,0.64,1.00,1.00,0.78,0.64,0.64,0.50,0.78,0.50,0.35,0.35",15,0.00,0.00,,441000000
porn animated movie,Informational,90,"0.00,0.15,0.00,0.00,0.00,0.00,0.00,0.00,1.00,0.00,0.00,0.29",27,0.00,0.00,,522000000
porn bude,Commercial,90,"1.00,0.00,0.02,0.00,0.22,0.00,0.35,0.02,0.29,0.10,0.14,0.02",17,0.00,0.00,,23500000
porn dude',Navigational,90,"1.00,0.10,0.10,0.13,0.17,0.03,0.00,0.13,0.03,0.00,0.10,0.17",86,3.30,0.00,Sitelinks,
porncore com,Navigational,90,"1.00,1.00,1.00,1.00,1.00,1.00,0.83,1.00,0.44,0.83,0.44,0.61",22,0.00,0.00,Sitelinks,1530000
porndod,Commercial,90,"0.52,0.52,0.40,0.23,0.29,0.40,0.65,0.52,0.82,1.00,0.40,0.52",12,0.00,0.00,People also ask,6210
porndude only,Navigational,90,"0.18,0.18,0.36,1.00,1.00,1.00,0.81,1.00,0.81,1.00,1.00,1.00",80,0.00,0.00,Sitelinks,40300000
porndude.vom,"Navigational, Commercial",90,"0.05,0.00,1.00,0.00,0.10,0.10,0.00,0.10,0.00,0.00,0.00,0.80",74,0.00,0.00,"Sitelinks, People also ask",41000000
porngames core,Informational,90,"0.81,0.63,1.00,1.00,0.63,1.00,0.37,0.81,0.81,1.00,1.00,1.00",53,0.00,0.00,,27900000
porno3d,Informational,90,"0.55,0.05,0.00,0.35,0.00,0.00,0.00,1.00,0.05,0.10,0.25,0.10",52,0.00,0.00,,4270000
potn animated,Informational,90,"0.50,0.50,0.64,0.50,0.64,0.78,0.64,0.50,0.50,1.00,0.78,0.78",51,0.00,0.00,,7580000
pov 3d sex,Informational,90,"0.64,0.50,0.35,0.50,0.64,0.78,0.64,0.64,0.64,1.00,0.78,0.64",20,0.00,0.00,,1210000000
pron cartoon movies,Informational,90,"0.07,0.00,0.07,0.00,0.07,0.07,0.53,0.42,0.80,0.65,1.00,1.00",31,0.00,0.00,,87800000
prorndude,"Navigational, Commercial",90,"1.00,0.29,0.17,0.52,0.52,0.41,0.41,0.41,0.41,0.41,0.52,0.41",48,0.00,0.00,Sitelinks,433
purn dude,"Navigational, Commercial",90,"1.00,0.64,0.64,0.64,0.81,0.81,0.81,0.81,0.81,0.81,0.81,0.81",62,0.00,0.00,Sitelinks,60500000
r34 3d animation,Informational,90,"0.64,0.35,0.35,0.35,0.78,1.00,0.64,0.64,0.64,1.00,0.78,1.00",16,0.00,0.00,,20000000
rapunzel 3d porn,Commercial,90,"0.52,0.40,0.40,0.40,0.40,0.40,0.29,1.00,0.65,0.65,0.52,0.52",17,0.00,0.00,,3280000
realistic 3d animated porn,Informational,90,"0.64,0.50,1.00,0.50,0.79,0.35,0.64,0.64,0.50,0.79,0.50,0.79",25,0.00,0.00,,33100000
realistic 3d futa,"Informational, Commercial",90,"0.82,0.64,0.82,0.64,1.00,0.64,0.82,1.00,0.64,0.64,0.64,0.64",18,0.00,0.00,,23400000
realistic porn anime,Commercial,90,"0.42,0.42,0.23,0.23,1.00,0.52,0.66,0.33,0.52,0.33,0.42,0.23",17,0.00,0.00,,51500000
rule 34 3d gifs,Navigational,90,"0.60,1.00,0.60,0.60,1.00,0.80,0.60,1.00,0.80,0.40,0.80,0.60",19,0.00,0.00,Sitelinks,187000000
rule 34 pov animated,Navigational,90,"1.00,1.00,1.00,0.44,0.81,0.63,0.44,0.63,0.63,0.63,0.63,0.63",21,0.00,0.00,People also ask,75700000
rule futanari,"Informational, Navigational",90,"0.29,0.29,0.17,0.29,0.29,0.11,0.11,0.64,0.64,1.00,0.64,1.00",24,0.00,0.33,,97700000
rule34video 3d,"Navigational, Transactional",90,"0.52,0.41,0.41,0.41,0.52,0.41,0.52,1.00,0.29,0.29,0.52,0.41",21,0.00,0.00,,4370000
scat porn animated,Informational,90,"1.00,1.00,0.18,1.00,0.81,0.63,0.45,0.63,0.81,0.63,0.63,0.45",19,0.00,0.00,,10900000
sex 3d cartoon videos,Informational,90,"0.51,0.63,0.29,0.29,0.40,0.83,0.83,0.51,0.63,1.00,0.23,0.23",48,0.00,0.00,,415000000
sex animation download,Informational,90,"0.02,0.02,0.02,0.02,0.02,1.00,0.05,0.09,0.09,0.09,0.06,0.06",11,0.00,0.00,,575000000
sex porn cartoon,"Informational, Commercial",90,"1.00,1.00,1.00,0.75,1.00,0.50,0.25,0.38,0.13,0.38,0.63,0.38",62,0.00,0.00,,2110000000
sex video carton,Informational,90,"0.00,0.00,1.00,0.00,0.00,0.00,0.00,0.00,0.00,0.00,0.00,0.00",58,0.00,0.00,,666000000
sexual 3d,Informational,90,"0.00,0.00,0.00,0.00,0.00,1.00,0.00,0.00,0.00,0.00,0.00,0.00",28,1.58,0.01,,
sfm potn,Informational,90,"0.79,0.64,0.79,1.00,0.79,0.79,0.79,0.64,0.64,0.50,0.64,0.50",26,0.00,0.00,,5920000
superheroine porn motherless,"Navigational, Transactional",90,"0.00,0.28,0.18,0.23,0.18,0.11,0.11,0.08,0.11,0.11,0.44,1.00",6,0.00,0.00,,319000
the best 3d porn,Commercial,90,"0.13,1.00,0.42,0.00,0.00,0.00,0.67,0.08,0.00,0.54,0.42,0.00",45,0.00,0.00,,1930000000
the por. dude,Navigational,90,"1.00,0.63,0.63,0.63,0.13,0.50,0.21,0.78,0.21,0.78,0.78,0.50",52,0.00,0.00,"Sitelinks, People also ask",356000000
the pordude,Informational,90,"1.00,0.64,0.50,0.64,0.64,0.50,0.64,0.79,0.50,1.00,0.79,0.64",11,0.00,0.00,People also ask,17900
the pornodude,"Navigational, Commercial",90,"0.64,1.00,1.00,0.64,0.81,0.64,0.11,0.11,0.11,0.17,0.11,0.11",78,0.00,0.33,People also ask,93200
toon porn animated,Informational,90,"0.82,0.64,0.82,0.82,0.82,1.00,0.82,0.45,0.82,1.00,0.45,0.36",44,0.00,0.01,,69600000
top animated porn,Commercial,90,"1.00,0.78,0.44,1.00,1.00,0.56,0.78,1.00,1.00,0.78,1.00,0.78",39,0.00,0.00,,834000000
toy chica 3d porn,Informational,90,"0.06,0.06,0.21,0.21,0.21,0.34,0.15,0.06,0.06,0.34,0.28,1.00",22,0.00,0.00,,17600000
werewolf animation porn,Informational,90,"0.52,0.11,0.52,0.41,0.41,0.41,0.41,1.00,0.82,0.82,0.82,1.00",,0.00,0.00,,7040000
xhamster 3d porn,"Navigational, Transactional",90,"0.81,0.63,0.81,0.81,0.63,1.00,1.00,1.00,1.00,0.81,1.00,1.00",37,0.00,0.00,Sitelinks,176000000
xhamster animated porn,"Navigational, Transactional",90,"0.82,0.45,0.82,0.82,0.64,0.82,1.00,0.82,1.00,0.82,0.45,0.64",37,0.00,0.00,,30400000
xnxx 3d cartoon,"Navigational, Transactional",90,"0.82,0.62,1.00,0.82,0.82,1.00,0.62,1.00,0.82,0.82,0.62,0.62",23,0.00,0.00,,121000000
xvideos anime 3d,"Navigational, Transactional",90,"0.81,0.63,0.81,1.00,0.63,0.81,0.81,0.81,0.81,0.81,0.63,0.63",32,0.00,0.00,,149000000
xvideos3d,"Navigational, Transactional",90,"0.05,0.23,0.00,0.23,0.40,0.40,0.28,0.00,1.00,0.65,0.65,0.40",,0.00,0.00,Sitelinks,828000000
young 3d sex,"Informational, Commercial",90,"1.00,0.75,0.75,0.63,0.38,0.75,0.75,0.63,0.75,0.63,0.38,0.63",7,0.00,0.00,,833000000
young sex 3d,Informational,90,"0.64,0.64,1.00,1.00,0.64,0.82,1.00,0.64,0.82,0.64,0.45,0.82",42,0.00,0.00,,1210000000
порно 3d,Informational,90,"0.36,1.00,1.00,0.00,1.00,1.00,1.00,0.00,1.00,1.00,0.00,0.79",71,0.00,0.00,,180000000
سكس ثلاثي ابعاد,Informational,90,"0.64,0.35,0.21,0.50,0.50,1.00,0.50,0.64,0.64,1.00,0.78,1.00",65,0.00,0.00,,5220000
سكس ثلاثي الابعاد,Informational,90,"0.63,0.50,0.35,0.78,0.50,0.78,0.78,0.78,0.78,0.78,0.78,1.00",61,0.00,0.00,,347000
야동애니메이션,Informational,90,"0.43,0.52,0.18,0.43,1.00,0.66,0.00,0.00,0.00,0.66,0.82,0.66",21,0.00,0.00,,3140000
2025 porn compilation,Transactional,70,"0.00,0.78,0.78,0.78,0.78,0.14,0.78,0.14,0.14,0.14,0.78,1.00",17,0.00,0.33,,738000000
3d animated hd porn,Informational,70,"1.00,0.79,0.55,0.55,0.79,0.79,0.79,0.55,0.79,0.79,1.00,0.21",52,0.00,0.33,,364000000
3d animated horse porn,Informational,70,"0.64,0.49,0.49,0.49,0.36,0.49,0.49,0.49,0.49,0.49,1.00,0.49",5,0.00,0.00,,26200000
3d animated pirn,Informational,70,"0.35,0.50,0.50,0.50,0.50,0.64,0.50,0.50,0.35,0.14,0.79,1.00",59,0.00,0.33,,20600000
3d animated porn hd,Informational,70,"1.00,0.79,0.79,0.55,0.79,0.79,0.79,0.55,0.79,0.79,0.79,0.21",42,0.00,0.00,,644000000
3d animated porn movies,Commercial,70,"0.00,0.45,0.64,0.36,0.00,0.36,0.64,0.45,0.82,1.00,1.00,0.82",58,0.00,0.00,People also ask,148000000
3d animated porn sites,Commercial,70,"0.00,0.57,0.57,0.57,0.00,0.57,0.14,0.14,0.43,0.29,1.00,0.29",46,0.00,0.00,,1180000000
3d animated porn video,Commercial,70,"0.00,0.00,1.00,0.51,0.00,0.00,0.51,0.67,0.51,0.42,0.51,0.81",35,0.00,0.00,,631000000
3d animated tentacle porn,Informational,70,"0.81,0.81,0.36,0.45,0.62,0.45,0.62,0.62,0.62,1.00,0.62,0.62",17,0.00,0.00,,23600000
3d animation horse porn,Informational,70,"0.81,0.45,0.36,0.64,0.45,0.64,0.64,0.64,0.81,0.64,1.00,0.64",3,0.00,0.00,,30800000
3d animation porn hd,Informational,70,"1.00,0.78,0.78,0.55,0.78,0.78,0.78,0.55,0.78,0.78,0.78,0.22",49,0.00,0.00,,366000000
3d animation porn.,Informational,70,"1.00,0.00,0.00,0.00,0.00,0.00,0.00,0.00,0.00,0.00,0.00,0.00",52,0.00,0.00,,513000000
3d animation xnxx,"Navigational, Transactional",70,"1.00,0.78,1.00,0.78,1.00,1.00,0.55,0.78,0.55,0.55,0.22,0.22",23,0.00,0.33,Sitelinks,146000000
3d anime futa porn,Informational,70,"0.81,1.00,0.45,0.45,0.45,0.64,0.81,0.81,0.81,0.64,0.81,0.81",24,0.00,0.00,,103000000
3d anime lesbian porn,Informational,70,"0.00,0.00,1.00,0.65,0.65,0.53,0.41,0.41,0.29,0.41,0.29,0.29",28,0.00,0.00,,131000000
3d anime pirn,Commercial,70,"0.78,0.78,0.78,0.78,0.78,1.00,1.00,0.78,0.78,0.56,1.00,1.00",50,0.00,0.00,,43400000
3d anime porn hub,"Navigational, Transactional",70,"0.14,0.14,0.14,0.14,0.14,1.00,1.00,0.49,1.00,0.49,0.65,0.49",29,0.00,0.00,,131000000
3d anime porn sites,Commercial,70,"0.11,0.64,0.64,0.64,0.11,0.64,0.11,0.11,0.53,0.81,1.00,0.40",50,0.00,0.00,,642000000
3d anime xvideos,"Navigational, Transactional",70,"0.81,0.63,1.00,1.00,0.17,0.17,1.00,1.00,0.17,0.17,0.81,1.00",36,0.00,0.00,,206000000
3d art porn,Informational,70,"0.00,1.00,0.52,0.33,0.33,0.24,0.33,0.14,0.14,0.24,0.52,0.52",25,0.00,0.00,,290000000
3d art sex,Informational,70,"0.35,0.50,1.00,0.28,0.35,0.50,1.00,1.00,0.35,0.21,0.50,0.13",19,0.00,0.00,,838000000
3d best sex,Commercial,70,"0.45,0.63,0.63,0.81,1.00,0.63,0.45,0.63,0.63,0.63,0.45,0.45",32,0.00,0.00,,1270000000
3d cartoon erotic,Informational,70,"0.22,0.78,0.78,0.78,0.55,0.78,1.00,0.55,0.33,0.78,0.55,0.55",33,0.00,0.00,,89600000
3d cartoon erotica,Informational,70,"0.45,1.00,0.64,0.64,0.64,0.82,0.45,0.45,0.27,0.64,0.45,0.45",45,0.00,0.00,,81700000
3d cartoon lesbian porn,Informational,70,"0.81,0.45,0.81,0.81,0.64,0.64,0.81,0.81,1.00,0.81,0.64,0.81",27,0.00,0.00,,205000000
3d cartoon sex videos,Informational,70,"0.34,0.34,0.80,1.00,0.49,0.66,0.66,0.14,0.34,0.34,0.66,0.80",40,0.00,0.00,,447000000
3d cartoon video porn,Informational,70,"0.00,0.00,0.53,0.17,1.00,0.42,0.17,0.11,0.17,0.00,0.33,0.33",47,0.00,0.00,,380000000
3d cartoons nude,Informational,70,"0.50,0.50,0.50,0.28,0.50,0.35,0.78,0.64,1.00,0.50,0.64,0.35",36,0.00,0.00,,
3d dog animation porn,Informational,70,"1.00,0.78,0.78,0.78,1.00,0.55,1.00,0.78,0.78,0.78,0.78,0.78",9,0.00,0.00,,59200000
3d free porn movies,Informational,70,"1.00,0.79,0.79,0.79,0.79,0.56,0.79,0.56,0.79,0.79,0.79,1.00",63,0.00,0.00,,1140000000
3d full length porn,Informational,70,"0.18,0.45,0.45,0.64,0.64,0.64,1.00,0.45,0.45,0.45,0.64,0.82",34,0.00,0.00,,1060000000
3d futa free,Informational,70,"0.35,0.35,0.64,0.50,0.64,0.50,0.64,0.50,0.64,1.00,0.35,0.50",13,0.00,0.00,,391000000
3d futa full videos,Informational,70,"0.78,0.78,0.55,0.78,0.00,0.55,1.00,1.00,0.78,0.78,1.00,0.78",19,0.00,0.00,,418000000
3d futa pirn,Informational,70,"1.00,0.64,0.11,0.11,0.64,0.11,0.11,0.11,0.64,0.64,0.11,0.11",24,0.00,0.33,,21400000
3d futa porn tube,Informational,70,"0.81,0.64,0.64,0.45,0.64,0.64,0.64,0.81,1.00,0.81,0.81,0.45",20,0.00,0.00,,366000000
3d futanari porn tube,Informational,70,"0.81,0.00,0.00,0.00,0.64,1.00,0.81,0.81,0.81,0.64,0.81,0.64",18,0.00,0.00,,177000000
3d futanari tube,Informational,70,"0.79,0.79,0.79,0.79,1.00,0.55,1.00,1.00,0.79,0.79,1.00,0.79",25,0.00,0.00,,197000000
3d hardporn,Informational,70,"0.50,0.50,0.64,0.50,0.50,1.00,0.50,0.64,0.50,0.50,0.50,0.50",21,0.00,0.00,,36000000
3d hardsex,"Informational, Transactional",70,"0.36,0.49,0.21,0.49,0.49,0.49,0.64,0.64,0.49,1.00,0.49,0.49",17,0.00,0.00,,143000000
3d hd animated porn,Informational,70,"1.00,0.79,0.79,0.56,0.79,0.79,0.79,0.56,0.79,0.79,1.00,0.21",61,0.00,0.00,,631000000
3d hentai site,Commercial,70,"0.67,0.33,0.33,0.33,0.33,0.33,0.00,1.00,0.00,0.33,0.67,1.00",52,0.00,0.00,,239000000
3d hentie porn,Informational,70,"1.00,0.00,0.00,0.25,0.50,0.00,0.00,0.00,0.00,0.00,0.00,0.25",33,0.00,0.00,,75200000
3d interactive porn,"Informational, Commercial",70,"1.00,0.76,0.76,0.56,0.76,1.00,0.76,0.76,0.76,0.56,1.00,0.76",31,0.00,0.00,,27000000
3d model sex,Informational,70,"0.45,0.64,0.64,0.64,0.64,0.64,0.18,0.18,0.64,1.00,0.64,0.82",8,0.00,0.01,,
3d monster por,Informational,70,"0.17,1.00,1.00,1.00,0.17,0.17,0.17,1.00,0.17,0.81,1.00,1.00",32,0.00,0.00,,273000000
3d monster porn gifs,Informational,70,"0.00,0.28,0.35,0.35,0.35,0.28,0.35,0.78,0.35,1.00,0.78,0.64",8,0.00,0.00,,56600000
3d monster porn video,Informational,70,"0.00,0.00,1.00,0.29,0.65,0.23,0.40,0.52,0.52,0.40,0.29,0.65",32,0.00,0.00,,181000000
3d monsters sex,Informational,70,"0.00,0.00,0.04,1.00,0.00,0.00,0.14,0.35,0.00,0.00,0.18,0.14",27,0.00,0.00,,44800000
3d nude porn,Informational,70,"1.00,0.56,0.56,0.56,1.00,1.00,0.79,0.79,0.79,0.79,0.56,0.79",17,0.00,0.00,,515000000
3d orcs porn,Informational,70,"0.00,0.00,0.50,1.00,1.00,0.00,0.50,0.64,0.79,1.00,0.64,0.79",15,0.00,0.00,,1290000
3d orn,Commercial,70,"0.35,0.64,0.64,0.50,0.50,0.35,0.50,0.64,1.00,0.35,0.50,0.64",61,0.00,0.02,,24100000
3d porn 4k,Informational,70,"0.82,0.61,0.82,0.82,1.00,0.43,0.61,0.61,0.36,1.00,0.43,0.43",15,0.00,0.00,,415000000
3d porn clips,Informational,70,"1.00,0.76,1.00,0.76,1.00,0.56,0.56,0.76,0.56,0.56,0.56,0.32",69,0.00,0.00,,290000000
3d porn co,Informational,70,"0.14,0.33,0.14,1.00,0.33,0.52,0.14,0.52,0.09,0.52,0.09,0.09",66,0.00,0.33,,430000000
3d porn creatures,Commercial,70,"0.81,0.64,0.81,0.27,0.81,0.81,0.81,0.64,0.81,1.00,0.45,0.64",29,0.00,0.00,,3060000
3d porn full movie,"Informational, Commercial",70,"0.64,0.50,0.29,0.29,0.35,1.00,0.21,0.79,0.64,0.79,0.64,0.50",16,0.00,0.00,,827000000
3d porn hardcore,Informational,70,"0.00,0.00,0.00,0.04,0.04,1.00,0.00,0.04,0.00,0.04,0.83,0.42",24,0.00,0.00,,187000000
3d porn image,"Informational, Commercial",70,"0.00,0.00,1.00,0.00,1.00,0.00,0.00,0.21,0.00,0.21,0.21,0.28",32,0.00,0.00,,385000000
3d porn interactive,"Informational, Commercial",70,"1.00,0.55,0.78,0.44,1.00,0.55,0.78,0.78,0.78,0.78,1.00,0.78",56,0.00,0.00,,15000000
3d porn maker,Commercial,70,"0.82,0.61,0.61,0.61,0.61,0.61,1.00,0.43,0.43,0.61,0.61,0.61",20,0.00,0.00,Sitelinks,44700000
3d porn model,Informational,70,"0.15,1.00,0.06,0.09,0.34,0.09,0.34,0.09,0.09,0.15,0.15,0.09",18,0.00,0.00,Sitelinks,695000000
3d porn render,Informational,70,"0.82,0.45,0.64,0.64,0.64,0.64,0.64,0.64,0.45,1.00,0.64,0.64",11,0.00,0.00,Sitelinks,5240000
3d porn rule,"Informational, Transactional",70,"0.05,0.11,0.41,0.05,0.23,0.23,0.05,1.00,0.11,1.00,0.64,1.00",13,0.00,0.33,,157000000
3d porn rule34,Commercial,70,"0.00,0.14,1.00,0.10,0.00,0.00,0.00,0.00,0.14,0.10,0.18,0.00",13,0.00,0.00,,309000000
3d porn sfm,Informational,70,"1.00,0.52,0.24,0.24,0.24,0.24,0.19,0.24,0.14,0.19,0.14,0.14",27,0.00,0.33,,33700000
3d porn top,Commercial,70,"0.22,0.55,0.78,1.00,0.78,0.78,0.78,0.55,0.78,0.78,0.78,0.78",40,0.00,0.00,,1890000000
3d pron com,Commercial,70,"0.13,0.13,0.50,0.78,0.50,1.00,0.63,0.50,0.78,1.00,0.28,0.50",65,0.00,0.00,,117000000
3d r34 porn,Informational,70,"1.00,0.14,0.10,0.14,0.14,0.08,0.10,0.10,0.04,0.04,0.04,0.04",11,0.00,0.33,,90800000
3d realistic animated porn,Informational,70,"0.81,0.44,0.63,0.44,0.63,0.44,0.63,1.00,0.81,0.81,0.63,0.81",19,0.00,0.00,,40900000
3d realistic animation porn,Informational,70,"1.00,0.55,0.79,0.55,0.79,0.55,0.79,0.79,1.00,1.00,0.79,1.00",22,0.00,0.00,,28500000
3d realistic anime porn,Informational,70,"1.00,0.55,0.79,0.55,0.79,0.55,0.79,0.79,1.00,1.00,0.79,1.00",24,0.00,0.00,,59400000
3d render porn,Informational,70,"1.00,0.79,1.00,0.79,0.44,0.56,0.79,0.79,0.56,0.79,0.79,0.44",34,0.00,0.00,Sitelinks,4820000
3d rendered porn,Commercial,70,"1.00,0.50,1.00,0.70,0.70,1.00,0.70,0.70,0.50,0.70,0.70,0.50",24,0.00,0.00,,3230000
3d rendering porn,Informational,70,"1.00,0.56,1.00,0.79,0.56,1.00,0.79,0.79,0.56,1.00,0.79,0.21",29,0.00,0.00,Sitelinks,3080000
3d rule 34 gif,"Informational, Transactional",70,"0.75,0.75,0.54,1.00,1.00,0.75,1.00,0.75,0.54,0.75,0.75,0.75",8,0.00,0.00,,64100000
3d sex cartoon videos,Informational,70,"0.00,0.00,1.00,0.29,0.52,0.64,0.41,0.41,0.52,0.29,0.41,0.29",44,0.00,0.00,,313000000
3d sex com,"Informational, Commercial",70,"1.00,0.74,1.00,0.74,1.00,1.00,0.52,0.74,0.52,0.52,0.74,0.43",41,0.00,0.00,,1760000000
3d sex nude,"Informational, Transactional",70,"0.81,0.45,0.81,1.00,0.64,0.45,0.45,0.64,0.45,0.64,1.00,0.64",18,0.00,0.00,,820000000
3d sex realistic,Informational,70,"0.07,0.00,0.53,1.00,1.00,0.03,0.15,0.11,0.11,0.03,0.19,0.19",16,0.00,0.00,,136000000
3d sex toons,Informational,70,"0.62,0.77,0.00,0.00,0.00,0.77,1.00,0.00,0.08,0.08,0.08,0.15",22,0.00,0.00,,64500000
3d sex vi,Informational,70,"0.04,0.08,1.00,0.04,0.04,0.04,0.04,0.04,0.04,0.04,0.04,0.04",58,0.00,0.33,,1280000000
3d vid porn,Informational,70,"0.00,1.00,0.00,0.00,0.00,0.00,0.00,0.00,0.00,0.00,0.00,0.00",,0.00,0.00,,718000000
3d video game porn videos,Informational,70,"1.00,0.78,0.33,0.78,0.78,0.78,0.78,0.55,0.78,0.78,0.78,0.33",21,0.00,0.00,,317000000
3d порно,"Informational, Commercial",70,"1.00,1.00,1.00,1.00,1.00,0.00,0.00,0.00,0.00,0.00,0.00,0.00",61,0.00,0.00,,183000000
3d 色情网站,"Informational, Transactional",70,"0.52,0.64,0.17,0.00,0.82,1.00,0.00,0.00,0.00,0.64,0.64,0.82",28,0.00,0.00,,32200000
3dcartoonporn,Informational,70,"0.65,0.49,0.65,0.65,0.49,1.00,0.35,0.49,0.49,0.35,0.49,0.79",18,0.00,0.00,,6060000
3dhantai,Commercial,70,"0.49,0.49,0.21,0.49,0.49,1.00,0.49,0.64,0.49,0.49,0.28,0.64",16,0.00,0.00,,29200
3dhentai.com,Navigational,70,"0.18,1.00,0.14,0.00,0.02,0.00,0.00,0.00,0.00,0.08,0.14,0.18",56,0.00,0.00,"Sitelinks, People also ask",39500000
3dporn download,Informational,70,"1.00,0.78,1.00,0.78,0.55,0.78,0.44,0.55,0.78,0.78,0.55,0.33",8,0.00,0.00,,48300000
3dporn monster,Informational,70,"0.00,0.00,0.00,1.00,0.00,0.00,0.00,0.00,0.00,0.00,0.00,0.00",33,0.00,0.33,,17500000
3dsexy,Commercial,70,"0.62,0.81,0.62,0.45,1.00,0.81,0.62,0.45,0.62,0.62,0.62,0.62",18,0.00,0.00,Sitelinks,1060000
3d动漫 porn,Informational,70,"0.11,0.82,0.11,0.11,0.64,1.00,0.11,0.64,0.11,0.11,0.11,0.11",41,0.00,0.33,,26500000
3d色情动画,Informational,70,"0.64,0.50,0.50,0.00,0.50,1.00,0.50,0.21,0.14,1.00,0.50,0.64",40,0.00,0.00,,50000000
3d야동,Informational,70,"1.00,1.00,1.00,0.81,0.62,1.00,0.00,0.07,0.00,0.62,0.81,0.62",66,0.00,0.00,,22400000
adult 3d videos,Informational,70,"0.00,0.00,0.78,0.78,0.63,0.50,0.78,0.63,0.78,0.28,0.63,1.00",60,0.00,0.00,,1440000000
adult animation 3d,Informational,70,"0.82,0.82,0.44,0.82,0.62,0.82,0.44,1.00,0.62,0.82,0.44,0.62",28,0.00,0.00,"Sitelinks, People also ask",342000000
adult animation nude,Informational,70,"0.82,0.64,1.00,0.64,0.64,0.45,0.45,0.82,0.64,1.00,0.82,0.82",26,0.00,0.00,,343000000
adult movies 3d,Informational,70,"0.82,0.64,0.27,0.64,0.45,1.00,0.36,0.00,0.64,0.82,0.82,1.00",10,0.00,0.00,,467000000
all edition net porn,Informational,70,"0.21,1.00,0.15,0.03,0.03,0.09,0.03,0.03,0.34,0.43,0.06,0.00",17,0.00,0.33,,130000000
all porn 3d,"Informational, Commercial",70,"0.18,0.18,0.18,0.18,0.18,1.00,1.00,1.00,1.00,1.00,0.18,0.18",65,0.00,0.33,People also ask,996000000
allporn 3d,"Informational, Transactional",70,"0.14,0.14,0.14,0.14,0.14,0.78,1.00,0.78,0.78,0.78,0.14,0.00",54,0.00,0.33,,13700000
amination porn,Informational,70,"0.00,0.00,0.00,0.00,0.00,0.00,1.00,0.03,0.03,0.10,0.10,0.00",51,0.00,0.00,,1180000000
amputee porn gif,"Informational, Transactional",70,"0.18,1.00,0.09,0.81,0.81,0.00,1.00,0.81,0.81,0.63,0.81,0.63",10,0.00,0.00,,1880000
anamation sex,Informational,70,"0.00,0.00,0.00,1.00,0.00,0.00,0.35,0.17,0.17,0.07,0.28,0.00",23,0.00,0.00,,1630000000
animals 3d porn,Informational,70,"0.80,0.60,1.00,0.00,0.80,1.00,0.80,0.60,0.00,1.00,0.00,0.60",12,0.00,0.00,,34700000
animate sex videos,Informational,70,"0.00,0.00,0.00,0.00,0.00,0.02,0.00,0.00,0.00,0.35,1.00,0.81",28,0.00,0.00,,29100000
animated cgi porn,Informational,70,"1.00,0.55,0.79,0.79,0.79,0.79,0.79,0.79,0.79,0.21,0.79,0.21",53,0.00,0.00,,97500000
animated compilation porn,Transactional,70,"0.21,0.56,1.00,0.79,1.00,0.79,1.00,1.00,0.56,0.79,0.56,0.79",22,0.00,0.00,,416000000
animated free sex videos,Informational,70,"0.80,0.60,0.40,0.60,1.00,0.80,0.80,0.80,0.60,0.80,0.40,0.40",37,0.00,0.00,,1770000000
animated monster sex videos,"Informational, Commercial",70,"0.64,0.50,0.50,0.50,0.64,0.35,0.35,0.64,0.14,0.14,0.78,1.00",25,0.00,0.33,,124000000
animated naked babes,Informational,70,"0.28,0.34,0.21,0.28,1.00,0.06,0.06,0.06,0.06,0.06,0.06,0.06",20,0.00,0.33,,177000000
animated oirn,Informational,70,"0.78,0.78,0.78,0.78,0.78,1.00,1.00,1.00,0.78,0.78,1.00,0.56",52,0.00,0.00,,1090000
animated porn cartoon,Informational,70,"0.00,0.00,0.00,0.00,0.00,0.00,0.00,0.50,1.00,0.00,0.00,0.00",35,0.00,0.00,,367000000
animated porn parodies,Informational,70,"0.00,0.00,0.21,0.14,0.21,0.66,1.00,0.07,0.52,0.66,0.17,0.41",27,0.00,0.00,,9500000
animated porn shows,Commercial,70,"1.00,0.60,0.60,0.40,0.00,0.80,0.80,1.00,0.80,0.80,1.00,1.00",45,0.00,0.00,,160000000
animated porno videos,"Informational, Transactional",70,"0.00,0.00,0.00,1.00,0.00,0.82,0.00,0.00,0.00,0.00,0.00,0.00",41,0.00,0.00,,678000000
animated rule 33,Informational,70,"0.62,0.44,0.35,0.62,0.44,0.44,0.82,1.00,1.00,0.62,0.82,0.82",15,0.00,0.00,,
animated sex show,Informational,70,"0.34,0.53,1.00,0.80,0.07,0.07,0.07,0.07,0.07,0.07,0.07,0.07",30,0.00,0.33,Sitelinks,1150000000
animated sexual movies,Informational,70,"0.75,0.50,0.50,0.25,0.75,0.50,1.00,1.00,0.00,0.00,0.50,0.50",22,0.00,0.00,People also ask,714000000
animates porn,Informational,70,"0.00,0.00,0.00,0.00,0.00,0.00,0.00,0.00,0.00,0.33,1.00,1.00",,4.43,0.10,,1040000000
animation pkrn,Informational,70,"0.14,0.14,0.14,0.14,0.14,1.00,0.64,0.64,0.78,1.00,0.28,0.28",41,0.00,0.00,,659000
animation ponr,Informational,70,"0.81,0.44,0.81,0.81,0.81,1.00,0.63,1.00,0.00,0.81,1.00,0.63",49,0.00,0.00,,4030000
animation porn app,Commercial,70,"0.34,0.65,0.19,0.42,0.00,0.00,0.00,0.00,1.00,0.00,0.00,0.00",25,1.59,0.02,,517000000
animation porn sex video,Commercial,70,"0.00,0.00,0.07,0.00,1.00,1.00,0.64,0.50,0.64,0.78,0.78,0.64",36,0.00,0.00,,763000000
anime 3d gay porn,Informational,70,"0.17,0.63,0.63,0.63,0.81,1.00,0.44,0.63,0.63,0.44,1.00,0.81",27,0.00,0.00,,267000000
anime 3d porn videos,Informational,70,"0.00,0.00,0.25,0.25,0.75,0.75,1.00,0.75,0.00,0.25,0.50,0.75",48,0.00,0.00,,259000000
anime 3d sex video,Informational,70,"0.00,0.00,0.00,0.08,0.00,0.00,0.19,0.06,0.10,1.00,0.10,0.10",25,0.00,0.00,,466000000
anime gay porn 3d,Informational,70,"0.14,0.50,0.50,0.50,0.64,0.64,0.35,0.64,0.50,1.00,0.78,0.78",30,0.00,0.00,People also ask,265000000
anime porn animated,Informational,70,"1.00,1.00,0.13,1.00,0.13,0.13,0.13,0.13,1.00,1.00,0.13,0.13",40,0.00,0.33,,117000000
anime porn dude,Navigational,70,"0.18,0.18,0.18,0.18,0.18,0.18,1.00,1.00,1.00,1.00,0.63,0.63",76,0.00,0.33,,
anime porno 3d,Commercial,70,"0.00,0.00,0.00,0.00,0.00,1.00,0.00,0.00,0.00,0.01,0.01,0.00",32,0.00,0.00,,348000000
animeted sex,Informational,70,"0.00,0.63,0.00,1.00,0.00,0.81,1.00,0.13,0.00,0.19,0.19,0.00",33,1.51,0.00,,2710000000
animetion sex,Informational,70,"0.41,0.05,0.00,0.00,1.00,1.00,0.41,0.00,1.00,0.00,0.64,0.00",24,0.00,0.00,,1350000000
ankha porn gifs,Informational,70,"0.20,0.40,0.80,1.00,0.60,0.60,0.60,0.40,0.60,0.60,0.40,0.80",15,0.00,0.00,,1260000
annimated sex,Informational,70,"0.09,0.21,1.00,0.06,0.03,0.28,0.21,0.43,0.34,0.06,0.15,0.03",46,0.00,0.00,,1810000000
annimation porn,Informational,70,"0.00,0.00,0.00,0.00,1.00,0.03,0.00,0.33,0.00,0.33,0.17,0.00",39,4.43,0.10,,646000000
anımasyon porn,Informational,70,"0.81,1.00,0.81,0.81,1.00,0.64,1.00,0.17,0.17,0.17,0.17,0.17",53,0.00,0.33,,7960000
bdsm 3d animation,Informational,70,"0.81,0.45,1.00,0.63,0.63,0.63,0.81,0.45,0.63,0.45,0.18,0.18",16,0.00,0.33,,
best 3d porn animations,Commercial,70,"0.60,0.00,0.30,0.30,0.00,0.30,0.60,1.00,0.60,1.00,1.00,0.80",25,0.00,0.00,,97800000
best 3d porn movies,Commercial,70,"1.00,0.52,0.52,0.74,0.52,0.52,1.00,0.52,0.52,0.74,0.52,0.52",61,0.00,0.00,,703000000
best 3d sex,Commercial,70,"0.81,0.63,0.81,1.00,0.63,0.81,0.63,0.63,0.63,0.63,0.45,0.45",27,0.00,0.00,,1460000000
best animated 3d porn,Commercial,70,"0.07,0.21,1.00,1.00,0.34,0.34,0.76,1.00,0.76,0.28,0.48,0.76",15,0.00,0.00,People also ask,4490000
best animated porn movies,Commercial,70,"1.00,0.78,0.78,0.78,0.78,0.56,0.78,0.78,0.78,0.78,0.78,0.78",35,0.00,0.00,Sitelinks,438000000
best animated porn website,Commercial,70,"0.01,0.06,0.03,0.06,1.00,0.03,0.04,0.04,0.03,0.04,0.06,0.04",51,0.00,0.00,,427000000
best animation porn movies,Commercial,70,"1.00,0.56,0.56,0.76,0.76,0.56,0.76,0.76,0.76,0.76,0.76,0.76",27,0.00,0.00,,258000000
best futanari sites,Commercial,70,"0.62,0.44,0.44,0.82,0.62,1.00,0.44,0.62,0.62,0.62,0.82,0.44",14,0.00,0.00,Sitelinks,430000000
best sex animated,Commercial,70,"1.00,0.18,0.18,1.00,1.00,0.18,0.18,1.00,0.63,0.63,0.63,0.63",34,0.00,0.00,Sitelinks,788000000
best sex animations,Commercial,70,"1.00,0.18,0.18,1.00,1.00,0.18,0.18,1.00,0.63,0.63,0.63,0.63",25,0.00,0.00,Sitelinks,108000000
best sites for animated porn,Commercial,70,"0.64,0.64,0.11,0.11,0.64,0.11,0.17,0.64,0.64,0.23,1.00,0.29",50,0.00,0.01,"Sitelinks, People also ask",489000000
canine cookie porn,"Informational, Commercial",70,"0.18,1.00,0.18,1.00,1.00,1.00,0.18,0.18,1.00,0.18,0.18,0.18",4,0.00,0.33,,3780000
car toon porn,Informational,70,"0.21,0.06,0.65,1.00,0.15,0.03,0.06,0.03,0.00,0.00,0.00,0.00",42,0.00,0.00,,2330000000
carton pron,Informational,70,"0.28,0.01,0.01,0.14,1.00,0.00,0.01,0.01,0.01,0.04,0.00,0.00",50,0.00,0.00,,2480000
cartoon 3d porn pictures,Commercial,70,"0.82,1.00,0.26,0.82,0.62,0.62,0.44,0.62,0.82,0.82,0.35,0.82",8,0.00,0.00,,161000000
cartoon 3d sex,Informational,70,"0.64,1.00,0.64,0.64,0.81,0.36,0.64,0.64,1.00,0.64,0.64,0.64",42,0.00,0.00,,936000000
cartoon animation porn videos,Commercial,70,"0.82,0.64,0.82,0.82,1.00,0.82,0.64,0.82,0.64,0.45,0.64,0.64",22,0.00,0.00,,
cartoon animeporn,Informational,70,"0.00,1.00,0.00,0.00,0.00,0.00,0.00,0.00,0.00,0.00,0.00,0.00",62,0.00,0.33,,35300000
cartoon belly bulge porn,Informational,70,"1.00,0.18,1.00,1.00,0.18,1.00,0.36,0.63,0.63,0.63,0.45,0.18",16,0.00,0.33,,4740000
cartoon futa videos,Informational,70,"0.17,0.29,0.29,0.23,0.29,0.23,0.52,0.29,0.29,1.00,1.00,0.41",25,0.00,0.00,,89600000
cartoon missionary sex,Informational,70,"0.45,0.64,0.64,0.64,0.64,0.45,0.81,0.64,0.64,0.17,1.00,0.64",17,0.00,0.33,,58800000
cartoon poorn,Informational,70,"0.09,0.00,0.09,0.18,0.09,0.09,0.09,0.09,0.00,0.73,1.00,0.00",54,0.00,0.00,,3660000
cartoon porrn,Informational,70,"0.61,0.61,0.61,0.82,0.61,1.00,0.82,0.82,0.43,0.61,0.82,0.61",58,0.00,0.00,,21300000
cartoon pron download,Informational,70,"0.82,0.64,0.27,0.64,0.64,1.00,0.36,0.64,0.64,1.00,1.00,0.82",8,0.00,0.00,,112000000
cartoon sex free porn,Informational,70,"0.80,0.60,1.00,0.60,0.60,0.60,0.60,0.80,0.60,0.40,0.40,0.27",62,0.00,0.00,,812000000
cartoon sex hd video,Informational,70,"1.00,0.78,0.33,0.78,0.78,0.78,0.11,1.00,0.55,0.78,0.55,0.78",51,0.00,0.00,,983000000
cartoon sex photo,Informational,70,"1.00,0.74,0.00,1.00,0.74,1.00,0.74,0.52,0.52,0.74,0.52,0.74",43,0.00,0.00,,431000000
cartoon sex porn free,Informational,70,"0.80,0.60,1.00,0.60,0.60,0.60,0.60,0.80,0.60,0.40,0.40,0.27",47,0.00,0.00,,182000000
cartoon sex sites,Commercial,70,"1.00,0.55,0.78,1.00,0.78,0.78,1.00,0.55,0.55,1.00,0.55,1.00",33,0.00,0.00,Sitelinks,99200000
cartoon sex website,Commercial,70,"1.00,0.54,0.75,0.75,0.54,0.75,0.43,0.54,0.54,0.75,0.54,0.75",83,0.00,0.00,People also ask,259000000
cartoon xxx movie,Informational,70,"0.00,0.00,0.00,0.00,0.00,0.00,1.00,1.00,1.00,1.00,1.00,1.00",23,0.00,0.00,,1010000000
cartoonporn vids,Informational,70,"0.00,0.00,0.00,0.00,0.00,0.00,0.00,1.00,0.00,0.00,0.00,0.00",45,0.00,0.00,,8210000
cartoonporn.cpm,"Informational, Navigational",70,"1.00,0.14,0.78,0.78,0.64,0.00,0.14,0.28,0.78,0.50,0.14,0.14",83,0.00,0.33,People also ask,9220
cartoonporrn,Informational,70,"1.00,0.61,0.82,0.82,0.82,0.82,1.00,1.00,0.18,0.18,0.18,0.18",57,0.00,0.33,,1700
cartoons pron,Informational,70,"0.00,0.00,0.50,0.00,0.00,0.00,1.00,0.75,0.00,0.00,0.25,0.50",61,0.00,0.65,,26000000
cgi animation porn,Commercial,70,"1.00,0.52,0.74,0.74,0.52,0.52,0.74,0.52,1.00,0.22,0.74,0.22",21,0.00,0.00,,96200000
cgi porn clips,Commercial,70,"1.00,0.55,0.78,0.78,0.78,1.00,0.78,0.78,1.00,1.00,1.00,0.78",46,0.00,0.00,,17400000
coreporn,Informational,70,"0.28,0.12,0.03,0.03,0.12,0.00,1.00,0.43,0.00,0.21,0.43,0.03",24,1.46,0.08,,3110000
crazy frog porn,"Informational, Transactional",70,"1.00,0.79,0.79,0.55,1.00,0.79,0.55,0.79,0.79,1.00,0.79,0.55",10,0.00,0.00,,3870000
creature 3d porn,Commercial,70,"0.82,0.64,0.64,1.00,0.64,0.45,0.82,0.64,0.82,0.64,0.45,0.64",17,0.00,0.00,,22000000
cute 3d porn,Informational,70,"1.00,0.61,1.00,0.43,0.43,1.00,0.61,0.82,0.82,0.43,0.43,0.61",17,0.00,0.00,,615000000
dede pornoları,Informational,70,"1.00,0.78,0.33,0.55,0.78,0.55,0.78,0.55,0.78,0.78,0.55,0.78",17,0.00,0.00,,37500000
download 3d porn,"Informational, Commercial",70,"0.81,0.45,1.00,0.81,0.81,0.81,0.64,0.64,0.81,0.64,0.81,0.45",11,0.00,0.00,,984000000
download porn cartoons,"Informational, Commercial",70,"0.81,0.64,0.64,0.81,0.64,1.00,0.36,0.64,0.64,1.00,0.36,0.64",12,0.00,0.00,,62700000
duda porn,Informational,70,"0.09,0.09,0.09,0.09,0.52,0.52,0.52,1.00,0.33,0.33,0.52,0.33",18,0.00,0.00,,19600000
e621 goblin,Informational,70,"0.63,0.44,0.81,0.63,0.63,0.63,0.44,0.63,0.63,0.81,1.00,0.81",11,0.00,0.33,People also ask,143000
erotic 3d cartoons,Transactional,70,"0.13,0.48,0.65,0.48,0.48,0.48,1.00,0.35,0.22,0.48,0.35,0.35",50,0.00,0.00,,175000000
erotic cartoons 3d,"Informational, Commercial",70,"0.22,0.78,0.78,0.78,1.00,1.00,1.00,0.55,0.33,0.78,0.55,0.55",59,0.00,0.00,,137000000
extreme porn toons,Informational,70,"0.81,0.64,1.00,0.64,0.45,1.00,0.45,0.64,0.64,0.36,0.45,0.45",10,0.00,0.00,,32700000
extreme toon porn,"Informational, Commercial",70,"0.43,0.74,0.74,0.52,0.52,0.74,0.74,0.74,0.74,1.00,0.74,0.74",17,0.00,0.00,,5840000
fan animated porn,Informational,70,"0.18,0.18,0.18,0.18,0.18,0.63,0.45,1.00,0.81,1.00,0.81,1.00",,0.00,0.00,,178000000
fantasy 3d porn,Informational,70,"0.00,0.00,0.00,0.00,0.00,0.00,0.00,0.41,1.00,1.00,0.54,0.80",22,0.00,0.00,,614000000
final fantasy porn gif,"Informational, Transactional",70,"0.18,1.00,0.09,1.00,0.81,0.63,0.81,1.00,0.63,0.81,1.00,0.63",0,0.00,0.00,,41300000
fortnite reddit porn,"Navigational, Transactional",70,"0.63,0.50,0.50,0.50,0.50,0.50,0.35,0.50,0.28,0.63,0.35,1.00",29,0.00,0.00,"Sitelinks, People also ask",14800000
freak porn gif,Informational,70,"0.18,0.18,0.18,1.00,1.00,0.18,1.00,1.00,1.00,0.18,0.18,0.18",6,0.00,0.33,,11400000
free 3d henti porn,Informational,70,"0.82,0.64,1.00,0.64,0.82,0.82,0.45,0.82,0.64,0.27,0.36,0.27",49,0.00,0.00,,103000000
free 3d porn films,Informational,70,"0.63,0.50,0.50,0.50,1.00,0.78,0.28,0.35,0.50,0.50,0.50,0.78",56,0.00,0.00,,490000000
free 3d sex clips,Informational,70,"0.82,0.64,0.64,0.45,0.64,0.64,0.36,0.00,1.00,0.82,0.82,0.64",58,0.00,0.00,,747000000
free 3d sex videos,Informational,70,"0.81,0.64,1.00,0.64,0.64,0.45,0.45,0.64,0.81,0.81,0.81,0.64",65,0.00,0.00,,2010000000
free animation sex movies,Informational,70,"1.00,0.55,0.33,0.55,0.78,0.78,0.44,0.55,0.78,0.55,0.55,0.55",23,0.00,0.00,,627000000
free cartoon hd porn,Informational,70,"1.00,0.56,0.56,1.00,0.76,0.44,0.56,0.56,0.44,0.56,0.56,0.21",42,0.00,0.00,People also ask,784000000
free cartoon porm,Informational,70,"0.00,0.00,0.00,0.33,1.00,0.00,0.00,0.00,0.00,0.00,0.00,0.00",52,0.00,0.00,,37900000
free cartoon sex porn,Informational,70,"1.00,0.55,0.78,0.78,0.78,0.55,0.55,0.78,0.78,0.55,0.55,0.33",53,0.00,0.00,,829000000
free download porn cartoon,Informational,70,"0.14,0.50,0.21,0.35,0.50,0.28,0.14,0.78,0.78,0.14,0.78,1.00",49,0.00,0.33,,218000000
free naked cartoons,Informational,70,"0.18,0.64,0.82,0.64,0.45,0.64,0.64,0.64,0.64,1.00,1.00,0.82",,0.00,0.00,,692000000
free online porn cartoons,"Informational, Commercial",70,"1.00,0.55,0.78,0.78,0.78,0.78,0.78,1.00,0.78,0.44,0.78,0.55",78,0.00,0.02,,322000000
free porn animations,Informational,70,"0.23,0.00,0.00,0.00,0.00,0.00,0.02,0.10,0.66,0.17,0.17,1.00",43,0.00,0.00,,150000000
free porn sex cartoon,"Informational, Transactional",70,"1.00,0.75,1.00,0.75,0.75,0.75,0.75,1.00,0.75,0.54,0.54,0.32",66,0.00,0.00,,823000000
free sex cartoon videos,Informational,70,"0.00,0.00,0.49,0.79,0.79,0.79,0.35,0.79,0.65,1.00,0.49,0.65",61,0.00,0.00,,1100000000
free sex porn cartoon,Informational,70,"1.00,0.73,1.00,0.73,0.73,0.73,0.73,1.00,0.73,0.53,0.53,0.33",68,0.00,0.00,People also ask,876000000
free sex video animation,Informational,70,"0.80,0.60,0.80,0.60,1.00,0.60,1.00,0.80,0.60,0.33,0.40,0.40",44,0.00,0.00,,1180000000
free xxx cartoon,Informational,70,"1.00,0.44,1.00,0.62,0.62,0.44,0.35,0.62,0.44,0.35,0.35,0.26",54,0.00,0.00,,194000000
freeporn cartoon,Informational,70,"0.17,0.12,0.53,1.00,0.05,0.02,0.02,0.07,0.00,0.02,0.05,0.02",63,0.00,0.00,,373000000
full length 3d porn,"Informational, Commercial",70,"0.22,0.56,0.56,0.78,0.78,0.78,1.00,0.56,0.78,0.78,0.78,0.78",35,0.00,0.00,,588000000
full porn cartoon,Informational,70,"0.00,0.03,0.00,0.00,0.03,0.00,0.03,0.43,0.81,0.21,0.28,1.00",39,0.00,0.00,,1030000000
funtari 3d,Informational,70,"0.00,0.50,0.50,0.00,0.00,0.00,1.00,1.00,0.00,0.00,0.50,0.50",29,0.00,0.00,,104000000
futa 3d xvideos,"Navigational, Transactional",70,"0.14,0.78,0.14,0.78,0.78,0.50,0.64,0.50,0.50,0.50,0.64,1.00",34,0.00,0.00,,367000000
futa porn sfm,Informational,70,"0.17,0.44,0.37,0.63,0.63,0.63,0.17,0.17,1.00,1.00,0.17,0.17",19,0.00,0.33,,32700000
futa porn tubes,Commercial,70,"0.00,0.00,0.20,0.60,0.60,0.60,0.20,1.00,0.60,0.60,0.40,0.40",38,0.00,0.00,,359000000
futa porn website,Commercial,70,"0.44,0.27,0.37,0.37,0.37,0.44,0.27,0.81,1.00,0.37,0.27,0.17",49,0.00,0.00,,307000000
futa pornhub com,"Navigational, Transactional",70,"1.00,1.00,0.40,1.00,0.11,0.11,0.11,0.11,0.11,0.00,0.00,0.00",43,0.00,0.33,,352000000
futa rule 35,"Informational, Navigational",70,"0.18,0.18,0.18,0.18,1.00,1.00,1.00,0.63,0.63,0.63,0.63,0.63",21,0.00,0.00,,45800000
futa sites,Commercial,70,"0.00,0.50,0.78,0.28,0.35,0.50,1.00,0.50,0.35,0.35,0.78,0.35",9,0.00,0.00,Sitelinks,337000000
futanari porn animated,Informational,70,"0.75,0.38,0.38,0.38,0.63,0.38,0.38,0.38,0.75,0.63,0.63,1.00",29,0.00,0.00,,116000000
futanari porn hd,Commercial,70,"1.00,0.78,0.56,0.44,0.78,0.44,0.78,0.78,0.78,0.78,0.78,0.78",50,0.00,0.00,,156000000
gay 3d porn anime,Commercial,70,"0.18,0.64,0.64,0.45,0.82,1.00,0.45,0.64,0.82,1.00,1.00,0.82",18,0.00,0.00,,150000000
gay anime porn 3d,Informational,70,"0.18,0.64,0.45,0.45,0.64,0.82,0.45,0.82,0.64,1.00,1.00,1.00",30,0.00,0.00,,160000000
gay porn 3d animation,Informational,70,"1.00,0.00,0.43,1.00,0.30,0.30,0.04,0.22,0.13,0.09,0.04,0.13",33,0.00,0.00,People also ask,279000000
gif porn cartoon,Commercial,70,"0.09,0.09,0.52,1.00,0.09,0.09,0.09,0.52,0.52,0.52,0.09,0.09",26,0.00,0.33,,216000000
goblin slayer porn gif,Informational,70,"1.00,0.27,1.00,0.00,0.00,0.00,0.81,0.63,1.00,1.00,1.00,1.00",0,0.00,0.00,,734000
good cgi porn,Commercial,70,"0.82,0.82,0.82,0.82,0.82,1.00,0.36,0.45,0.82,0.64,0.45,0.82",22,0.00,0.00,,16500000
gore porn gif,Commercial,70,"0.11,0.17,1.00,0.11,0.64,0.00,0.29,0.64,0.64,0.64,0.64,0.64",2,0.00,0.00,,338000
hd 3d animated porn,Informational,70,"1.00,0.78,0.78,0.55,0.78,0.78,0.78,0.55,0.78,0.78,1.00,0.22",54,0.00,0.00,,548000000
hd 3d animation porn,Informational,70,"0.82,0.64,0.45,0.45,0.64,0.64,0.64,0.45,1.00,0.64,0.82,0.18",50,0.00,0.00,,484000000
hd 3d anime porn,"Informational, Transactional",70,"0.81,0.64,0.64,0.45,0.64,0.64,0.64,0.45,0.64,0.64,1.00,0.17",40,0.00,0.00,,447000000
hd 3d porn animation,Informational,70,"1.00,0.78,0.33,0.55,0.78,0.78,0.78,0.55,0.78,0.78,1.00,0.22",52,0.00,0.00,,440000000
hentaisex 3d,Commercial,70,"0.35,0.35,0.50,1.00,0.63,0.50,0.50,0.50,0.50,0.50,0.35,0.50",61,0.00,0.00,,23100000
horror animated porn,Informational,70,"0.82,0.62,0.62,0.44,0.62,0.62,0.82,0.62,0.62,1.00,0.62,0.62",24,0.00,0.00,,66300000
hyper realistic animated porn,Informational,70,"0.67,0.47,0.80,0.47,0.80,0.47,0.33,0.47,0.47,0.67,0.67,1.00",19,0.00,0.00,,2870000
miku porn video,"Informational, Transactional",70,"1.00,1.00,0.17,0.17,0.17,0.17,1.00,1.00,1.00,0.81,0.62,1.00",26,0.00,0.00,,26700000
mmd porn videos,Informational,70,"0.18,0.44,0.62,0.00,0.82,0.62,0.82,0.82,0.82,0.82,1.00,0.62",51,0.00,0.00,,17600000
monster sex anime video,Informational,70,"0.82,0.82,0.82,0.64,1.00,0.64,0.36,0.64,0.64,0.64,0.64,0.64",12,0.00,0.00,,81900000
nsfw 3d animation,Informational,70,"0.64,0.64,0.11,0.11,0.11,1.00,0.64,0.11,0.11,0.52,0.82,0.41",22,0.00,0.01,Sitelinks,105000000
nude 3d porn,Informational,70,"1.00,0.52,0.52,0.52,1.00,1.00,0.74,0.74,0.74,0.74,0.52,0.74",20,0.00,0.00,,522000000
nude 3d sex,Informational,70,"0.35,0.50,0.78,1.00,0.50,0.35,0.50,0.50,0.35,0.50,0.64,0.50",17,0.00,0.00,,642000000
nude sex 3d,"Informational, Transactional",70,"0.45,0.63,0.63,1.00,0.63,0.45,0.81,0.63,0.45,0.63,0.81,0.63",17,0.00,0.00,,523000000
overwatch porn new,Informational,70,"1.00,0.74,0.74,0.74,0.74,0.52,0.52,0.74,0.74,0.52,0.74,0.74",26,0.00,0.00,,14700000
panimated porn,Commercial,70,"0.00,0.00,0.00,0.00,1.00,0.00,0.00,0.00,0.00,0.00,0.00,0.00",37,0.00,0.00,People also ask,1070000000
porecor,Informational,70,"0.00,0.00,0.00,0.00,0.00,0.00,1.00,0.00,0.00,0.00,0.43,0.00",13,1.64,0.23,"Sitelinks, Image, Video, People also ask",10000000
porn 3d compilation,"Informational, Navigational",70,"0.22,0.56,0.78,0.78,0.78,0.78,1.00,0.78,0.78,0.78,0.78,0.22",24,0.00,0.33,,833000000
porn 3d download,Informational,70,"1.00,0.79,1.00,0.79,0.56,0.79,0.79,1.00,1.00,0.79,0.79,0.56",7,0.00,0.00,,771000000
porn 3d futanari,Informational,70,"0.00,0.00,0.00,0.00,0.00,0.00,0.00,1.00,0.80,0.80,0.66,0.80",29,0.00,0.00,,520000000
porn animated futa,Informational,70,"1.00,0.44,0.78,0.55,0.78,0.55,0.55,1.00,0.78,0.78,0.78,0.55",23,0.00,0.00,,52500000
porn animated movies,Commercial,70,"0.00,0.00,0.00,0.00,0.00,0.00,0.00,1.00,0.00,0.00,0.00,0.28",25,0.00,0.00,,216000000
porn animatioms,"Informational, Transactional",70,"0.00,0.00,0.00,0.00,0.00,0.00,1.00,0.00,0.00,0.00,0.00,0.00",50,1.02,0.00,,1180000000
porn animation new,Informational,70,"0.29,0.20,1.00,0.06,0.06,0.06,0.06,0.06,0.06,0.29,0.80,0.14",26,0.00,0.33,,517000000
porn animation tube,"Informational, Commercial",70,"0.63,0.50,0.28,0.63,1.00,0.50,0.50,0.50,0.50,0.50,0.35,0.50",63,0.00,0.00,,210000000
porn animation websites,Informational,70,"1.00,0.50,0.79,0.35,0.64,0.35,0.35,0.50,0.50,0.50,0.79,0.64",67,0.00,0.00,"Sitelinks, People also ask",368000000
porn anime cartoons,"Informational, Commercial",70,"0.00,1.00,0.00,0.00,0.00,0.00,1.00,1.00,0.00,1.00,1.00,1.00",26,0.00,0.00,,95600000
porn blender,Informational,70,"0.81,0.45,0.81,0.81,0.62,1.00,0.62,0.62,0.62,0.26,0.26,0.17",20,0.00,0.33,Sitelinks,12600000
porn cartoon free download,"Informational, Commercial",70,"0.14,0.50,0.21,0.35,0.50,0.28,0.14,0.78,0.78,0.14,0.78,1.00",1,0.00,0.33,,555000000
porn cartoons hd,Informational,70,"0.00,0.00,0.00,0.00,0.00,0.00,0.00,1.00,0.00,0.00,0.00,0.00",46,0.00,0.00,,495000000
porn catoon,Informational,70,"0.00,0.00,0.00,0.00,0.25,0.00,0.50,0.00,0.00,0.00,1.00,0.00",33,0.00,0.00,,1430000000
porn futanari 3d,Informational,70,"0.64,0.35,0.64,0.64,0.64,0.35,0.50,0.64,0.50,0.50,0.64,1.00",34,0.00,0.00,,33600000
porn hd animation,Informational,70,"0.05,0.05,0.05,0.05,0.05,0.05,1.00,0.17,0.23,0.35,0.23,0.23",27,0.00,0.00,,432000000
porn hub 3d animated,Navigational,70,"0.54,1.00,0.64,0.39,0.21,0.39,0.21,0.29,0.39,0.54,0.29,0.54",32,0.00,0.00,Sitelinks,302000000
porn hub anime 3d,Navigational,70,"1.00,0.55,1.00,1.00,1.00,1.00,1.00,0.79,0.79,0.79,0.79,0.55",28,0.00,0.00,,216000000
porn hub3d,"Informational, Navigational",70,"0.14,0.14,0.14,0.14,0.14,1.00,0.64,0.50,0.64,0.78,0.78,0.64",14,0.00,0.00,,18200
porn hud anime,Navigational,70,"0.00,0.00,1.00,0.03,0.53,0.81,0.21,0.03,0.00,0.00,0.00,0.00",54,0.00,0.00,,54600000
porn monster 3d,Informational,70,"1.00,0.54,0.75,1.00,1.00,0.54,0.75,0.75,0.75,0.75,0.54,0.75",27,0.00,0.00,,227000000
pornanimations,Informational,70,"0.10,0.33,0.33,0.33,0.33,0.00,0.33,0.10,0.33,0.33,0.10,1.00",30,0.00,0.33,,517000
porncore porn,Commercial,70,"0.63,1.00,0.63,0.11,0.11,0.11,0.11,1.00,0.11,0.11,0.11,0.11",21,0.00,0.33,Sitelinks,870000
pornd dude,Navigational,70,"0.64,0.11,1.00,0.23,0.23,0.11,0.23,0.64,0.11,0.41,0.11,0.23",86,0.00,0.33,Sitelinks,27700000
porndude cim,"Navigational, Commercial",70,"0.23,0.23,0.23,0.19,0.00,0.19,1.00,0.66,0.80,0.23,0.33,0.09",77,0.00,0.00,Sitelinks,68000000
porndude.c9m,"Navigational, Commercial",70,"0.14,0.09,0.52,0.14,0.09,0.04,0.04,0.33,0.09,1.00,0.33,0.09",71,0.00,0.33,"Sitelinks, People also ask",42200000
porndude.fom,Navigational,70,"0.01,1.00,0.00,0.00,0.00,0.00,0.01,0.00,0.00,0.01,0.01,0.00",88,0.00,0.00,Sitelinks,44600000
porndude3d,Navigational,70,"0.09,0.09,0.09,0.09,0.09,0.09,0.52,0.52,0.52,0.52,1.00,0.66",26,0.00,0.00,Sitelinks,696
pornhub anime 3d,"Navigational, Transactional",70,"1.00,0.78,0.78,0.78,0.56,0.56,0.78,0.78,0.78,0.78,0.78,0.56",31,0.00,0.00,,82100000
pornhub com animation,"Navigational, Transactional",70,"0.64,0.50,0.64,0.64,0.64,0.64,0.64,1.00,0.64,0.21,0.06,0.06",43,0.00,0.00,,149000000
porni 3d,Informational,70,"0.50,0.00,0.50,0.50,0.50,0.00,0.00,0.50,0.50,1.00,0.50,0.50",70,0.00,0.00,,10200000
pornocartoon,Informational,70,"0.67,0.67,0.33,0.33,0.67,1.00,0.33,0.67,0.33,1.00,0.67,0.33",44,0.00,0.01,,752000
pornos cartoon,Informational,70,"1.00,0.00,0.00,0.00,0.08,0.00,0.00,0.00,0.00,0.00,0.00,0.00",66,0.00,0.00,,82800000
porrn cartoon,Informational,70,"0.43,0.61,0.61,0.61,0.61,1.00,0.61,0.61,0.43,0.36,0.61,0.61",58,0.00,0.00,,1910000
pov porn animation,Commercial,70,"0.81,0.45,0.81,0.81,0.64,1.00,0.81,0.64,0.81,0.81,0.64,1.00",22,0.00,0.00,,190000000
prn animation,Informational,70,"0.56,0.56,0.56,1.00,1.00,0.78,0.78,1.00,1.00,1.00,1.00,0.78",56,0.00,0.00,,35100000
r34 3d porn,Informational,70,"0.13,0.28,0.50,0.50,0.63,0.35,0.13,0.78,0.63,0.63,0.63,1.00",13,0.00,0.00,,93700000
rapunzel porn video,Informational,70,"0.82,0.45,0.45,0.45,0.64,0.64,0.45,0.64,1.00,1.00,0.64,0.82",22,0.00,0.00,,5770000
rapunzel porn videos,"Informational, Transactional",70,"0.81,0.45,0.45,0.45,0.64,0.64,0.45,0.64,1.00,1.00,0.64,0.81",22,0.00,0.00,,4310000
real 3d porn videos,Informational,70,"1.00,0.55,0.78,0.55,1.00,1.00,0.78,0.78,0.55,0.78,0.78,0.78",19,0.00,0.00,,1190000000
realistic 3d animation porn,Informational,70,"1.00,0.63,0.63,0.63,0.44,0.63,0.63,0.44,0.63,0.44,0.81,0.44",24,0.00,0.00,,71600000
realistic 3d anime porn,Informational,70,"0.64,0.49,0.49,0.49,0.64,0.36,0.49,0.49,0.49,0.64,0.49,1.00",23,0.00,0.00,,77600000
realistic 3d futanari,Informational,70,"1.00,1.00,1.00,1.00,1.00,0.56,1.00,1.00,1.00,1.00,1.00,1.00",19,0.00,0.00,People also ask,19000000
realistic 3d porn videos,Informational,70,"1.00,0.55,0.44,0.44,1.00,0.55,0.78,0.78,0.78,0.78,1.00,0.78",23,0.00,0.00,,44500000
realistic cgi porn,Informational,70,"0.81,0.45,0.62,0.62,0.45,1.00,0.62,0.81,0.62,0.62,0.62,0.45",19,0.00,0.00,,2310000
realistic drawn porn,Informational,70,"0.81,0.64,0.45,1.00,0.81,0.45,0.64,0.64,0.64,0.64,0.64,0.64",17,0.00,0.00,,76800000
realistic sfm porn,Informational,70,"0.64,0.36,0.50,0.36,0.50,0.50,0.50,0.36,0.14,0.14,0.79,1.00",17,0.00,0.33,,1680000
rule34 3d porn,Informational,70,"0.00,0.00,0.00,0.35,1.00,0.00,0.65,0.00,1.00,0.00,0.00,0.35",13,0.00,0.00,,326000000
rule343d,Informational,70,"1.00,0.56,1.00,0.79,0.79,0.56,0.56,1.00,1.00,1.00,0.79,0.79",,0.00,0.00,People also ask,3450000
sex 3d 34,Commercial,70,"0.53,1.00,0.42,0.07,0.42,0.07,0.07,0.07,0.07,0.07,0.07,0.07",14,0.00,0.33,,797000000
sex cartoon animated,Informational,70,"0.00,0.00,0.00,0.02,1.00,0.00,0.00,0.00,0.00,0.00,0.09,0.12",33,0.00,0.00,,326000000
sex cartoon movie,Informational,70,"0.00,0.00,0.00,0.00,1.00,0.00,0.00,0.00,0.00,0.00,0.01,0.00",14,0.00,0.00,,1200000000
sex com 3d,Informational,70,"1.00,0.78,0.55,0.22,0.78,0.78,0.55,0.78,0.55,0.55,0.78,0.44",57,0.00,0.00,,1640000000
sex movies animated,Informational,70,"0.82,0.64,0.27,0.64,1.00,0.64,1.00,1.00,0.18,0.18,0.64,0.64",16,0.00,0.00,Sitelinks,650000000
sex porn animation,Informational,70,"0.00,0.00,0.00,0.00,0.00,0.00,0.80,1.00,0.52,0.42,0.42,0.80",32,0.00,0.00,,802000000
sex انیمیشن,"Informational, Commercial",70,"0.82,1.00,0.64,1.00,0.64,0.18,1.00,0.18,0.18,0.18,0.18,0.18",17,0.00,0.33,,3320000000
sexiest 3d porn,Informational,70,"0.00,0.00,0.78,0.28,0.28,0.64,1.00,0.64,1.00,0.64,0.28,0.35",22,0.00,0.00,,125000000
sfm porb,Commercial,70,"1.00,0.79,0.79,0.79,0.55,0.79,0.79,0.79,0.55,0.45,0.55,0.45",53,0.00,0.33,,4120000
sfm porn animation,Commercial,70,"0.41,0.21,0.31,0.21,0.14,0.21,1.00,0.17,0.14,0.17,0.21,1.00",17,0.00,0.33,,19100000
sfmcompile porn,"Informational, Transactional",70,"0.78,1.00,0.56,0.78,1.00,0.78,0.78,0.78,0.78,0.78,0.78,0.78",14,0.00,0.33,,404000
strange porn gif,Informational,70,"1.00,0.73,0.73,0.73,0.73,0.53,0.40,0.53,0.73,1.00,0.53,0.53",8,0.00,0.00,,12600000
the best animated porn,Commercial,70,"1.00,0.56,0.56,0.56,1.00,0.56,0.79,0.79,0.79,0.79,1.00,0.56",35,0.00,0.00,,591000000
the best porn animation,Commercial,70,"0.81,0.64,0.45,0.64,0.81,1.00,0.64,0.64,0.64,0.64,0.64,1.00",37,0.00,0.00,People also ask,143000000
the[orndude,Commercial,70,"0.42,0.34,0.34,0.00,0.00,0.00,0.03,0.00,0.00,0.80,1.00,1.00",12,0.00,0.00,Sitelinks,3430
toonsex free,Informational,70,"0.66,0.66,0.29,0.00,0.00,0.00,0.66,0.49,0.80,1.00,0.80,1.00",52,0.00,0.02,,775000
top 3d porn,Commercial,70,"0.42,0.50,0.75,0.75,0.75,0.75,1.00,1.00,0.75,0.75,0.75,0.75",47,0.00,0.00,,1600000000
top animated porn sites,Commercial,70,"0.13,0.13,0.13,0.78,0.13,0.13,0.13,0.78,0.78,0.78,1.00,0.50",48,0.00,0.00,,477000000
top porn animation,Commercial,70,"0.64,0.35,0.35,0.50,0.50,0.14,0.14,1.00,0.35,0.50,0.14,0.14",48,0.00,0.33,People also ask,540000000
top porndude,Navigational,70,"0.64,0.35,0.14,0.78,0.14,0.14,0.14,0.78,0.14,0.78,0.78,1.00",74,0.00,0.33,Sitelinks,48600000
twitter porn animations,Navigational,70,"0.14,0.14,0.14,0.78,0.14,0.78,0.78,0.78,0.78,0.14,0.14,1.00",30,0.00,0.33,,22700000
ultra realistic animated porn,Informational,70,"1.00,0.78,0.44,0.55,0.78,0.55,0.55,0.78,0.78,0.78,0.55,0.22",14,0.00,0.00,,1950000
video sex 3d,Informational,70,"0.00,0.00,0.00,0.00,1.00,0.00,0.00,1.00,0.00,0.00,0.00,0.00",53,0.00,0.00,,1430000000
watch 3d porn,Informational,70,"0.65,0.12,0.12,0.12,1.00,1.00,0.65,0.12,0.12,0.12,1.00,0.12",67,0.00,0.33,,798000000
watch animated sex,Informational,70,"1.00,0.78,0.33,0.78,0.78,0.78,0.55,1.00,0.78,1.00,0.55,0.78",70,0.00,0.00,,880000000
watch cartoonporn,Informational,70,"0.81,0.62,0.26,0.62,0.62,0.62,0.45,0.81,0.81,1.00,1.00,0.62",54,0.00,0.00,,23700000
watch porn cartoons,Informational,70,"0.64,0.49,0.21,0.64,0.36,0.49,0.36,0.64,1.00,0.79,0.28,0.36",55,0.00,0.00,,765000000
watching 3d porn,Informational,70,"1.00,0.18,0.18,0.18,1.00,1.00,1.00,0.18,0.18,0.18,1.00,0.18",67,0.00,0.33,,1170000000
wild 3d porn,"Informational, Transactional",70,"0.82,0.45,0.64,0.82,0.64,0.82,0.82,1.00,0.64,0.82,0.64,0.64",17,0.00,0.00,,404000000
www com phonerotica,Navigational,70,"1.00,0.79,0.45,1.00,1.00,0.79,0.79,0.55,0.79,0.55,0.55,0.79",28,0.00,0.00,Sitelinks,491000
x video 3d,Navigational,70,"0.00,0.00,0.64,0.82,0.82,0.52,0.52,1.00,0.52,0.41,0.00,0.41",41,2.16,0.02,Sitelinks,2650000000
xnxx carton 3d,"Navigational, Transactional",70,"0.81,0.62,0.81,0.81,1.00,0.62,0.62,0.62,0.62,0.62,0.62,0.36",23,0.00,0.00,Sitelinks,20300000
xnxx com 3d,"Navigational, Transactional",70,"0.82,0.62,0.62,0.44,1.00,0.62,0.44,0.44,0.44,0.44,0.18,0.18",23,0.00,0.33,,503000000
xxx porn dude,Navigational,70,"0.50,0.06,0.50,0.50,0.79,0.50,1.00,0.50,0.50,0.21,1.00,0.06",60,0.00,0.00,Sitelinks,526000000
zombie porn gifs,Informational,70,"0.81,1.00,0.81,0.63,0.63,0.18,0.18,0.18,0.18,1.00,1.00,0.18",9,0.00,0.33,,6830000
سكس أنمي كرتون,Informational,70,"0.45,0.64,0.64,0.45,0.64,1.00,0.36,0.45,0.64,0.81,0.45,0.64",43,0.00,0.00,People also ask,15600000
سكس انمي 3d,Informational,70,"0.81,0.64,0.64,0.64,0.64,0.81,0.64,0.81,0.64,1.00,0.45,0.36",43,0.00,0.00,,34500000
سكس كرتون متحركه,Informational,70,"0.81,0.63,0.63,0.45,0.45,0.63,0.81,1.00,0.81,0.45,0.45,0.36",29,0.00,0.00,,5980000
متحركة سكس,Informational,70,"0.63,0.50,0.21,0.63,0.50,1.00,0.50,0.63,0.50,0.50,0.35,0.50",24,0.00,0.00,,36400000
هنتاي 3d,Commercial,70,"1.00,0.40,0.40,0.40,0.40,0.40,0.40,0.60,0.60,0.40,0.40,0.60",40,0.00,0.00,,15500000
2025 3d porn,Transactional,50,"1.00,0.18,1.00,1.00,0.18,0.18,0.18,1.00,0.18,0.18,0.18,0.18",26,0.00,0.33,,1480000000
3-d porn,Informational,50,"0.00,1.00,0.00,0.00,0.00,0.00,0.00,0.00,0.00,0.00,0.00,0.00",69,0.00,0.00,,2830000000
34 3d porn,Informational,50,"0.06,0.06,1.00,0.06,0.34,0.06,0.06,0.06,0.06,0.06,0.06,0.06",11,0.00,0.33,,495000000
3b porn,Informational,50,"0.18,0.64,0.82,0.64,1.00,0.64,0.45,0.18,0.18,0.18,0.18,0.18",17,0.00,0.33,,17400000
3d ai futa,Commercial,50,"0.11,0.11,0.11,0.64,0.11,0.11,0.11,0.64,0.11,1.00,0.64,0.82",19,0.00,0.33,,356000000
3d animated erotica,Informational,50,"0.17,0.17,1.00,1.00,0.17,1.00,1.00,0.17,0.17,0.17,0.17,0.17",45,0.00,0.33,,182000000
3d animated sex gifs,Informational,50,"0.00,0.27,0.27,0.27,0.27,0.09,0.27,0.45,0.81,0.81,0.81,1.00",27,0.00,0.00,,
3d animation anal,Informational,50,"0.00,0.00,1.00,0.45,0.64,0.45,0.82,0.64,0.45,0.45,0.09,0.27",16,0.00,0.00,,210000000
3d animation bdsm,Informational,50,"0.18,0.18,1.00,0.81,0.81,0.63,0.63,0.45,0.63,0.45,0.18,0.18",17,0.00,0.33,,114000000
3d animation erotic,Informational,50,"0.17,0.17,1.00,1.00,0.17,1.00,1.00,0.17,0.17,0.17,0.17,0.17",43,0.00,0.33,,106000000
3d animation porn compilation,"Informational, Transactional",50,"0.11,0.11,0.11,0.11,0.11,0.11,0.11,0.64,1.00,0.64,0.11,0.11",16,0.00,0.33,,204000000
3d animation porn games,Commercial,50,"0.00,0.00,1.00,0.00,0.33,0.00,0.33,0.33,0.00,1.00,0.33,0.33",50,0.00,0.00,People also ask,235000000
3d animation porn sites,Commercial,50,"0.10,0.10,0.10,0.10,0.10,0.10,0.14,0.14,1.00,0.52,0.52,0.10",54,0.00,0.33,,476000000
3d animation sex video,Informational,50,"0.00,0.00,0.50,1.00,0.35,0.21,0.35,0.35,1.00,0.21,0.50,0.50",49,0.00,0.00,,580000000
3d anime bdsm,Informational,50,"1.00,0.79,0.56,0.44,0.33,0.44,0.56,0.56,0.79,0.56,0.21,0.21",16,0.00,0.33,,138000000
3d anime bondage,Informational,50,"0.21,0.79,0.56,0.56,1.00,0.56,0.56,1.00,0.79,0.56,1.00,1.00",17,0.00,0.00,,25900000
3d anime erotic,Informational,50,"0.18,0.18,1.00,1.00,0.18,1.00,1.00,0.18,0.18,0.18,0.18,0.18",44,0.00,0.33,,464000000
3d anime porn game,"Informational, Commercial",50,"1.00,0.71,0.71,0.71,0.41,1.00,1.00,1.00,1.00,0.71,0.59,0.29",52,0.00,0.00,,240000000
3d anime porn tube,Commercial,50,"0.00,1.00,0.00,0.18,0.18,0.64,1.00,0.82,0.64,0.82,0.00,0.00",51,0.00,0.00,,84900000
3d anime porntube,Informational,50,"0.18,1.00,0.18,0.18,0.18,0.64,1.00,0.64,0.64,0.64,0.64,0.45",53,0.00,0.00,People also ask,97100000
3d cartoon adult,Informational,50,"0.11,0.06,0.11,0.17,1.00,0.11,0.11,0.51,0.17,0.40,0.29,0.29",27,0.00,0.00,,494000000
3d cartoon futanari,"Informational, Transactional",50,"0.00,0.00,0.50,0.64,1.00,0.28,0.64,0.50,0.35,0.21,0.35,0.35",29,0.00,0.00,,80900000
3d cartoon game porn,Commercial,50,"0.14,0.14,0.14,0.14,0.78,0.78,0.78,0.14,0.50,0.14,0.14,1.00",26,0.00,0.33,,102000000
3d erotic animation,Transactional,50,"0.18,0.18,1.00,1.00,0.18,1.00,1.00,0.18,0.18,0.18,0.18,0.18",58,0.00,0.33,,174000000
3d erotic anime,Informational,50,"0.17,0.17,1.00,1.00,0.17,1.00,1.00,0.17,0.17,0.17,0.17,0.17",59,0.00,0.33,,225000000
3d erotic cartoons,Informational,50,"0.17,1.00,0.62,0.62,0.62,0.81,0.45,0.45,0.26,0.62,0.45,0.45",55,0.00,0.00,,212000000
3d force sex,Informational,50,"1.00,0.55,0.78,0.55,0.78,0.44,1.00,0.55,0.55,0.22,0.22,0.22",2,0.00,0.33,,168000000
3d futa animations,Informational,50,"0.22,1.00,0.78,0.22,0.00,0.33,1.00,0.78,1.00,0.44,0.56,0.33",29,0.00,0.00,,54300000
3d futa cartoon,"Informational, Commercial",50,"0.44,0.78,0.55,1.00,0.78,0.55,1.00,0.00,0.44,0.33,0.55,0.22",24,0.00,0.00,,64600000
3d futa pron,Informational,50,"0.18,1.00,1.00,1.00,0.18,0.18,1.00,0.18,0.18,0.18,0.18,0.18",23,0.00,0.33,,76000000
3d futana,Informational,50,"0.00,0.00,0.00,0.00,0.00,0.00,0.00,0.00,0.00,0.00,0.00,0.00",29,0.00,0.00,,448000000
3d hd porn videos,Commercial,50,"1.00,0.76,0.76,0.44,0.76,0.76,0.21,0.21,0.21,0.32,0.21,0.21",58,0.00,0.33,,1190000000
3d hentai monster porn,Informational,50,"0.14,0.21,0.65,0.65,0.21,1.00,0.79,0.49,0.07,0.00,0.35,0.14",26,0.00,0.00,,77300000
3d hentai porn sites,Commercial,50,"0.00,0.33,0.33,0.33,0.22,0.22,0.55,1.00,1.00,1.00,1.00,0.55",50,0.00,0.00,,164000000
3d hentay,Commercial,50,"0.17,0.17,0.17,1.00,1.00,0.17,0.17,0.17,1.00,0.83,0.17,0.67",37,0.00,0.33,,43900000
3d monster porn hub,Navigational,50,"0.28,1.00,1.00,1.00,1.00,1.00,1.00,0.70,0.70,1.00,0.28,0.28",32,0.00,0.33,Sitelinks,200000000
3d nude cartoon,Informational,50,"0.00,0.00,1.00,0.43,0.00,0.00,0.82,0.61,1.00,0.43,0.61,0.43",37,0.00,0.00,,274000000
3d porn advertisement,Informational,50,"1.00,0.70,0.30,0.50,0.70,0.20,0.70,0.50,0.70,0.70,0.50,0.50",19,0.00,0.00,"Sitelinks, People also ask",776000000
3d porn animals,Informational,50,"1.00,0.78,0.55,0.55,0.78,0.00,0.78,0.55,0.22,0.22,0.22,0.22",4,0.00,0.33,,80700000
3d porn animation videos,Informational,50,"0.00,0.83,0.00,0.33,0.00,0.28,1.00,0.83,0.00,0.44,0.61,0.83",44,0.00,0.00,,273000000
3d porn babes,"Informational, Transactional",50,"1.00,0.75,0.43,0.75,0.54,0.43,0.21,1.00,0.21,0.21,0.21,0.21",16,0.00,0.33,,519000000
3d porn series,Informational,50,"0.82,1.00,0.82,1.00,0.18,0.18,0.18,0.18,0.18,0.18,0.18,0.18",57,0.00,0.33,,586000000
3d porn story,Informational,50,"0.00,0.05,0.05,0.05,0.19,0.05,0.10,1.00,1.00,0.33,0.33,0.10",24,0.00,0.00,,406000000
3d porn tgp,Informational,50,"0.17,0.17,0.17,0.17,0.17,0.17,0.17,0.17,1.00,1.00,1.00,0.17",2,0.00,0.33,,33300000
3d porn.com,Informational,50,"0.63,0.47,0.47,0.00,0.00,0.00,0.00,0.00,0.00,1.00,1.00,0.00",59,0.00,0.00,,1270000000
3d pornoları,"Informational, Transactional",50,"0.00,0.00,0.00,0.00,0.00,0.00,0.25,0.25,1.00,0.63,0.63,0.63",39,0.00,0.00,,1140000000
3d pron cartoon,Informational,50,"0.32,0.47,0.47,0.47,0.47,0.47,0.32,0.00,0.47,0.11,0.79,1.00",65,0.00,0.33,,130000000
3d r34 videos,"Informational, Transactional",50,"0.14,1.00,0.14,0.28,0.64,0.14,0.14,0.14,1.00,0.14,0.14,0.14",8,0.00,0.33,,101000000
3d weird porn,Informational,50,"0.28,1.00,0.70,1.00,1.00,0.70,0.70,1.00,0.70,0.28,0.28,0.28",10,0.00,0.33,,33800000
3d xxxhd,Commercial,50,"1.00,0.78,0.33,0.78,0.78,0.44,0.55,0.33,0.33,0.55,0.33,0.22",13,0.00,0.33,,46500000
3d 色情动画,Informational,50,"0.64,0.50,0.50,0.00,0.50,1.00,0.00,0.00,0.00,0.78,0.50,0.64",37,0.00,0.00,,38800000
3dcomic porn,Informational,50,"0.10,0.12,0.05,0.05,0.05,0.07,1.00,0.05,0.05,0.07,0.07,0.17",44,0.00,0.00,,196000000
3dlsite com,"Informational, Commercial",50,"1.00,0.36,0.36,0.64,0.45,0.00,0.81,0.64,0.64,0.36,0.17,0.00",9,0.00,0.00,Sitelinks,11500
3dporn com,Commercial,50,"0.00,0.00,0.29,1.00,1.00,0.00,0.00,0.00,0.65,0.23,0.23,0.29",44,0.00,0.00,,66900000
3dporn.com,Informational,50,"0.65,0.49,0.65,0.00,0.00,0.00,0.00,0.49,0.00,1.00,1.00,1.00",54,0.00,0.00,,33500000
3dsex video,Informational,50,"0.00,0.00,0.00,0.00,0.00,0.00,0.00,1.00,0.00,0.00,0.00,0.00",32,0.00,0.00,,22000000
3dtoon porn,Informational,50,"0.00,0.00,0.00,1.00,0.80,0.60,0.80,0.00,0.80,0.00,0.00,0.00",37,0.00,0.00,,45100000
3dxxx cartoon,Informational,50,"0.57,0.71,1.00,0.57,0.00,0.00,0.00,0.00,0.00,0.00,0.00,0.43",32,0.00,0.00,,5780000
3dxxx hd,Commercial,50,"1.00,0.64,0.45,0.64,0.64,0.36,0.45,0.27,0.27,0.45,0.27,0.18",14,0.00,0.33,,3000000
3d动画 av,Informational,50,"0.14,0.14,1.00,0.28,0.14,0.14,0.28,0.64,0.78,0.14,0.14,0.14",26,0.00,0.33,,97800000
4k 3d porn videos,Informational,50,"0.82,0.45,0.82,1.00,1.00,0.45,0.18,0.18,0.18,0.18,0.18,0.18",15,0.00,0.00,,568000000
4k porn animated,Informational,50,"0.11,1.00,0.11,0.11,0.82,0.82,0.11,0.11,0.11,0.11,0.11,0.11",16,0.00,0.33,,436000000
86 anime porn,"Informational, Transactional",50,"1.00,0.17,0.17,1.00,0.17,0.17,1.00,1.00,0.17,0.17,0.17,0.17",16,0.00,0.33,People also ask,70400000
adult 3d animation,Informational,50,"0.71,1.00,0.57,0.71,1.00,0.71,1.00,0.71,0.57,0.71,0.57,0.57",26,0.00,0.00,Sitelinks,454000000
adult 3d cartoons,Informational,50,"0.44,0.00,0.08,0.17,0.08,0.63,1.00,0.81,0.17,0.63,0.81,0.63",31,0.00,0.00,,23400000
adult 3d video,Informational,50,"0.00,0.00,1.00,0.81,1.00,0.37,0.44,0.37,0.37,0.44,0.63,1.00",35,0.00,0.00,Sitelinks,273000000
adult porn toons,Informational,50,"0.00,0.00,1.00,0.63,0.63,0.36,0.81,0.45,0.63,0.27,0.36,0.18",57,0.00,0.02,,68600000
alice in wonderland porn gif,Informational,50,"0.00,1.00,1.00,0.14,1.00,0.14,1.00,1.00,1.00,1.00,1.00,1.00",0,0.00,0.00,,893000
alien belly expansion porn,Informational,50,"0.52,1.00,0.09,0.52,0.09,0.09,0.09,0.09,0.09,0.09,0.09,0.66",9,0.00,0.33,,1910000
aminated porn,"Informational, Transactional",50,"0.00,0.00,0.00,0.00,1.00,0.00,0.00,0.14,0.29,0.14,0.43,0.00",34,4.43,0.10,,148000000
anamated porn,Informational,50,"0.00,0.00,1.00,0.00,0.00,0.00,0.00,0.00,0.00,0.00,0.00,0.00",36,0.00,0.00,,1610000000
aniamted sex,Informational,50,"0.00,0.00,0.00,0.00,0.00,0.00,0.00,0.00,1.00,0.00,0.00,0.00",30,0.00,0.00,People also ask,2340000000
animaition sex,Informational,50,"0.00,0.00,0.00,0.00,0.00,0.00,0.00,0.00,0.00,1.00,0.00,0.00",25,0.00,0.00,,1470000000
animaiton porn,Informational,50,"0.00,0.00,0.00,0.00,0.23,0.00,0.00,0.00,0.01,1.00,0.00,0.00",49,0.00,0.00,,1010000000
animated 3d porn tube,Commercial,50,"0.18,1.00,0.18,0.18,0.18,0.64,1.00,0.64,0.64,0.18,0.64,0.45",45,0.00,0.00,,41300000
animated free sex,Informational,50,"0.09,0.09,0.09,0.09,0.09,0.09,0.09,0.09,0.45,0.64,1.00,0.73",39,0.00,0.00,,711000000
animated pkrn,Informational,50,"0.14,0.14,0.14,0.14,0.14,1.00,0.64,0.64,0.78,0.64,0.50,0.50",52,0.00,0.00,,703000
animated por.,Informational,50,"0.00,0.00,0.00,0.00,0.00,0.00,0.00,0.00,0.00,0.00,0.38,1.00",57,0.00,0.00,,576000000
animated porn x,"Informational, Transactional",50,"0.09,0.09,0.09,0.09,0.36,0.18,0.63,0.81,0.09,1.00,1.00,0.18",,0.00,0.33,,589000000
animated pornhub com,"Navigational, Transactional",50,"0.64,0.45,0.64,0.64,0.64,0.81,0.45,1.00,0.64,0.00,0.00,0.00",37,0.00,0.00,Sitelinks,36900000
animated sx,Informational,50,"0.00,0.00,0.00,0.06,0.00,0.00,1.00,0.00,0.00,0.00,0.00,0.00",28,0.00,0.00,,353000000
animated video porn,"Informational, Transactional",50,"0.00,0.00,0.00,1.00,0.00,0.00,0.00,0.00,0.20,0.00,0.00,0.20",37,0.00,0.00,,874000000
animation 3d porn tube,Transactional,50,"0.18,1.00,1.00,0.18,1.00,0.18,0.18,1.00,0.18,0.18,0.18,0.18",46,0.00,0.33,,126000000
animation game porn,"Informational, Transactional",50,"0.00,1.00,0.15,0.08,0.08,0.08,0.00,0.00,0.15,0.00,0.00,0.00",23,0.00,0.00,,362000000
animation oirn,Informational,50,"0.56,0.56,0.33,0.56,0.78,1.00,0.78,0.56,0.78,0.22,0.56,0.56",52,0.00,0.00,,797000
animation pprn,"Informational, Transactional",50,"0.17,0.17,0.17,0.17,0.17,0.17,0.17,0.17,0.81,1.00,1.00,0.81",43,0.00,0.00,,3340000
animation sex rule 34,"Informational, Transactional",50,"0.64,0.14,0.14,0.50,0.14,1.00,0.14,0.64,0.78,0.14,0.14,0.14",20,0.00,0.33,People also ask,206000000
animations xxx,Informational,50,"0.00,0.00,1.00,0.10,0.05,0.02,0.17,0.05,0.00,0.17,0.17,0.10",34,0.00,0.00,,2270000000
animatuon porn,Informational,50,"0.00,0.00,0.00,0.01,0.00,0.00,0.00,1.00,0.00,0.00,0.00,0.00",41,4.43,0.10,,1020000000
anime porn ads,Informational,50,"0.21,0.79,0.56,0.56,0.79,0.56,0.79,1.00,0.79,0.79,0.79,0.79",19,0.00,0.00,"Sitelinks, People also ask",172000000
anime porn online free,Informational,50,"0.13,0.13,0.13,0.13,0.75,0.13,0.13,0.13,0.13,0.13,0.75,1.00",73,0.00,0.33,,
anumated sex,Informational,50,"0.01,0.03,0.00,0.00,1.00,0.00,0.00,0.00,0.00,0.00,0.00,0.00",29,0.00,0.00,,2870000000
bdsm anime 3d,Informational,50,"1.00,0.56,0.78,0.78,0.78,0.78,0.56,0.56,0.78,0.56,0.22,0.22",,0.00,0.33,,43700000
best 3d hentai sites,Commercial,50,"0.70,0.70,1.00,1.00,0.70,1.00,1.00,0.70,0.70,1.00,0.42,0.70",46,0.00,0.00,Sitelinks,216000000
best 3d porn animation,Commercial,50,"0.00,1.00,0.64,0.09,1.00,0.00,0.00,0.64,0.45,0.45,0.45,0.36",27,0.00,0.00,,511000000
best 3d porn artist,Commercial,50,"0.36,0.18,1.00,0.18,0.18,0.18,0.18,1.00,0.18,0.18,0.18,0.18",20,0.00,0.33,Sitelinks,64700000
best 3d porn films,Commercial,50,"1.00,0.55,0.33,0.78,0.78,0.55,0.55,0.55,0.55,0.78,0.55,0.55",14,0.00,0.00,,276000000
best animation porn movie,Commercial,50,"1.00,0.55,0.33,0.55,0.11,0.78,0.78,0.78,0.78,0.78,0.55,0.78",26,0.00,0.00,,888000000
best animation porn sites,Commercial,50,"0.14,0.07,0.07,0.14,0.14,0.29,0.21,0.50,1.00,0.64,0.79,0.79",47,0.00,0.00,Sitelinks,469000000
best free 3d porn sites,Commercial,50,"0.12,0.12,0.12,0.12,0.12,0.12,0.28,0.16,0.65,0.65,1.00,0.40",56,0.00,0.33,Sitelinks,1250000000
best futa sites,Commercial,50,"0.36,0.81,0.36,0.81,0.36,0.45,0.26,0.26,0.45,1.00,0.17,0.45",6,0.00,0.00,Sitelinks,182
cartoin porn,Informational,50,"0.06,0.07,0.02,0.02,0.02,0.04,0.02,0.02,0.00,0.06,1.00,0.02",39,0.00,0.00,,342000000
carton 3d porn,Informational,50,"0.00,0.00,0.00,0.00,0.00,0.00,1.00,0.00,0.00,0.00,0.01,0.18",59,0.00,0.00,,843000000
carton porno,Informational,50,"0.00,0.00,0.00,0.06,0.33,0.61,0.61,0.61,0.61,0.44,1.00,1.00",51,0.00,0.00,,845000000
cartoon adult video,Commercial,50,"0.18,0.18,0.09,0.00,0.00,0.09,0.00,1.00,1.00,0.81,1.00,1.00",30,0.00,0.00,,216000000
cartoon animation pron,Informational,50,"0.64,1.00,0.11,0.11,0.11,0.11,0.11,0.11,0.11,0.11,0.11,0.11",29,0.00,0.33,,76100000
cartoon hd free porn,Informational,50,"1.00,0.55,0.33,1.00,0.78,0.44,0.55,0.55,0.44,0.55,0.55,0.22",50,0.00,0.00,,1930000000
cartoon hd porn free,Informational,50,"1.00,0.55,0.33,1.00,0.78,0.44,0.55,0.55,0.44,0.55,0.55,0.22",33,0.00,0.00,,858000000
cartoon hentai videos,Informational,50,"1.00,0.56,0.44,1.00,1.00,0.79,0.56,0.56,0.33,0.33,0.79,0.44",68,0.00,0.00,,327000000
cartoon oirn,Informational,50,"0.70,0.70,0.56,0.70,0.70,0.56,1.00,0.70,1.00,1.00,1.00,1.00",70,0.00,0.00,,117
cartoon painal,Informational,50,"0.55,1.00,0.78,0.78,0.78,0.55,0.78,0.55,0.22,0.22,0.22,0.22",19,0.00,0.33,People also ask,4700000
cartoon porn anime,Informational,50,"1.00,0.00,0.00,0.00,0.00,0.00,0.00,0.00,0.00,0.00,0.00,0.00",44,0.00,0.00,,54800000
cartoon porn new,Informational,50,"0.00,0.25,0.25,1.00,0.75,0.75,0.50,0.50,0.75,0.50,0.75,0.25",51,0.00,0.00,,1400000000
cartoon sex 3d,Informational,50,"0.00,0.00,0.00,0.50,1.00,0.78,0.78,0.50,0.50,0.28,0.78,0.78",35,0.00,0.00,,339000000
cartoon sextape,Informational,50,"0.56,0.56,0.33,0.78,0.56,0.78,0.78,0.56,1.00,0.33,0.44,1.00",46,0.00,0.00,,261000000
cartoons and porn,"Informational, Transactional",50,"0.31,1.00,0.38,0.00,0.00,0.00,0.00,0.00,0.00,0.00,0.00,0.00",62,0.00,0.00,,103000000
catoon sec,Informational,50,"0.00,0.00,0.00,0.00,1.00,0.00,0.00,0.00,0.00,0.00,0.00,0.00",60,0.00,0.00,,411000000
cgi animated porn,Informational,50,"1.00,0.50,0.75,0.75,0.50,0.75,0.75,0.75,0.75,0.17,0.75,0.17",16,0.00,0.33,,39800000
cgi sex gif,Informational,50,"1.00,0.00,0.17,0.17,1.00,1.00,0.17,0.17,0.17,0.17,1.00,0.17",5,0.00,0.33,,10700000
cheshire cat porn,"Informational, Commercial",50,"0.21,0.75,0.75,0.43,0.54,0.54,0.54,0.75,0.75,0.75,1.00,0.54",18,0.00,0.00,,861000
comics porn 3 d,Informational,50,"0.00,0.00,0.00,1.00,0.00,0.00,0.00,0.00,0.00,0.01,0.01,0.00",14,0.00,0.00,Sitelinks,
dede porna,Informational,50,"1.00,1.00,0.42,0.70,1.00,0.70,1.00,0.70,1.00,1.00,0.70,1.00",17,0.00,0.00,,1770000
dudepirn,Navigational,50,"0.00,0.71,1.00,0.43,1.00,0.71,0.71,1.00,1.00,1.00,1.00,0.14",18,0.00,0.00,"Sitelinks, People also ask",10
ed hentai,Commercial,50,"0.07,0.00,0.40,0.73,0.73,0.40,0.20,0.73,1.00,0.53,0.53,0.33",27,0.00,0.00,,82900000
eroanime 3d,Informational,50,"1.00,0.77,0.77,0.77,1.00,0.77,0.77,0.00,0.00,0.22,0.00,0.22",13,0.00,0.00,,988000
erotic 3d animation,Informational,50,"0.17,0.17,1.00,1.00,0.17,1.00,1.00,0.17,0.17,0.17,0.17,0.17",34,0.00,0.33,People also ask,212000000
erotic 3d anime,Informational,50,"0.17,0.17,1.00,1.00,0.17,1.00,1.00,0.17,0.17,0.17,0.17,0.17",54,0.00,0.33,,148000000
forbidden porn gif,Informational,50,"0.00,0.81,0.45,0.63,1.00,0.27,0.18,0.81,0.63,0.45,0.81,0.45",2,0.00,0.00,,11700000
free anima porn,Commercial,50,"0.00,0.00,0.00,0.00,0.00,0.00,0.00,0.00,0.00,0.00,0.00,0.00",70,0.00,0.00,,1970000000
free animated porn cartoons,Informational,50,"0.27,0.18,0.27,0.27,0.18,0.36,0.45,1.00,0.63,0.63,0.63,0.63",27,0.00,0.00,,297000000
free animation porn sites,Informational,50,"0.14,0.14,0.14,0.14,0.14,0.14,1.00,0.50,0.79,1.00,0.35,0.50",59,0.00,0.00,,827000000
free animation porn video,Informational,50,"0.00,0.00,0.00,0.00,0.00,0.00,0.00,1.00,0.00,0.00,0.00,0.00",59,0.00,0.00,,446000000
free erotic cartoons,Informational,50,"0.82,0.64,1.00,0.82,0.64,0.64,0.18,0.18,1.00,0.18,0.18,0.18",41,0.60,0.05,People also ask,43700000
free hd cartoonporn,Informational,50,"1.00,0.55,0.33,1.00,0.78,0.44,0.55,0.55,0.44,0.55,0.55,0.22",62,0.00,0.33,,44000000
free hd porn cartoon,Informational,50,"1.00,0.55,0.33,1.00,0.79,0.45,0.55,0.55,0.45,0.55,0.55,0.21",55,0.00,0.33,,908000000
free online animated porn,Informational,50,"0.13,0.13,0.13,0.13,0.78,0.13,0.13,0.13,0.13,0.13,0.78,1.00",63,0.00,0.33,,173000000
free porn cartoon videos,Informational,50,"0.04,0.08,0.04,0.04,0.04,0.00,0.65,1.00,0.15,0.19,0.00,0.27",58,0.00,0.00,,
free porn hd cartoon,Informational,50,"1.00,0.55,0.33,1.00,0.78,0.44,0.55,0.55,0.44,0.55,0.55,0.22",54,0.00,0.00,,583000000
free porn monsters,Informational,50,"0.00,0.00,0.00,1.00,0.00,0.00,0.78,0.35,0.35,0.50,0.78,1.00",43,0.00,0.00,,62400000
free sex animated,Informational,50,"0.10,0.10,0.10,0.10,0.10,0.10,0.10,0.10,0.52,0.67,1.00,0.81",37,0.00,0.00,,808000000
full length anime porn,"Informational, Commercial",50,"0.09,0.09,1.00,0.33,0.80,0.42,0.09,0.09,0.09,0.09,0.09,0.09",52,0.00,0.33,,146000000
futa 3d porn gif,Informational,50,"0.14,0.14,0.14,0.14,0.14,0.14,0.14,0.78,0.78,0.14,1.00,0.14",7,0.00,0.33,,71500000
futa anime porn gif,Informational,50,"0.00,0.00,0.00,0.00,0.00,0.33,0.52,0.66,1.00,0.09,0.09,0.66",7,0.00,0.33,,56500000
futa lorn,Informational,50,"0.18,0.18,1.00,0.18,1.00,0.18,1.00,1.00,0.63,0.27,0.27,0.18",49,0.00,0.33,,6150000
futa porn com,Commercial,50,"0.00,0.00,0.09,0.63,0.81,0.81,1.00,0.81,0.81,0.00,0.18,0.00",49,0.00,0.00,,355000000
futa porn websites,Commercial,50,"1.00,0.50,0.70,1.00,0.70,0.70,1.00,0.20,0.20,0.70,0.70,0.70",34,0.00,0.00,,344000000
futanari twitter porn,Navigational,50,"0.18,0.18,0.18,0.18,0.18,1.00,1.00,0.18,0.18,0.18,1.00,0.18",27,0.00,0.33,,32400000
futanari websites,Commercial,50,"0.70,0.27,0.58,0.70,1.00,0.58,0.70,1.00,1.00,0.70,0.70,1.00",13,0.00,0.00,Sitelinks,405000000
gay animation 3d porn,Informational,50,"0.18,0.18,0.18,0.18,0.18,1.00,0.45,0.81,0.63,0.81,1.00,0.81",25,0.00,0.00,,187000000
gay anime 3d porn,Informational,50,"0.17,0.17,0.17,0.17,0.17,1.00,0.44,0.44,0.63,0.63,0.81,0.63",40,0.00,0.00,,259000000
gay porn animation 3d,Informational,50,"0.27,0.27,0.58,1.00,0.70,1.00,0.70,0.70,0.70,1.00,0.70,1.00",30,0.00,0.00,,183000000
how to watch porn on a 3ds,Informational,50,"1.00,0.75,0.54,0.54,0.32,0.43,0.75,0.54,0.75,0.54,0.54,0.21",12,0.00,0.33,Sitelinks,1650000
marie rose porn gif,Informational,50,"0.00,0.18,1.00,0.18,0.00,1.00,1.00,0.81,0.45,0.18,0.18,0.18",6,0.00,0.33,,14300000
minus 8 porn gif,Informational,50,"0.00,0.00,1.00,0.00,0.27,0.00,0.63,0.63,0.63,0.63,0.63,0.63",14,0.00,0.00,,2120000
missav futa,"Navigational, Transactional",50,"0.64,0.11,0.11,0.11,0.11,0.52,0.11,1.00,0.11,0.11,0.11,0.11",7,0.00,0.33,,127000
nsfw animation porn,Informational,50,"0.82,0.45,1.00,0.64,0.45,0.45,0.64,0.82,0.64,0.18,0.18,0.00",24,0.00,0.00,,166000000
orn dud,Navigational,50,"0.00,0.14,0.50,0.78,0.28,0.50,0.50,0.21,0.07,0.35,0.35,1.00",72,0.00,0.00,Sitelinks,
overwatch anal gif,"Informational, Transactional",50,"0.14,0.14,0.14,0.79,0.14,0.14,0.14,0.14,0.14,0.79,0.79,1.00",9,0.00,0.33,,15000000
ponr dude,Navigational,50,"0.36,0.13,0.36,0.28,0.13,0.13,0.21,0.79,0.21,0.79,0.13,1.00",60,0.00,0.33,Sitelinks,2840000
porcorw,Navigational,50,"0.00,0.00,0.00,0.00,0.00,0.00,0.00,1.00,0.14,0.00,0.00,0.00",15,1.64,0.23,Sitelinks,281000
porn 3d hd,Informational,50,"1.00,1.00,0.79,0.79,0.79,0.56,0.33,0.56,0.33,0.44,0.21,0.21",39,0.00,0.33,,1030000000
porn animation realistic,Informational,50,"1.00,0.18,1.00,0.18,0.18,1.00,0.18,1.00,0.18,1.00,0.18,0.63",16,0.00,0.33,,46500000
porn animation story,Informational,50,"0.64,0.64,1.00,1.00,0.00,0.00,0.00,0.14,0.00,0.00,0.00,0.00",19,0.61,0.03,,510000000
porn animation's,"Informational, Transactional",50,"0.00,1.00,0.00,0.00,0.00,0.00,0.00,0.00,0.00,0.00,0.00,0.00",43,0.00,0.00,,967000000
porn animatios,"Informational, Transactional",50,"0.00,0.00,0.00,0.00,1.00,0.00,0.00,0.00,0.00,0.00,0.00,0.00",36,1.02,0.00,,639000000
porn animstion,Informational,50,"0.00,0.00,0.00,0.00,0.00,0.00,1.00,0.00,0.00,0.00,0.00,0.00",45,1.02,0.00,,1120000000
porn cartoon episode,Commercial,50,"0.64,0.50,0.29,0.50,0.14,0.14,0.14,0.14,0.14,0.14,0.79,1.00",32,0.00,0.33,,199000000
porn cartoon episodes,Commercial,50,"0.64,0.50,0.00,0.50,0.14,0.14,0.14,0.14,0.14,0.14,0.78,1.00",48,0.00,0.33,,122000000
porn cartoon free movies,Informational,50,"0.00,0.11,0.11,0.00,0.00,0.00,0.52,0.41,0.64,0.82,1.00,0.82",32,0.00,0.00,,662000000
porn cartun,Informational,50,"0.00,1.00,0.00,0.00,0.00,1.00,0.00,0.00,0.00,0.00,0.00,0.00",51,0.00,0.00,,1470000000
porn dud com,Navigational,50,"0.17,0.17,0.17,0.17,0.17,0.17,0.17,1.00,1.00,1.00,0.17,0.17",78,0.00,0.33,Sitelinks,599000000
porn dude cartoon,Navigational,50,"0.17,0.17,0.17,0.17,0.64,0.45,0.81,0.64,1.00,0.64,0.64,0.64",35,0.00,0.00,,
porn dude.con,Navigational,50,"1.00,1.00,0.00,0.00,0.00,0.00,0.00,0.00,0.00,0.00,0.00,0.00",82,0.00,0.00,Sitelinks,95600000
porn free toon,Informational,50,"1.00,0.00,0.54,0.25,0.00,0.00,0.00,0.00,0.00,0.00,0.00,0.00",48,0.97,0.01,,192000000
porn gif 3d,Commercial,50,"0.00,0.40,0.33,0.53,0.73,0.40,0.73,0.73,0.40,1.00,1.00,1.00",18,0.00,0.00,,264000000
porn hetia,"Informational, Transactional",50,"0.28,1.00,1.00,1.00,1.00,1.00,0.70,0.70,1.00,0.28,0.28,0.28",63,0.00,0.33,,11500000
porn r3,Informational,50,"0.21,0.14,0.07,0.07,0.07,0.07,0.50,0.78,0.14,0.14,0.78,1.00",22,0.00,0.33,,6010000
porn videos 3d sfm,Commercial,50,"0.57,0.00,1.00,0.71,0.57,0.71,1.00,0.71,1.00,0.71,1.00,0.00",28,0.00,0.00,,18400000
porn3d hd,Informational,50,"1.00,0.79,0.33,0.79,0.79,0.55,0.45,0.55,0.33,0.45,0.21,0.21",55,0.00,0.33,,5390000
porna dede,Informational,50,"1.00,0.71,0.71,1.00,1.00,1.00,0.56,0.71,0.71,0.27,0.27,0.27",17,0.00,0.33,,2150000
porndud com,Navigational,50,"0.17,0.17,0.17,0.17,0.17,0.17,0.17,1.00,1.00,1.00,0.17,0.17",42,0.00,0.33,Sitelinks,38200
porndude c9m,Navigational,50,"0.34,0.06,1.00,0.06,0.06,0.06,0.06,0.06,0.06,0.06,0.00,0.00",66,0.00,0.33,Sitelinks,
porndude cartoon,Navigational,50,"0.22,0.22,0.33,0.22,0.78,0.55,0.55,0.78,0.78,1.00,1.00,0.78",36,0.00,0.00,,
porndude.conm,Navigational,50,"0.00,0.00,0.00,0.00,0.00,0.00,0.00,0.00,0.00,1.00,1.00,0.00",84,0.00,0.00,Sitelinks,44000000
porndudes com,"Navigational, Commercial",50,"0.00,0.14,0.11,0.00,0.14,0.14,0.14,1.00,0.18,0.00,0.34,0.07",74,0.00,0.00,Sitelinks,15000000
pornhub 3d monster,"Navigational, Transactional",50,"0.21,0.79,0.79,0.79,1.00,0.79,0.79,0.55,0.55,0.79,0.21,0.21",24,0.00,0.33,,51700000
pornhub.com animated,Navigational,50,"0.52,1.00,0.40,0.00,0.00,0.00,0.00,0.00,0.00,0.65,0.40,0.40",39,0.00,0.00,Sitelinks,264000000
pornuniverse,Informational,50,"0.60,0.40,0.80,0.60,0.60,0.40,0.20,0.20,1.00,1.00,0.20,0.20",16,0.00,0.33,Sitelinks,207000
porn動漫,Informational,50,"0.64,0.50,0.64,0.00,1.00,0.00,0.00,0.00,0.00,0.78,0.64,0.78",40,0.00,0.00,,9730000
pporn cartoon,Informational,50,"0.45,0.45,0.63,0.63,0.45,0.18,0.18,0.18,0.18,1.00,0.18,0.18",63,0.00,0.33,,1410000
rule 34 3d videos,"Informational, Transactional",50,"0.79,0.79,0.79,0.79,0.79,0.79,0.33,0.79,1.00,0.21,0.10,0.00",12,0.00,0.00,,103000000
rule 34 fnaf animated,"Informational, Navigational",50,"0.00,0.00,0.00,0.00,0.00,0.00,0.67,0.00,0.00,0.00,0.67,1.00",18,0.00,0.33,,21400000
sex cartoon 3d,Informational,50,"1.00,0.71,0.57,0.57,0.71,0.57,1.00,1.00,0.71,1.00,1.00,0.71",35,0.00,0.00,,372000000
sex cartoon movies,Informational,50,"0.00,0.00,0.52,1.00,0.00,0.00,1.00,0.23,0.00,0.00,0.82,0.11",19,0.00,0.00,,245000000
sex cartoon websites,Commercial,50,"1.00,0.52,0.30,0.74,0.74,0.74,0.74,0.52,0.52,0.74,0.52,0.52",71,0.00,0.01,,591000000
sex free animation,Informational,50,"0.09,0.09,0.09,0.09,0.09,0.09,0.09,0.09,0.52,0.66,1.00,0.80",35,0.00,0.00,,958000000
sexporn 3d,Informational,50,"1.00,0.13,0.13,0.13,1.00,1.00,0.13,0.13,0.13,1.00,0.13,0.13",40,0.00,0.33,,106000000
sexy cartoons porn,Informational,50,"0.00,0.00,0.00,0.00,0.00,0.00,0.00,0.00,0.00,0.00,0.00,0.00",23,0.00,0.00,,66500000
sfm porn anime,Transactional,50,"0.57,0.57,0.43,0.14,0.14,0.14,0.71,0.14,0.14,0.14,0.14,1.00",27,0.00,0.33,,15100000
sfm porn site,Informational,50,"0.45,1.00,0.36,0.64,0.27,0.27,0.36,0.64,0.36,0.27,0.64,0.45",25,0.00,0.00,Sitelinks,30600000
sfm porn twitter,Navigational,50,"0.07,0.00,0.00,0.00,0.07,0.00,0.50,0.50,0.64,1.00,0.78,0.64",35,0.00,0.00,,3420000
story animation porn,Informational,50,"0.14,0.14,0.78,0.14,0.14,0.14,0.78,0.14,0.14,0.14,0.14,1.00",16,0.00,0.33,,57300000
strange 3d porn,Informational,50,"0.27,1.00,1.00,1.00,1.00,0.70,0.70,1.00,0.70,0.27,0.27,0.27",16,0.00,0.33,,23000000
that pron dude,Navigational,50,"0.35,0.14,0.78,0.14,0.14,0.14,0.14,0.14,0.14,0.14,0.78,1.00",34,0.00,0.33,Sitelinks,98100000
the porndudr,Navigational,50,"0.79,0.00,0.06,0.79,0.06,0.21,0.21,1.00,0.64,0.50,0.14,0.00",19,0.00,0.33,Sitelinks,4310
the rope dude kemono,Navigational,50,"0.05,0.05,0.05,0.05,0.05,0.05,0.05,0.05,0.05,1.00,0.05,0.05",10,0.00,0.33,Sitelinks,6780
tiy chica porn,"Informational, Transactional",50,"0.00,0.00,0.00,0.00,0.00,0.00,0.00,0.00,1.00,0.00,0.00,0.00",27,0.00,0.00,,41300000
toon feet porn,Informational,50,"0.17,1.00,0.17,0.17,0.17,0.17,1.00,0.17,0.17,0.17,0.17,0.17",19,0.00,0.33,People also ask,5600000
toon movies porn,"Informational, Transactional",50,"0.21,0.56,0.32,0.76,0.76,0.76,0.09,0.76,0.56,0.76,1.00,0.76",42,0.00,0.00,,243000000
top 3d porn sites,Commercial,50,"0.27,0.18,0.18,0.18,0.18,0.18,0.36,0.27,1.00,1.00,1.00,0.18",47,0.00,0.33,Sitelinks,1080000000
top porn animators,Commercial,50,"0.81,0.45,0.45,0.63,0.63,0.18,0.18,1.00,0.63,0.63,0.18,0.18",30,0.00,0.33,Sitelinks,2270000
twitter 3d animation porn,Navigational,50,"0.11,0.11,0.11,0.11,0.11,0.64,0.11,1.00,0.64,0.11,0.11,0.11",26,0.00,0.33,,30800000
video game 3d porn,Commercial,50,"1.00,0.10,0.10,0.10,0.10,0.52,0.10,0.10,0.10,0.10,0.10,0.10",35,0.00,0.33,,552000000
video sex cartoon,Informational,50,"0.00,0.00,0.00,0.00,0.00,0.00,0.00,0.00,0.00,0.00,0.00,0.00",63,0.00,0.33,,1640000000
xii porn,Informational,50,"0.52,0.29,0.41,0.11,0.11,0.11,0.11,0.11,0.11,0.64,1.00,0.11",21,0.00,0.33,,6590000
xnxx 3d animation,Navigational,50,"0.22,0.22,0.22,0.22,0.22,0.22,0.77,0.77,0.77,1.00,1.00,0.77",23,0.00,0.00,Sitelinks,231000000
xvideos.com animated,Navigational,50,"1.00,0.79,1.00,0.00,0.79,0.79,0.00,0.00,0.00,1.00,0.79,0.79",39,0.00,0.00,Sitelinks,470000000
zelda 3d animation porn,"Informational, Transactional",50,"0.18,0.18,0.18,0.18,0.18,0.18,0.18,1.00,1.00,0.18,1.00,0.18",21,0.00,0.33,,10600000
انیمیشن xnxx,"Navigational, Transactional",50,"0.56,0.56,1.00,1.00,0.79,0.79,0.44,0.56,0.79,0.56,0.33,0.21",64,0.00,0.00,,6430000
سكس أنيميشن,Informational,50,"0.44,0.55,0.55,0.55,0.77,0.55,1.00,0.55,0.77,0.77,0.77,0.55",46,0.00,0.00,,213000
سكس انميشن 3d,Informational,50,"0.77,0.77,0.77,0.77,0.77,0.22,0.77,0.55,0.77,1.00,0.55,0.44",31,0.00,0.00,,17000
色情3d动漫,"Informational, Transactional",50,"0.82,1.00,0.64,0.00,0.27,0.27,0.09,0.09,0.00,0.64,0.64,0.82",30,0.00,0.00,,34000000
3 d anal,"Informational, Transactional",40,"0.00,0.00,0.12,0.00,0.15,0.15,1.00,0.00,0.00,0.00,0.00,0.00",16,0.00,0.00,,1830000000
3 d futa porn,Informational,40,"0.00,0.00,1.00,0.66,0.23,0.00,0.00,0.00,0.00,0.00,0.00,0.00",25,0.00,0.00,,356000000
3 d porn video,Informational,40,"0.00,0.00,0.00,0.00,0.08,1.00,0.00,0.00,0.00,0.00,0.00,0.00",63,0.00,0.00,,2560000000
3 d toon porn,Informational,40,"0.00,0.00,0.67,1.00,0.00,0.00,1.00,0.67,0.67,1.00,0.67,0.33",46,0.00,0.00,,27300000
3d 4k sex,Informational,40,"1.00,0.56,0.78,0.56,0.56,0.33,0.22,0.22,0.22,0.22,0.22,0.22",16,0.00,0.33,,495000000
3d animal porn videos,,40,"0.78,0.14,0.14,0.14,0.14,0.14,0.14,0.14,0.14,0.14,0.14,1.00",,0.00,0.33,,
3d animated family porn,Informational,40,"0.18,0.45,0.45,0.64,1.00,0.18,0.18,0.18,0.18,0.18,0.18,0.18",15,0.00,0.33,,661000000
3d animated porn comics,Informational,40,"0.17,0.17,0.17,0.27,0.17,1.00,0.27,1.00,0.17,0.17,0.17,0.27",39,0.00,0.33,,127000000
3d animated porn game,Commercial,40,"0.37,0.58,0.79,1.00,0.79,0.79,1.00,0.58,1.00,1.00,1.00,0.58",46,0.00,0.00,,208000000
3d animation family porn,Informational,40,"0.17,0.44,0.44,0.63,1.00,0.17,0.17,0.17,0.17,0.17,0.17,0.17",15,0.00,0.33,,307000000
3d animation porn comics,Informational,40,"0.17,0.17,0.17,0.17,0.17,1.00,0.17,1.00,0.17,0.17,0.17,0.17",,0.00,0.33,,159000000
3d animation porn game,Commercial,40,"0.00,1.00,0.00,0.00,0.50,1.00,0.50,0.50,0.00,0.50,0.50,0.50",46,0.00,0.00,,275000000
3d animation porns,,40,"0.00,0.00,0.00,0.00,0.00,0.00,0.00,0.00,1.00,0.00,0.00,0.53",,0.00,0.00,,
3d animation r34,Informational,40,"0.11,0.11,0.11,0.05,0.11,0.11,0.11,0.17,0.00,1.00,0.64,0.00",,0.00,0.00,,99000000
3d anime adult,"Informational, Commercial",40,"0.56,0.71,0.71,0.56,1.00,0.41,0.71,0.56,0.56,0.27,0.27,0.41",18,0.00,0.00,,115
3d anime family porn,Informational,40,"0.18,0.45,0.45,0.64,1.00,0.18,0.18,0.18,0.18,0.18,0.18,0.18",8,0.00,0.33,,249000000
3d anime porn comics,"Informational, Commercial",40,"0.18,0.18,0.18,0.18,0.18,1.00,0.18,1.00,0.18,0.18,0.18,0.18",50,0.00,0.33,,64500000
3d anime porn site,Commercial,40,"0.20,0.20,0.00,0.20,0.00,0.20,0.20,0.20,1.00,1.00,1.00,0.20",55,0.00,0.33,,151000000
3d cartoon pornhub,"Navigational, Transactional",40,"0.27,0.71,1.00,1.00,0.71,0.71,0.27,0.27,0.27,0.27,0.27,0.27",41,0.00,0.33,,444000000
3d cartoon pornos,Informational,40,"0.00,0.00,0.00,0.00,0.00,0.00,0.00,0.00,0.00,0.00,0.00,0.00",54,0.00,0.33,,200000000
3d cartoon x video,Navigational,40,"0.45,0.18,1.00,1.00,0.18,0.18,0.18,0.18,0.18,0.18,0.18,0.18",32,0.00,0.33,,621000000
3d cgi nude,Informational,40,"0.50,0.50,1.00,0.35,0.50,0.13,0.13,0.13,0.13,0.13,0.13,0.13",17,0.00,0.33,,16400000
3d drawn porn,Informational,40,"0.14,0.21,0.29,0.14,0.79,0.14,0.14,0.79,0.14,0.14,0.14,1.00",38,0.00,0.33,,59500000
3d drawn sex,"Informational, Commercial",40,"0.18,0.18,0.18,1.00,0.18,0.18,0.18,0.18,0.18,0.18,0.18,0.18",45,0.00,0.33,,245000000
3d english porn,Informational,40,"0.18,0.18,0.18,1.00,0.18,0.18,0.18,1.00,0.18,0.18,0.18,0.18",40,0.00,0.33,,1010000000
3d gjhyj,"Informational, Commercial",40,"0.00,0.64,0.28,0.14,1.00,0.28,0.14,0.28,0.00,0.14,0.14,0.00",51,0.00,0.00,,156000000
3d hd free porn,"Informational, Commercial",40,"0.18,0.18,0.18,0.18,0.18,1.00,1.00,0.18,0.18,0.18,0.18,0.18",62,0.00,0.33,,2130000000
3d henti video,Informational,40,"0.00,0.00,0.00,0.00,0.00,0.00,0.00,0.00,0.00,0.00,1.00,0.00",,0.00,0.00,,59500000
3d nude video,"Informational, Transactional",40,"0.18,0.18,1.00,0.18,1.00,0.18,0.18,1.00,0.18,0.18,0.18,0.18",26,0.00,0.33,People also ask,976000000
3d ponr,Commercial,40,"1.00,0.09,0.52,0.09,0.09,0.09,0.09,0.09,0.09,0.09,0.09,0.09",,0.00,0.33,People also ask,38900000
3d porn ads,Transactional,40,"1.00,0.83,0.83,0.00,0.50,0.50,0.00,0.83,0.83,0.00,0.00,0.00",16,0.00,0.00,Sitelinks,102000000
3d porn animator,Informational,40,"0.00,0.00,0.00,0.00,0.00,0.00,0.00,0.00,0.00,0.00,0.00,0.00",40,0.00,0.00,Sitelinks,1280000
3d porn best sites,Commercial,40,"1.00,0.00,0.00,0.00,0.00,0.00,0.00,0.00,0.04,0.00,0.00,0.00",56,0.00,0.00,Sitelinks,
3d porn download free,Informational,40,"1.00,0.56,0.78,0.56,0.56,0.78,0.56,0.22,0.22,0.22,0.22,0.22",10,0.00,0.33,,698000000
3d porn english,Informational,40,"0.18,0.18,0.18,1.00,0.18,0.18,0.18,1.00,0.18,0.18,0.18,0.18",36,0.00,0.33,,1010000000
3d porn free download,Informational,40,"1.00,0.56,0.78,0.56,0.78,0.78,0.56,0.22,0.22,0.22,0.22,0.22",4,0.00,0.33,,571000000
3d porn free hd,"Informational, Commercial",40,"0.17,0.17,0.17,0.17,0.17,1.00,1.00,0.17,0.17,0.17,0.17,0.17",59,0.00,0.33,,947000000
3d porn hd free,"Informational, Commercial",40,"0.18,0.18,0.18,0.18,0.18,1.00,1.00,0.18,0.18,0.18,0.18,0.18",57,0.00,0.33,,1060000000
3d porn in english,Commercial,40,"0.18,0.18,0.18,1.00,0.18,0.18,0.18,1.00,0.18,0.18,0.18,0.18",57,0.00,0.33,,864000000
3d porn magazines,Informational,40,"0.09,1.00,0.39,0.09,0.09,0.09,0.09,0.09,0.09,0.09,0.09,0.09",15,0.00,0.33,,23700000
3d porn xhamster,"Navigational, Transactional",40,"0.00,0.00,0.18,0.18,0.18,0.18,1.00,0.81,0.81,0.63,0.81,1.00",30,0.00,0.00,Sitelinks,59300000
3d pron videos,Informational,40,"0.00,0.00,0.00,0.34,0.00,0.00,0.00,0.00,0.00,1.00,0.00,0.00",63,0.00,0.00,,107000000
3d sex 4k,Informational,40,"1.00,0.45,0.55,0.55,0.79,0.21,0.21,0.21,0.21,0.21,0.21,0.21",15,0.00,0.33,,488000000
3d sex drawings,"Informational, Commercial",40,"0.18,0.18,0.18,1.00,0.18,0.18,0.18,0.18,0.18,0.18,0.18,0.18",22,0.00,0.33,,216000000
3d small porn,Informational,40,"0.22,1.00,1.00,0.52,0.74,0.43,0.52,0.52,0.22,0.22,0.22,0.22",12,0.00,0.33,,526000000
3d x rated,"Informational, Commercial",40,"0.18,0.18,1.00,0.18,0.18,0.18,0.18,0.18,0.18,0.18,0.18,0.18",15,0.00,0.33,People also ask,762000000
3d x rated cartoons,"Informational, Commercial",40,"0.17,0.17,0.17,0.17,0.17,0.17,0.17,1.00,0.17,1.00,0.17,0.17",52,0.00,0.33,,696000000
3d 动漫 色情 网站,"Informational, Transactional",40,"0.14,0.64,1.00,0.14,0.14,0.14,0.14,0.14,0.14,0.14,0.14,0.14",23,0.00,0.33,,21100000
3d 色情動畫,Informational,40,"0.63,0.63,0.63,0.00,0.00,0.00,0.00,0.00,0.00,1.00,0.63,0.81",15,0.00,0.00,,5060000
3d 色情视频,Informational,40,"0.82,0.82,0.27,0.00,0.00,0.00,0.00,0.00,0.00,0.64,1.00,1.00",39,0.00,0.00,,49400000
3dporn movies,Informational,40,"0.00,0.00,0.00,0.00,0.35,0.00,1.00,0.00,1.00,0.00,0.64,0.64",61,0.00,0.00,,15100000
3dporn videos,Commercial,40,"0.00,0.00,0.00,0.00,0.00,0.00,0.00,1.00,0.00,0.79,0.00,0.00",63,0.00,0.00,,57300000
3dporndude.com,Navigational,40,"0.09,0.09,0.00,0.00,0.00,0.09,0.00,0.00,0.00,0.52,0.52,1.00",16,0.00,0.33,Sitelinks,
3d色情動畫,Informational,40,"0.63,0.63,0.63,0.00,0.00,0.00,0.00,0.00,0.00,1.00,0.63,0.81",26,0.00,0.00,,5640000
3r porn,Informational,40,"0.18,0.18,1.00,1.00,0.18,0.18,0.18,0.18,0.18,0.18,0.18,0.18",70,0.00,0.33,,69200000
4k 3d sex,Informational,40,"1.00,0.33,0.78,0.78,0.56,0.22,0.22,0.22,0.22,0.22,0.22,0.22",13,0.00,0.33,,459000000
4k porn 3d,Informational,40,"1.00,0.55,0.55,0.55,0.55,0.21,0.21,0.21,0.21,0.21,0.21,0.21",14,0.00,0.33,,609000000
adult 3d anime tubes,Informational,40,"1.00,0.18,1.00,1.00,0.18,0.18,0.18,0.18,0.18,0.18,0.18,0.18",52,0.00,0.33,,46600000
adult animated sex,Informational,40,"0.36,0.36,0.36,0.63,0.45,0.36,0.27,1.00,0.18,0.27,0.00,0.00",26,0.00,0.01,Sitelinks,556000000
anal vore porn gif,Informational,40,"0.18,0.18,0.18,0.18,1.00,0.18,0.18,1.00,0.18,0.18,0.18,0.18",10,0.00,0.33,,6600000
animal 3d porn videos,,40,"0.78,0.14,0.14,0.14,0.14,0.14,0.14,0.14,0.14,0.14,0.14,1.00",,0.00,0.33,,
animate porn video,Informational,40,"0.00,1.00,0.00,0.00,0.00,0.00,0.00,0.00,0.00,0.00,0.00,0.00",,0.00,0.00,,939000000
animated 3d anal,"Informational, Transactional",40,"1.00,0.21,0.21,0.21,0.21,0.21,0.21,0.21,0.21,0.21,0.21,0.21",19,0.00,0.33,,492000000
animated 3d porn gifs,Commercial,40,"0.18,1.00,1.00,0.18,0.18,0.18,0.18,0.18,1.00,0.18,0.18,0.18",27,0.00,0.33,,239000000
animated drawn porn,Commercial,40,"0.18,0.18,1.00,0.18,0.18,0.18,1.00,0.18,0.18,0.18,0.18,0.18",36,0.00,0.33,,63400000
animated extreme porn,Informational,40,"1.00,0.79,0.79,0.56,0.56,0.21,0.21,0.21,0.21,0.21,0.21,0.21",14,0.00,0.33,,64600000
animated hd porn,Informational,40,"0.33,0.33,1.00,0.20,0.20,0.20,0.53,0.73,0.20,0.53,0.40,0.40",20,0.00,0.00,,940000000
animated porn free download,Informational,40,"0.14,0.50,0.14,0.14,0.78,0.14,0.14,0.14,0.14,0.14,0.14,1.00",10,0.00,0.33,,717000000
animated porn new,"Informational, Transactional",40,"0.17,0.17,1.00,0.17,0.17,0.17,0.17,0.17,0.17,1.00,0.17,0.17",45,0.00,0.33,,484000000
animated porn sex videos,Informational,40,"0.17,0.17,0.17,0.17,0.17,0.17,0.17,0.17,0.17,1.00,1.00,0.81",35,0.00,0.00,,487000000
animated pornhub.com,Navigational,40,"0.81,0.44,0.27,0.00,0.00,0.00,0.00,0.00,0.00,1.00,0.63,0.63",43,0.00,0.00,,338000000
animation 3d xxxx,Informational,40,"0.11,0.11,0.64,0.11,0.23,0.11,0.00,0.00,1.00,0.11,0.11,0.11",32,0.00,0.33,,155000000
animation porn free download,"Informational, Commercial",40,"0.14,0.50,0.14,0.14,0.78,0.14,0.14,0.14,0.14,0.14,0.14,1.00",14,0.00,0.33,,279000000
animation porn stories,Informational,40,"0.63,0.63,0.32,1.00,0.00,0.00,0.00,0.00,0.00,0.00,0.00,0.00",18,0.61,0.03,,319000000
anime 3d porn monster,Informational,40,"1.00,0.23,0.52,0.11,0.11,0.11,0.11,0.11,0.11,0.11,0.11,0.11",17,0.00,0.33,,90500000
anime futanari anal,"Informational, Commercial",40,"1.00,0.18,0.18,1.00,0.18,1.00,0.18,0.18,0.18,0.18,0.18,0.18",19,0.00,0.33,,108000000
anime porn toons,Informational,40,"0.82,0.61,0.18,0.36,0.18,0.18,0.18,0.18,1.00,0.18,0.18,0.18",60,0.00,0.02,,50000000
anime sex3d,Informational,40,"0.00,0.00,0.00,0.00,0.00,0.00,0.00,0.00,0.00,0.00,0.00,0.00",37,0.00,0.33,,5280000
anination sex,Informational,40,"0.00,0.00,1.00,0.10,0.00,0.00,0.00,0.00,0.00,0.00,0.00,0.00",23,0.00,0.00,,1440000000
anorexic porn gif,"Informational, Transactional",40,"0.00,0.00,0.00,0.00,0.18,0.18,1.00,1.00,1.00,0.18,0.18,0.18",5,0.00,0.33,,239000
bd 3d porn,Informational,40,"0.00,1.00,0.11,0.11,0.11,0.11,0.64,0.11,0.00,0.11,0.11,0.11",9,0.00,0.33,,30900000
best 3d anime porn,Commercial,40,"0.00,0.00,0.00,0.00,0.00,0.00,0.80,0.00,0.00,1.00,0.07,0.07",50,0.00,0.00,,186000000
best 3d porn animators,Commercial,40,"0.18,0.00,0.41,0.29,0.00,0.18,1.00,0.00,0.18,0.00,0.00,0.06",22,0.00,0.00,"Sitelinks, People also ask",937000
best 3d porn compilation,Commercial,40,"0.27,0.27,0.27,0.27,0.27,0.27,1.00,1.00,1.00,1.00,1.00,1.00",18,0.00,0.00,,859000000
best 3d porn free,Commercial,40,"0.09,0.00,0.56,0.76,1.00,0.56,0.56,0.44,0.44,0.32,0.44,0.21",57,0.00,0.00,,1250000000
best 3d porn video,Commercial,40,"0.35,0.00,0.00,0.00,0.00,0.00,0.00,0.64,0.64,0.29,1.00,0.79",42,0.00,0.00,,886000000
best animation porn compilation,Commercial,40,"0.18,0.63,0.36,0.18,0.18,0.63,0.36,0.18,1.00,0.18,0.18,0.18",30,0.00,0.33,,163000000
best animation porns,Commercial,40,"0.11,0.11,0.11,0.11,0.11,1.00,0.11,0.64,0.11,0.11,0.11,0.11",34,0.00,0.33,,168000000
best cartoon porn website,Commercial,40,"0.80,0.60,0.60,0.60,0.80,0.60,0.60,0.60,0.80,0.80,1.00,0.80",,0.00,0.00,,434000000
best futa porn sites,Commercial,40,"0.18,1.00,0.18,0.18,0.18,0.18,0.18,0.00,0.18,0.18,1.00,0.18",1,0.00,0.33,,355000000
best futanari porn sites,Commercial,40,"0.18,1.00,0.18,0.18,0.18,0.18,0.18,0.18,0.18,0.18,1.00,0.18",0,0.00,0.33,,64900000
best porn cartoon movies,Commercial,40,"1.00,0.79,0.56,0.56,0.44,0.21,0.21,0.21,0.21,0.21,0.21,0.21",35,0.00,0.33,,599000000
best realistic animated porn,Commercial,40,"1.00,0.17,1.00,1.00,0.17,0.17,0.17,0.17,0.17,0.17,0.17,0.17",24,0.00,0.01,People also ask,85800000
cartoon animated sex gifs,"Informational, Transactional",40,"0.14,0.35,0.14,0.14,0.14,0.14,0.78,0.14,0.14,0.14,0.14,1.00",43,0.00,0.33,,268000000
cartoon movies porn,"Informational, Transactional",40,"0.00,0.00,1.00,0.18,0.09,0.00,0.09,1.00,1.00,0.63,0.09,0.63",23,0.00,0.00,,79600000
cartoon porn full,Informational,40,"0.00,0.00,1.00,0.60,1.00,0.80,0.80,1.00,1.00,1.00,0.60,1.00",54,0.00,0.00,,513000000
cartoon porn full videos,Informational,40,"1.00,1.00,1.00,1.00,1.00,0.75,0.75,1.00,0.75,0.75,0.75,1.00",53,0.00,0.00,,839000000
cartoon porn series,Informational,40,"0.00,0.00,0.00,0.00,0.00,0.00,0.00,0.06,1.00,1.00,1.00,0.21",51,0.00,0.00,,215000000
cartoon pron movies,Informational,40,"0.00,0.00,0.00,0.00,0.00,1.00,0.00,0.00,0.00,0.00,0.00,0.04",33,0.00,0.00,,223000000
cartoon sex free,Informational,40,"0.50,0.50,0.50,0.00,1.00,0.50,1.00,1.00,0.50,0.50,0.00,0.00",54,0.00,0.00,,1440000000
cartoon sexfilm,Informational,40,"0.00,0.00,0.00,1.00,0.00,0.05,0.00,0.00,0.00,0.05,0.00,0.00",42,0.00,0.00,,21100000
cartoonporn tube,"Informational, Transactional",40,"0.00,0.00,0.00,0.00,0.00,0.00,0.00,1.00,0.33,0.66,0.00,0.42",60,0.00,0.00,,24400000
cartoonporn website,Commercial,40,"0.00,0.00,0.00,0.00,0.00,0.00,0.00,0.00,0.01,0.00,1.00,0.00",74,0.00,0.00,,18600000
cartoons movie porn,Informational,40,"0.00,0.00,0.00,0.00,1.00,0.00,0.00,0.00,0.00,0.00,0.00,0.00",28,0.00,0.00,,873000000
disgusting porn gif,"Informational, Transactional",40,"1.00,0.18,0.18,0.18,0.18,1.00,0.18,0.18,0.18,0.18,0.18,0.18",6,0.00,0.33,,4150000
disgusting porn gifs,Informational,40,"0.18,0.18,1.00,0.18,0.18,0.18,0.18,0.18,0.18,0.18,1.00,0.18",7,0.00,0.33,,
disney hemtai,Informational,40,"0.18,1.00,0.18,0.18,0.18,1.00,0.18,0.18,0.18,0.18,0.18,0.18",17,0.00,0.33,,978000
drawn 3d porn,Informational,40,"0.14,0.21,0.48,0.14,0.76,0.14,0.14,0.76,0.14,0.14,0.14,1.00",24,0.00,0.33,,59100000
dungeon porn gif,Informational,40,"0.00,0.33,0.00,0.22,0.22,0.78,1.00,1.00,1.00,1.00,0.78,0.78",2,0.00,0.00,,3500000
dungeon porn gifs,"Informational, Transactional",40,"0.18,1.00,0.18,1.00,0.18,0.18,0.18,0.18,0.18,0.18,0.18,0.18",9,0.00,0.33,,7470000
dva fart porn,"Informational, Transactional",40,"0.27,0.71,1.00,0.71,0.71,0.71,0.27,0.27,0.27,0.27,0.27,0.27",16,0.00,0.33,,280000
e621 sfm,Informational,40,"1.00,1.00,0.71,0.59,0.59,0.59,0.71,0.71,0.71,0.29,0.29,0.29",20,0.00,0.33,,289000
english 3d porn,Informational,40,"0.17,0.17,0.17,1.00,0.17,0.17,0.17,1.00,0.17,0.17,0.17,0.17",28,0.00,0.33,,459000000
eporner animation,Navigational,40,"0.18,0.18,0.18,1.00,1.00,0.18,0.18,0.18,0.18,1.00,0.18,0.18",22,0.00,0.33,Sitelinks,35000000
extreme porn animation,Informational,40,"1.00,0.79,0.79,0.56,0.56,0.21,0.21,0.21,0.21,0.21,0.21,0.21",13,0.00,0.33,,73700000
feet sex cartoon,Informational,40,"1.00,0.17,0.17,1.00,1.00,0.17,0.17,0.17,0.17,0.17,0.17,0.17",19,0.00,0.33,People also ask,437000000
free 3d animated porn,Informational,40,"0.00,0.00,0.11,0.15,0.00,0.11,1.00,0.04,0.04,0.11,0.04,0.04",55,0.00,0.00,,461000000
free 3d porn hd,Informational,40,"0.18,0.18,0.18,0.18,0.18,1.00,1.00,0.18,0.18,0.18,0.18,0.18",56,0.00,0.33,,1190000000
free 3d porn tube,Informational,40,"0.18,0.18,0.18,0.18,0.18,0.18,0.18,0.18,1.00,1.00,0.18,0.18",58,0.00,0.33,,123000000
free animation porn download,Informational,40,"0.14,0.50,0.14,0.14,0.78,0.14,0.14,0.14,0.14,0.14,0.14,1.00",7,0.00,0.33,,290000000
free animation porn site,Informational,40,"0.50,1.00,0.14,0.28,0.14,0.14,0.14,0.14,0.14,0.14,0.14,0.14",69,0.00,0.33,People also ask,439000000
free cartoon porntube,Informational,40,"1.00,0.17,0.17,0.17,0.17,0.17,0.17,0.17,0.17,0.17,0.17,0.17",67,0.00,0.33,,194000000
free cartoon xxx,Informational,40,"1.00,0.80,0.80,0.20,0.59,1.00,1.00,1.00,0.59,1.00,0.80,1.00",70,0.00,0.00,,1220000000
free hd 3d porn,Informational,40,"0.18,0.18,0.18,0.18,0.18,1.00,1.00,0.18,0.18,0.18,0.18,0.18",58,0.00,0.33,,1170000000
free hd porn 3d,Informational,40,"0.45,0.36,0.27,0.18,0.18,1.00,1.00,0.18,0.18,0.18,0.18,0.18",64,0.00,0.33,,1720000000
free porn 3d hd,Informational,40,"0.18,0.18,0.18,0.18,0.18,1.00,1.00,0.18,0.18,0.18,0.18,0.18",64,0.00,0.33,People also ask,1170000000
free porn hd 3d,Informational,40,"0.18,0.18,0.18,0.18,0.18,1.00,1.00,0.18,0.18,0.18,0.18,0.18",61,0.00,0.33,,1200000000
futa porn.com,Informational,40,"0.64,0.35,0.21,0.00,0.07,0.07,0.00,0.00,0.07,0.50,1.00,0.64",53,0.00,0.00,,356000000
futa reddit porn,"Navigational, Transactional",40,"0.18,0.18,0.18,0.18,0.18,0.18,0.18,0.18,0.18,1.00,1.00,0.18",46,0.00,0.33,Sitelinks,10700000
futanari porn animations,"Informational, Commercial",40,"0.09,0.52,0.09,0.09,0.09,0.09,0.09,0.09,0.09,0.09,1.00,0.09",24,0.00,0.33,,171000000
futanari sites,Commercial,40,"0.80,0.80,0.20,0.60,0.80,0.80,1.00,0.80,1.00,0.60,0.60,0.40",6,0.00,0.00,Sitelinks,235000000
good porn animation,Informational,40,"0.14,0.14,0.14,0.14,0.14,0.79,1.00,0.14,0.14,0.14,0.14,1.00",35,0.00,0.33,,343000000
hardcore 3d animated porn,,40,"0.14,0.14,0.14,0.14,0.14,0.14,0.79,0.14,0.14,0.14,0.14,1.00",,0.00,0.33,,
hentai porn cartoon,Informational,40,"1.00,0.60,0.80,1.00,1.00,0.80,0.80,0.60,0.40,0.40,0.60,0.40",78,0.00,0.00,,456000000
hentai sex movies,Commercial,40,"0.80,0.80,0.80,1.00,0.60,1.00,0.80,0.60,0.40,0.80,0.60,0.60",52,0.00,0.00,People also ask,412000000
hentaidude pro,"Navigational, Transactional",40,"0.00,0.00,0.63,0.18,0.27,1.00,1.00,0.63,0.63,0.18,0.00,0.18",6,0.00,0.00,,
hentaidude.pro,Navigational,40,"0.00,0.00,0.29,0.64,1.00,0.05,0.00,0.00,0.05,0.52,0.29,0.41",48,0.00,0.00,,243000
hental animation,"Informational, Transactional",40,"0.11,0.11,0.11,0.11,0.00,0.00,0.11,1.00,0.63,0.26,0.32,0.63",31,0.00,0.00,,9350000
https hentaidude com,"Informational, Transactional",40,"1.00,0.02,0.02,0.05,0.05,0.05,0.05,0.05,0.05,0.00,0.00,0.00",55,0.00,0.33,,24600
invader jade porn,Informational,40,"0.00,0.00,0.22,1.00,0.77,0.55,0.55,1.00,1.00,0.33,0.00,0.22",10,0.00,0.00,,
isabelle animal crossing porn gif,Informational,40,"1.00,0.18,0.18,0.18,0.18,0.18,0.18,0.18,0.18,0.18,0.18,0.18",3,0.00,0.33,,1290000
jap 3d porn,Informational,40,"0.00,0.00,0.05,0.00,0.00,0.00,0.28,1.00,0.07,0.00,0.02,0.02",16,0.00,0.00,,460000000
lara rose porn gifs,Informational,40,"0.18,0.18,0.18,0.18,1.00,1.00,0.18,0.18,0.18,0.18,0.18,0.18",11,0.00,0.33,,
lesbian 3d animation porn,Informational,40,"1.00,0.18,0.18,0.18,0.18,0.18,1.00,1.00,0.18,0.18,0.18,0.18",22,0.00,0.33,,44200000
made porn futa,Informational,40,"0.00,0.00,0.00,0.64,0.64,0.64,0.45,0.64,1.00,0.00,0.00,0.00",13,0.00,0.00,,124000000
made porn futanari,"Informational, Transactional",40,"0.79,0.33,0.79,0.79,0.00,0.00,1.00,0.33,0.79,0.00,0.00,0.00",16,0.00,0.00,Sitelinks,
made.porn futa,Informational,40,"0.64,0.50,0.35,0.00,0.00,0.00,0.00,0.00,0.00,0.78,0.50,1.00",22,0.00,0.00,,42100000
monster 3d porn movies,Informational,40,"0.17,0.17,0.17,1.00,0.17,0.17,0.17,0.17,0.17,0.17,1.00,0.17",27,0.00,0.33,,184000000
motherless com superheroine,"Navigational, Transactional",40,"0.18,0.18,0.18,0.18,0.18,0.18,0.18,0.18,0.18,1.00,1.00,0.18",5,0.00,0.33,,233000
necro 3d porn,Informational,40,"0.18,0.18,1.00,1.00,0.18,0.18,0.18,0.18,0.18,0.18,0.18,0.18",4,0.00,0.33,,630000
necro anime porn,Informational,40,"0.17,0.17,0.17,0.17,0.17,1.00,0.17,0.17,0.17,0.17,0.17,0.17",5,0.00,0.33,,340000
new 3d futa porn,Informational,40,"0.11,0.11,0.11,0.64,0.11,0.11,1.00,0.11,0.11,0.11,0.11,0.11",,0.00,0.33,,349000000
nude 3d cartoons,Informational,40,"0.42,0.42,0.73,0.12,0.42,0.58,1.00,0.58,1.00,0.58,0.73,0.42",,0.00,0.00,,258000000
nude 3d toon,Informational,40,"0.59,1.00,1.00,0.79,0.79,0.59,0.59,0.38,0.79,1.00,0.79,0.38",26,0.00,0.00,,22000000
nude 3d video,Informational,40,"0.18,0.18,1.00,0.18,1.00,0.18,0.18,1.00,0.18,0.18,0.18,0.18",15,0.00,0.33,,553000000
p0rndude,Navigational,40,"0.64,0.17,0.36,0.27,0.17,0.27,1.00,0.36,0.27,0.36,0.17,0.36",24,0.00,0.33,"Sitelinks, People also ask",1180
phub sfm,Navigational,40,"1.00,0.50,1.00,0.50,0.00,0.00,0.00,0.00,0.00,0.00,0.00,0.00",37,0.00,0.33,,17600000
porcore 3d,Navigational,40,"1.00,0.18,0.18,0.18,0.18,0.18,0.18,0.18,1.00,0.18,0.36,0.36",24,0.00,0.33,Sitelinks,306000
porecore 3d,Navigational,40,"1.00,0.18,0.18,0.18,0.18,0.18,0.18,0.18,1.00,0.18,0.18,0.18",26,0.00,0.33,"Sitelinks, Video",2800
porm animation,Informational,40,"0.00,0.00,0.36,0.82,0.00,0.00,0.64,0.36,1.00,1.00,0.64,1.00",39,0.00,0.00,,14900000
porn 3d 4k,Informational,40,"1.00,0.78,0.78,0.33,0.56,0.33,0.33,0.33,0.33,0.22,0.22,0.22",15,0.00,0.33,,434000000
porn 3d free download,Informational,40,"1.00,0.52,0.74,0.52,0.74,0.74,0.52,0.22,0.22,0.22,0.22,0.22",1,0.00,0.33,,705000000
porn 3d hard,"Informational, Transactional",40,"0.11,0.11,0.11,0.11,0.11,0.11,0.11,0.11,0.11,0.64,1.00,0.11",22,0.00,0.33,,600000000
porn aniamted,Informational,40,"0.00,0.00,1.00,0.00,0.00,0.00,0.00,0.00,0.00,0.00,0.00,0.00",48,0.00,0.00,,1180000000
porn animaion,Commercial,40,"0.00,0.00,0.00,0.38,0.00,0.00,0.00,0.00,0.00,1.00,0.00,0.00",41,0.00,0.00,,1270000000
porn animation online,Informational,40,"0.63,0.35,0.21,0.50,0.50,0.50,0.50,0.13,0.13,0.13,0.13,1.00",60,0.00,0.01,,250000000
porn animationa,Informational,40,"0.00,0.00,1.00,0.00,0.00,0.00,0.00,0.00,0.00,0.00,0.00,0.00",38,1.02,0.00,,956000000
porn animationd,Informational,40,"0.00,0.00,0.00,0.00,0.00,0.00,0.00,0.00,1.00,0.00,0.00,0.00",41,0.00,0.00,,1040000000
porn animationn,Informational,40,"0.00,0.00,0.00,1.00,0.00,0.00,0.00,0.00,0.00,0.00,0.00,0.00",38,0.00,0.00,,1880000000
porn animations r34,Commercial,40,"0.11,1.00,0.11,0.11,0.11,0.11,0.11,0.11,0.11,0.11,0.11,0.11",30,0.00,0.33,,157000000
porn anime compilation,Informational,40,"0.17,0.17,0.17,1.00,0.17,0.17,0.17,1.00,0.17,0.17,0.17,0.17",22,0.00,0.33,,212000000
porn anmated,Informational,40,"0.00,0.00,1.00,0.00,0.00,0.00,0.00,0.00,0.00,0.00,0.00,0.00",37,0.00,0.00,,1730000000
porn dedu,Navigational,40,"0.06,1.00,0.06,0.06,0.06,0.06,0.06,0.06,0.06,0.06,0.06,0.06",41,0.00,0.33,,44300
porn djde,"Navigational, Commercial",40,"1.00,0.00,0.00,0.00,0.00,1.00,0.50,0.50,0.00,0.00,0.50,0.50",63,1.69,0.00,Sitelinks,479000000
porn dute,"Navigational, Commercial",40,"0.25,0.25,0.00,0.00,1.00,0.00,0.00,0.25,0.00,0.00,0.00,0.00",85,1.69,0.00,Sitelinks,529000000
porn gamcore,Navigational,40,"1.00,0.00,0.60,0.80,0.40,0.60,0.80,0.60,0.80,1.00,1.00,0.80",63,0.00,0.00,Sitelinks,1630000
porn hub animtion,Navigational,40,"1.00,0.00,0.00,0.00,0.00,0.00,0.00,0.00,0.00,0.00,0.00,0.00",38,0.00,0.00,,240000000
porndude.clm,Navigational,40,"1.00,0.00,0.04,0.00,0.00,0.00,0.00,0.04,0.00,0.04,0.00,0.00",100,0.00,0.00,Sitelinks,
porndzde,Navigational,40,"0.81,0.18,0.18,1.00,1.00,0.18,0.18,0.18,0.18,0.18,0.18,0.18",69,0.00,0.33,,391
pornhub 3d cartoon,"Navigational, Transactional",40,"0.27,0.71,1.00,1.00,0.71,0.71,0.27,0.27,0.27,0.27,0.27,0.27",30,0.00,0.33,Sitelinks,176000000
pornhub cartoon 3d,"Navigational, Transactional",40,"0.28,0.70,1.00,1.00,0.70,0.70,0.28,0.28,0.28,0.28,0.28,0.28",40,0.00,0.33,,64600000
porno dud,Commercial,40,"0.00,0.11,0.56,0.44,0.00,0.44,0.78,1.00,0.56,0.44,0.44,0.56",28,0.00,0.00,People also ask,18800000
pornude com,Informational,40,"0.71,1.00,0.41,0.71,1.00,0.27,0.27,0.27,0.27,0.27,0.27,0.27",17,0.00,0.03,People also ask,80800
realistic sex animation,Informational,40,"0.18,1.00,0.18,0.18,0.18,1.00,0.18,0.18,0.18,0.18,0.18,0.18",16,0.00,0.33,,169000000
robot vore porn,"Informational, Transactional",40,"0.18,0.18,0.18,1.00,0.18,0.18,0.18,1.00,0.18,0.18,0.18,0.18",14,0.00,0.33,,
rule 34 3d animations,"Informational, Navigational",40,"0.78,0.13,0.13,0.13,0.13,0.13,0.63,1.00,0.13,0.13,0.13,0.13",12,0.00,0.33,,282000000
rule 34 3d gif,Navigational,40,"0.71,0.00,0.43,0.71,1.00,0.43,0.43,0.00,1.00,0.43,1.00,0.71",18,0.00,0.00,Sitelinks,51100000
rule 34 3d video,Informational,40,"0.20,0.00,0.00,0.20,0.20,0.00,1.00,0.53,0.53,1.00,1.00,0.53",12,0.00,0.00,,298000000
rule 34 monster animated,Navigational,40,"0.18,0.18,0.18,0.18,0.18,0.18,0.18,1.00,1.00,0.18,0.18,0.18",18,0.00,0.33,,83100000
sex 3d video,Commercial,40,"0.00,0.00,1.00,0.15,0.19,0.19,0.26,0.11,0.00,0.00,0.00,0.00",54,0.00,0.00,,315000000
sex 4k 3d,Informational,40,"1.00,0.78,0.56,0.78,0.56,0.00,0.00,0.22,0.22,0.22,0.00,0.00",,0.00,0.00,,1020000000
sex videos 3d,"Informational, Commercial",40,"0.09,0.00,0.00,0.00,0.18,1.00,0.18,0.18,1.00,0.18,0.09,0.09",50,0.00,0.00,,1390000000
sexanimated,Informational,40,"0.18,0.18,0.18,1.00,0.18,0.18,0.18,0.18,0.18,0.18,0.18,0.18",36,0.00,0.33,,1880000
slushe futanari,Navigational,40,"0.27,0.36,0.36,0.18,0.18,0.18,1.00,0.18,0.18,0.09,0.45,0.18",5,0.00,0.33,Sitelinks,703000
soft porn animation,Informational,40,"0.17,0.17,0.17,0.17,1.00,0.17,1.00,0.62,0.17,0.17,0.17,0.17",21,0.00,0.33,People also ask,62500000
superheroine porn xfantazy,"Navigational, Transactional",40,"0.13,0.13,0.13,0.13,0.13,0.13,0.13,0.78,0.13,0.78,0.13,1.00",2,0.00,0.33,,94700
the porn blender,Informational,40,"0.18,0.18,0.36,0.18,0.18,0.18,1.00,0.81,1.00,0.18,0.27,0.27",12,0.00,0.33,Sitelinks,
toon porn site,Commercial,40,"0.18,0.18,0.18,1.00,1.00,0.18,0.27,0.18,0.18,0.18,0.18,0.18",50,0.00,0.33,,125000000
toons 3d porn,Transactional,40,"1.00,0.00,0.00,0.00,0.00,0.00,0.00,1.00,0.00,0.00,0.00,0.00",32,0.00,0.33,,138000000
top rated animated porn,Commercial,40,"1.00,0.18,0.18,0.18,0.18,0.18,0.18,0.18,0.18,0.18,0.18,0.18",34,0.00,0.33,People also ask,603000000
trapunzel porn,Informational,40,"0.00,1.00,0.00,0.00,0.00,0.00,0.00,0.00,0.00,0.00,0.00,0.00",22,0.00,0.00,,47800
twitter porn animators,Navigational,40,"0.11,0.11,0.23,0.11,0.23,0.11,0.41,1.00,0.11,0.11,0.11,0.11",31,0.00,0.33,,249000000
uhd 3d porn,Informational,40,"1.00,0.44,0.44,0.56,0.56,0.22,0.22,0.22,0.22,0.00,0.22,0.22",12,0.00,0.33,,45800000
ultra hd 3d porn,Informational,40,"1.00,0.56,0.44,0.56,0.76,0.32,0.21,0.21,0.21,0.21,0.21,0.21",18,0.00,0.33,,211000000
weird 3d porn,Informational,40,"0.27,1.00,0.71,0.71,0.71,0.71,0.71,1.00,0.71,0.27,0.27,0.27",13,0.00,0.33,,36200000
x hamster cartoon,"Navigational, Transactional",40,"0.00,0.00,0.23,0.29,0.29,0.00,1.00,0.41,0.23,0.00,0.23,0.23",25,0.00,0.00,Sitelinks,251000000
x rated 3d,Informational,40,"0.18,0.18,1.00,0.18,0.18,0.18,0.18,0.18,0.18,0.18,0.18,0.18",62,0.00,0.33,,659000000
xnx 3d,Navigational,40,"1.00,0.00,1.00,0.00,0.00,0.00,0.00,0.00,0.00,0.00,0.00,0.00",17,0.00,0.33,,342000000
xnxx animasi,"Navigational, Transactional",40,"1.00,0.79,1.00,0.79,0.59,0.38,0.38,0.38,0.38,0.38,0.38,0.38",24,0.00,0.33,,8570000
xxxvideo animated,"Informational, Navigational",40,"0.50,0.14,0.28,0.14,1.00,0.14,0.14,0.14,0.14,0.14,0.14,0.14",37,0.00,0.33,,126000000
порно 3 д,"Informational, Commercial",40,"0.07,0.07,1.00,0.07,0.07,0.07,0.07,0.79,0.07,0.14,0.07,0.07",62,0.00,0.00,,3450000000
سکس کارتون xnxx,"Navigational, Transactional",40,"1.00,0.56,0.76,0.56,0.76,0.21,0.21,0.21,0.21,0.21,0.21,0.21",45,0.00,0.33,,5090000
成人 动画 3d,Informational,40,"0.64,0.52,1.00,0.11,0.11,0.11,0.11,0.11,0.11,0.11,0.11,0.11",25,0.00,0.33,,20600000
色情 3d 网站,Commercial,40,"0.64,1.00,0.11,0.11,0.11,0.11,0.11,0.11,0.11,0.11,0.11,0.11",27,0.00,0.33,,34600000
色情 动漫 3d,Informational,40,"0.14,1.00,0.14,0.14,0.14,0.14,0.14,0.14,0.14,0.14,0.14,0.14",21,0.00,0.33,People also ask,28000000
애니메이션 야동,Informational,40,"1.00,1.00,0.00,1.00,1.00,1.00,1.00,1.00,1.00,0.00,0.00,0.00",11,0.00,0.33,,4310000
3d animated animal porn,,30,"0.17,1.00,0.17,0.17,0.17,0.17,0.17,0.17,0.17,0.17,0.17,0.17",,0.00,0.33,,
3d animated porn site,,30,"0.00,0.27,0.09,0.63,0.00,0.27,0.00,0.00,0.00,0.81,1.00,0.00",,0.00,0.01,,
3d animation animal porn,,30,"0.17,1.00,0.17,0.17,0.17,0.17,0.17,0.17,0.17,0.17,0.17,0.17",,0.00,0.33,,
3d animation porn site,,30,"0.00,0.00,1.00,0.00,0.00,1.00,0.00,0.00,0.36,0.18,0.18,0.00",,0.00,0.33,,
3d animationporn,Informational,30,"0.00,0.00,0.00,0.00,0.00,0.00,0.00,0.00,0.00,0.00,0.00,0.00",48,2.27,0.16,,5350000
3d anime animal porn,,30,"0.18,1.00,0.18,0.18,0.18,0.18,0.18,0.18,0.18,0.18,0.18,0.18",,0.00,0.33,,
3d anime porn gifs,,30,"0.00,0.00,0.00,0.21,0.33,0.00,0.56,0.10,0.56,1.00,0.56,0.56",,0.00,0.00,,
3d anime porn movie,,30,"1.00,0.00,0.00,0.00,0.80,0.00,0.00,0.00,0.00,0.00,0.00,0.00",,0.00,0.00,,
animal 3d porn,,30,"0.00,0.00,0.00,0.65,0.00,0.00,0.00,0.00,1.00,0.00,0.53,0.00",,0.00,0.00,,
animated 3d animal porn,,30,"0.17,1.00,0.17,0.17,0.17,0.17,0.17,0.17,0.17,0.17,0.17,0.17",,0.00,0.33,,
animated 3d porn gif,,30,"0.09,0.18,0.18,0.18,0.18,0.18,0.18,1.00,0.18,0.18,0.18,0.18",,0.00,0.33,,
anime 3d hd porn,,30,"1.00,0.38,0.59,0.38,0.59,0.59,0.79,0.59,0.59,0.38,0.59,0.38",,0.00,0.33,,
anime 3d porn twitter,,30,"0.28,0.28,1.00,0.28,0.28,1.00,0.28,0.28,0.28,0.28,0.28,0.28",,0.00,0.33,,
anime 3d porn video,,30,"0.00,0.00,0.80,0.00,1.00,0.00,1.00,0.60,1.00,0.00,1.00,0.80",,0.00,0.00,,
five nights in anime 3d porn,,30,"0.18,0.18,0.18,0.18,0.18,1.00,0.18,0.18,0.18,0.18,0.18,0.18",,0.00,0.33,,
hot 3d animated porn,,30,"0.17,0.17,0.17,0.17,0.17,0.17,0.17,1.00,0.17,0.17,0.17,0.17",,0.00,0.33,,
hot 3d anime porn,,30,"0.17,0.17,0.17,0.17,0.17,0.17,0.17,1.00,0.17,0.17,0.17,0.17",,0.00,0.33,,
hot anime 3d porn,,30,"0.18,0.18,0.18,0.18,0.00,0.18,0.18,1.00,0.18,0.18,0.18,0.18",,0.00,0.33,,
humster 3d,"Navigational, Transactional",30,"1.00,1.00,0.09,0.18,0.00,0.27,0.27,0.09,0.00,0.45,0.18,0.18",28,0.72,0.09,,37900000
new 3d animated porn,,30,"0.18,0.18,0.18,0.18,0.18,0.18,1.00,0.18,0.18,0.18,0.18,0.18",,0.00,0.33,,
porcore.con,Transactional,30,"0.00,0.00,1.00,0.64,0.00,0.00,0.00,0.00,0.00,0.00,0.00,0.00",51,0.97,0.20,Ads bottom,134000
porn amination,Informational,30,"0.00,0.00,0.00,0.00,0.00,0.00,0.00,0.00,0.00,1.00,0.00,0.00",,1.02,0.00,,1470000000
porn aniamtions,"Informational, Navigational",30,"0.00,0.00,0.00,1.00,0.00,0.00,0.00,0.00,0.00,0.00,0.00,0.00",38,1.02,0.00,,1270000000
porn dood,Informational,30,"0.00,0.00,0.09,0.27,0.64,0.18,0.36,0.09,0.27,1.00,0.27,0.64",,1.69,0.00,,19100000
uncensored 3d animated porn,,30,"1.00,0.18,0.18,0.18,0.18,0.18,0.18,0.18,0.18,0.18,0.18,0.18",,0.00,0.33,,
uncensored 3d anime porn,,30,"1.00,0.18,0.18,0.18,0.18,0.18,0.18,0.18,0.18,0.18,0.18,0.18",,0.00,0.33,,
3d animal comic porn,,20,"1.00,1.00,1.00,1.00,1.00,1.00,1.00,1.00,0.00,1.00,1.00,1.00",,0.00,0.33,,
3d animal gay porn,,20,"1.00,1.00,1.00,1.00,1.00,1.00,1.00,1.00,1.00,1.00,1.00,1.00",,0.00,0.33,,
3d animal porn comics,,20,"1.00,1.00,1.00,1.00,1.00,1.00,1.00,1.00,1.00,1.00,1.00,1.00",,0.00,0.33,,
3d animal porn compilation,,20,"1.00,1.00,1.00,1.00,1.00,1.00,1.00,1.00,1.00,1.00,1.00,1.00",,0.00,0.33,,
3d animal porn games,,20,"1.00,1.00,1.00,1.00,1.00,1.00,1.00,1.00,1.00,1.00,1.00,1.00",,0.00,0.33,,
3d animal porn gif,,20,"1.00,1.00,1.00,1.00,1.00,1.00,1.00,1.00,1.00,1.00,1.00,1.00",,0.00,0.33,,
3d animal porn movies,,20,"1.00,1.00,1.00,1.00,1.00,1.00,1.00,1.00,1.00,1.00,1.00,1.00",,0.00,0.33,,
3d animal porn tube,,20,"1.00,1.00,1.00,1.00,1.00,1.00,1.00,1.00,1.00,1.00,1.00,1.00",,0.00,0.33,,
3d animate porn,,20,"1.00,1.00,1.00,1.00,1.00,1.00,1.00,1.00,1.00,1.00,1.00,1.00",,0.00,0.33,,
3d animated alien porn,,20,"1.00,1.00,1.00,1.00,1.00,1.00,1.00,1.00,1.00,1.00,1.00,1.00",,0.00,0.33,,
3d animated beast porn,,20,"1.00,1.00,1.00,1.00,1.00,1.00,1.00,1.00,1.00,1.00,1.00,1.00",,0.00,0.33,,
3d animated celebrity porn,,20,"1.00,1.00,1.00,1.00,1.00,1.00,1.00,1.00,1.00,1.00,1.00,1.00",,0.00,0.33,,
3d animated comic porn,,20,"1.00,1.00,1.00,1.00,1.00,1.00,1.00,1.00,1.00,1.00,1.00,1.00",,0.00,0.33,,
3d animated demon porn,,20,"1.00,1.00,1.00,1.00,1.00,1.00,1.00,1.00,1.00,1.00,1.00,1.00",,0.00,0.33,,
3d animated elf porn,,20,"1.00,1.00,1.00,1.00,1.00,1.00,1.00,1.00,1.00,1.00,1.00,1.00",,0.00,0.33,,
3d animated fantasy porn,,20,"1.00,1.00,1.00,1.00,1.00,1.00,1.00,1.00,1.00,1.00,1.00,1.00",,0.00,0.33,,
3d animated feet porn,,20,"1.00,1.00,1.00,1.00,1.00,1.00,1.00,1.00,1.00,1.00,1.00,1.00",,0.00,0.33,,
3d animated gay porn videos,,20,"1.00,1.00,1.00,1.00,1.00,1.00,1.00,1.00,1.00,1.00,1.00,1.00",,0.00,0.33,,
3d animated incest porn,,20,"0.00,0.40,0.20,1.00,0.80,0.20,0.20,0.20,0.60,0.40,0.20,0.20",,0.00,0.00,,
3d animated lara croft porn,,20,"1.00,1.00,1.00,1.00,1.00,1.00,1.00,1.00,1.00,1.00,1.00,1.00",,0.00,0.33,,
3d animated mom porn,,20,"1.00,1.00,1.00,1.00,1.00,1.00,1.00,1.00,1.00,1.00,1.00,1.00",,0.00,0.33,,
3d animated mom son porn,,20,"1.00,1.00,1.00,1.00,1.00,1.00,1.00,1.00,1.00,1.00,1.00,1.00",,0.00,0.33,,
3d animated monster porn videos,,20,"1.00,1.00,1.00,1.00,1.00,1.00,1.00,1.00,1.00,1.00,1.00,1.00",,0.00,0.33,,
3d animated movie porn,,20,"1.00,1.00,1.00,1.00,1.00,1.00,1.00,1.00,1.00,1.00,1.00,1.00",,0.00,0.33,,
3d animated porn ads,,20,"1.00,1.00,1.00,1.00,1.00,1.00,1.00,1.00,1.00,1.00,1.00,1.00",,0.00,0.33,,
3d animated porn cartoons,,20,"1.00,1.00,1.00,1.00,1.00,1.00,1.00,1.00,1.00,1.00,1.00,1.00",,0.00,0.33,,
3d animated porn clips,,20,"1.00,1.00,1.00,1.00,1.00,1.00,1.00,1.00,1.00,1.00,1.00,1.00",,0.00,0.33,,
3d animated porn download,,20,"1.00,1.00,1.00,1.00,0.00,1.00,1.00,1.00,1.00,1.00,1.00,1.00",,0.00,0.33,,
3d animated porn movie,,20,"0.08,0.00,0.00,0.00,0.00,0.00,0.00,0.64,0.00,0.00,0.00,1.00",,0.00,0.00,,
3d animated porn pics,,20,"1.00,1.00,1.00,1.00,1.00,1.00,1.00,1.00,1.00,1.00,1.00,1.00",,0.00,0.33,,
3d animated porn realistic,,20,"1.00,1.00,1.00,1.00,1.00,1.00,1.00,1.00,1.00,1.00,1.00,1.00",,0.00,0.33,,
3d animated porn reddit,,20,"1.00,1.00,1.00,1.00,1.00,1.00,1.00,1.00,1.00,1.00,1.00,1.00",,0.00,0.33,,
3d animated porn series,,20,"1.00,1.00,1.00,1.00,1.00,1.00,1.00,1.00,1.00,1.00,1.00,1.00",,0.00,0.33,,
3d animated porn tube,,20,"0.00,0.42,0.14,0.00,0.42,0.00,0.28,0.00,0.00,0.28,0.00,1.00",,0.00,0.00,,
3d animated porn twitter,,20,"1.00,1.00,1.00,1.00,1.00,1.00,1.00,1.00,1.00,1.00,1.00,1.00",,0.00,0.33,,
3d animated pov porn,,20,"1.00,1.00,1.00,1.00,1.00,1.00,1.00,1.00,1.00,1.00,1.00,1.00",,0.00,0.33,,
3d animated realistic porn,,20,"1.00,1.00,1.00,1.00,1.00,1.00,1.00,1.00,1.00,1.00,1.00,1.00",,0.00,0.33,,
3d animated sex porn,,20,"1.00,1.00,1.00,1.00,1.00,1.00,1.00,1.00,1.00,1.00,1.00,1.00",,0.00,0.33,,
3d animated shemale porn,,20,"0.67,0.33,0.67,0.33,0.67,0.33,0.67,1.00,1.00,0.67,0.67,0.67",,0.00,0.00,,
3d animated stepmom porn,,20,"1.00,1.00,1.00,1.00,1.00,1.00,1.00,1.00,1.00,1.00,1.00,1.00",,0.00,0.33,,
3d animated story porn,,20,"1.00,1.00,1.00,1.00,1.00,1.00,1.00,1.00,1.00,1.00,1.00,1.00",,0.00,0.33,,
3d animated superhero porn,,20,"1.00,1.00,1.00,1.00,1.00,1.00,1.00,1.00,1.00,1.00,1.00,1.00",,0.00,0.33,,
3d animated taboo porn,,20,"1.00,1.00,1.00,1.00,1.00,1.00,1.00,1.00,1.00,1.00,1.00,1.00",,0.00,0.33,,
3d animated toon porn,,20,"1.00,1.00,1.00,1.00,1.00,1.00,1.00,1.00,1.00,1.00,1.00,1.00",,0.00,0.33,,
3d animated video game porn,,20,"1.00,1.00,1.00,1.00,1.00,1.00,1.00,1.00,1.00,1.00,1.00,1.00",,0.00,0.33,,
3d animated video porn,,20,"1.00,1.00,1.00,1.00,1.00,1.00,1.00,1.00,0.00,1.00,1.00,1.00",,0.00,0.33,,
3d animated zoo porn,,20,"1.00,1.00,1.00,1.00,1.00,1.00,1.00,1.00,1.00,1.00,1.00,1.00",,0.00,0.33,,
3d animation alien porn,,20,"1.00,1.00,1.00,1.00,1.00,1.00,1.00,1.00,1.00,1.00,1.00,1.00",,0.00,0.33,,
3d animation anal porn,,20,"1.00,1.00,1.00,1.00,1.00,1.00,1.00,1.00,1.00,1.00,1.00,1.00",,0.00,0.33,,
3d animation anime porn,,20,"1.00,1.00,1.00,1.00,1.00,1.00,1.00,1.00,1.00,1.00,1.00,1.00",,0.00,0.33,,
3d animation bbc porn,,20,"1.00,1.00,1.00,1.00,1.00,1.00,1.00,1.00,1.00,1.00,1.00,1.00",,0.00,0.33,,
3d animation big ass porn,,20,"1.00,1.00,1.00,1.00,1.00,1.00,1.00,1.00,1.00,1.00,1.00,1.00",,0.00,0.33,,
3d animation compilation porn,,20,"1.00,1.00,1.00,1.00,1.00,1.00,1.00,1.00,1.00,1.00,1.00,1.00",,0.00,0.33,,
3d animation feet porn,,20,"1.00,1.00,1.00,1.00,1.00,1.00,1.00,1.00,1.00,1.00,1.00,1.00",,0.00,0.33,,
3d animation forced porn,,20,"1.00,1.00,1.00,1.00,1.00,1.00,1.00,1.00,1.00,1.00,1.00,1.00",,0.00,0.33,,
3d animation full porn,,20,"1.00,1.00,1.00,1.00,1.00,1.00,1.00,1.00,1.00,1.00,1.00,1.00",,0.00,0.33,,
3d animation game porn,,20,"1.00,1.00,1.00,1.00,1.00,1.00,1.00,1.00,1.00,1.00,1.00,1.00",,0.00,0.33,,
3d animation hd porn,,20,"1.00,1.00,1.00,0.00,1.00,1.00,1.00,1.00,1.00,1.00,1.00,1.00",,0.00,0.33,,
3d animation mom and son porn,,20,"1.00,1.00,1.00,1.00,1.00,1.00,1.00,1.00,1.00,1.00,0.00,1.00",,0.00,0.33,,
3d animation mom porn,,20,"1.00,1.00,1.00,1.00,1.00,1.00,1.00,1.00,1.00,1.00,1.00,1.00",,0.00,0.33,,
3d animation mom son porn,,20,"1.00,1.00,1.00,1.00,1.00,1.00,1.00,1.00,1.00,1.00,1.00,1.00",,0.00,0.33,,
3d animation movie porn,,20,"1.00,1.00,1.00,1.00,1.00,1.00,1.00,1.00,1.00,1.00,1.00,1.00",,0.00,0.33,,
3d animation porn 4k,,20,"1.00,1.00,0.00,1.00,1.00,1.00,1.00,1.00,1.00,1.00,1.00,1.00",,0.00,0.33,,
3d animation porn ad,,20,"1.00,1.00,1.00,1.00,1.00,1.00,1.00,1.00,1.00,1.00,1.00,1.00",,0.00,0.33,,
3d animation porn cartoon,,20,"1.00,1.00,1.00,1.00,1.00,1.00,1.00,1.00,1.00,1.00,1.00,0.00",,0.00,0.00,,
3d animation porn download,,20,"1.00,1.00,1.00,1.00,0.00,1.00,1.00,1.00,1.00,0.00,1.00,1.00",,0.00,0.33,,
3d animation porn full,,20,"1.00,1.00,1.00,1.00,1.00,1.00,1.00,1.00,1.00,1.00,1.00,1.00",,0.00,0.33,,
3d animation porn full video,,20,"1.00,1.00,1.00,1.00,1.00,1.00,1.00,1.00,1.00,1.00,1.00,1.00",,0.00,0.33,,
3d animation porn futa,,20,"1.00,1.00,1.00,1.00,1.00,1.00,1.00,1.00,1.00,1.00,1.00,1.00",,0.00,0.33,,
3d animation porn gay,,20,"1.00,1.00,1.00,1.00,1.00,1.00,1.00,1.00,1.00,1.00,1.00,1.00",,0.00,0.33,,
3d animation porn gifs,,20,"0.00,0.00,0.14,0.14,0.00,0.00,0.00,1.00,0.00,0.71,0.71,0.71",,0.00,0.00,,
3d animation porn hardcore,,20,"1.00,1.00,1.00,1.00,1.00,1.00,1.00,1.00,1.00,1.00,1.00,1.00",,0.00,0.33,,
3d animation porn horse,,20,"1.00,1.00,1.00,1.00,1.00,1.00,1.00,1.00,1.00,1.00,1.00,1.00",,0.00,0.33,,
3d animation porn jackerman,,20,"1.00,1.00,1.00,1.00,1.00,1.00,1.00,1.00,1.00,1.00,1.00,1.00",,0.00,0.33,,
3d animation porn lesbian,,20,"1.00,1.00,1.00,1.00,1.00,1.00,1.00,1.00,1.00,1.00,1.00,1.00",,0.00,0.33,,
3d animation porn mom,,20,"1.00,1.00,1.00,1.00,1.00,1.00,1.00,1.00,1.00,1.00,1.00,1.00",,0.00,0.33,,
3d animation porn overwatch,,20,"1.00,1.00,1.00,1.00,1.00,1.00,1.00,1.00,1.00,1.00,1.00,1.00",,0.00,0.33,,
3d animation porn pov,,20,"1.00,1.00,1.00,1.00,1.00,1.00,1.00,1.00,1.00,1.00,1.00,1.00",,0.00,0.33,,
3d animation porn reddit,,20,"1.00,1.00,1.00,1.00,1.00,1.00,1.00,1.00,1.00,1.00,1.00,1.00",,0.00,0.33,,
3d animation porn sex,,20,"1.00,1.00,1.00,1.00,1.00,1.00,1.00,1.00,1.00,1.00,1.00,1.00",,0.00,0.33,,
3d animation porn telegram,,20,"1.00,1.00,1.00,1.00,1.00,1.00,1.00,1.00,1.00,1.00,1.00,1.00",,0.00,0.33,,
3d animation porn tubes,,20,"0.00,0.21,1.00,0.00,0.21,0.00,0.00,0.35,0.00,0.00,0.00,0.00",,0.00,0.00,,
3d animation porn twitter,,20,"1.00,1.00,1.00,1.00,1.00,1.00,1.00,1.00,1.00,1.00,1.00,1.00",,0.00,0.33,,
3d animation porn vr,,20,"1.00,1.00,1.00,1.00,1.00,1.00,1.00,1.00,1.00,1.00,1.00,1.00",,0.00,0.33,,
3d animation porn website,,20,"1.00,1.00,1.00,1.00,1.00,1.00,1.00,1.00,1.00,1.00,1.00,1.00",,0.00,0.33,,
3d animation pornos,,20,"0.00,0.00,0.00,0.00,0.00,0.00,0.00,0.00,0.00,0.00,0.00,0.00",,0.00,0.00,,
3d animation pov porn,,20,"0.00,0.00,0.00,0.00,0.00,0.00,0.00,0.00,0.00,0.00,0.00,0.00",,0.00,0.33,,
3d animation realistic porn,,20,"1.00,1.00,1.00,1.00,1.00,1.00,1.00,1.00,1.00,1.00,1.00,1.00",,0.00,0.33,,
3d animation sex porn,,20,"1.00,1.00,1.00,1.00,1.00,1.00,1.00,1.00,1.00,1.00,1.00,1.00",,0.00,0.33,,
3d animation step mom porn,,20,"1.00,1.00,1.00,1.00,1.00,1.00,1.00,1.00,1.00,1.00,1.00,1.00",,0.00,0.33,,
3d animation stepmom porn,,20,"1.00,1.00,1.00,1.00,1.00,1.00,1.00,1.00,1.00,1.00,1.00,1.00",,0.00,0.33,,
3d animation story porn,,20,"1.00,1.00,1.00,1.00,1.00,1.00,1.00,1.00,1.00,1.00,1.00,1.00",,0.00,0.33,,
3d animation tentacle porn,,20,"1.00,1.00,1.00,1.00,1.00,1.00,1.00,1.00,1.00,1.00,1.00,1.00",,0.00,0.33,,
3d animations porn,,20,"0.00,0.00,0.00,0.00,0.00,0.00,0.00,0.00,0.00,1.00,0.00,0.00",,0.00,0.00,,
3d anime alien porn,,20,"1.00,1.00,1.00,1.00,1.00,1.00,1.00,1.00,1.00,1.00,1.00,1.00",,0.00,0.33,,
3d anime anal porn,,20,"1.00,1.00,1.00,1.00,1.00,1.00,1.00,1.00,1.00,1.00,1.00,1.00",,0.00,0.33,,
3d anime animation porn,,20,"1.00,1.00,1.00,1.00,1.00,1.00,1.00,1.00,1.00,1.00,1.00,1.00",,0.00,0.33,,
3d anime character porn,,20,"1.00,1.00,1.00,1.00,1.00,1.00,1.00,1.00,1.00,1.00,1.00,1.00",,0.00,0.33,,
3d anime dog porn,,20,"1.00,1.00,1.00,1.00,1.00,1.00,1.00,1.00,1.00,1.00,1.00,1.00",,0.00,0.33,,
3d anime elf porn,,20,"1.00,1.00,1.00,1.00,1.00,1.00,1.00,1.00,1.00,1.00,1.00,1.00",,0.00,0.33,,
3d anime feet porn,,20,"1.00,1.00,1.00,1.00,1.00,1.00,1.00,1.00,1.00,1.00,1.00,1.00",,0.00,0.33,,
3d anime forced porn,,20,"1.00,1.00,1.00,1.00,1.00,1.00,1.00,1.00,1.00,1.00,1.00,1.00",,0.00,0.33,,
3d anime futanari porn,,20,"0.00,0.00,0.00,1.00,1.00,0.74,0.25,0.74,1.00,0.74,0.49,0.49",,0.00,0.00,,
3d anime game porn,,20,"1.00,1.00,1.00,1.00,1.00,1.00,1.00,1.00,1.00,1.00,1.00,1.00",,0.00,0.33,,
3d anime horse porn,,20,"1.00,1.00,1.00,1.00,1.00,1.00,1.00,1.00,1.00,1.00,1.00,1.00",,0.00,0.33,,
3d anime mom porn,,20,"1.00,1.00,1.00,1.00,1.00,1.00,1.00,1.00,1.00,1.00,1.00,1.00",,0.00,0.33,,
3d anime porn anal,,20,"1.00,1.00,1.00,1.00,1.00,1.00,1.00,1.00,1.00,1.00,1.00,1.00",,0.00,0.33,,
3d anime porn com,,20,"1.00,1.00,1.00,1.00,0.50,1.00,0.00,1.00,1.00,1.00,1.00,1.00",,0.00,0.33,,
3d anime porn compilation,,20,"1.00,1.00,1.00,1.00,1.00,1.00,1.00,1.00,1.00,1.00,1.00,1.00",,0.00,0.33,,
3d anime porn download,,20,"1.00,1.00,1.00,1.00,0.00,1.00,1.00,1.00,1.00,1.00,1.00,1.00",,0.00,0.33,,
3d anime porn gay,,20,"1.00,1.00,1.00,1.00,1.00,1.00,1.00,1.00,1.00,1.00,1.00,1.00",,0.00,0.33,,
3d anime porn hd,,20,"1.00,1.00,1.00,1.00,1.00,1.00,1.00,1.00,1.00,1.00,1.00,1.00",,0.00,0.33,,
3d anime porn mom,,20,"1.00,1.00,1.00,1.00,1.00,1.00,1.00,1.00,1.00,1.00,1.00,1.00",,0.00,0.33,,
3d anime porn monster,,20,"1.00,1.00,1.00,1.00,1.00,1.00,1.00,1.00,1.00,1.00,1.00,1.00",,0.00,0.33,,
3d anime porn movies,,20,"0.00,0.00,0.58,0.00,0.00,0.00,1.00,0.73,0.58,0.58,0.12,0.27",,0.00,0.00,,
3d anime porn pics,,20,"1.00,1.00,1.00,1.00,1.00,1.00,1.00,1.00,1.00,1.00,1.00,1.00",,0.00,0.33,,
3d anime porn pictures,,20,"1.00,1.00,1.00,1.00,1.00,1.00,1.00,1.00,1.00,1.00,1.00,1.00",,0.00,0.33,,
3d anime porn series,,20,"1.00,1.00,1.00,1.00,1.00,1.00,1.00,1.00,1.00,1.00,1.00,1.00",,0.00,0.33,,
3d anime porn sex,,20,"1.00,1.00,1.00,1.00,1.00,1.00,1.00,1.00,1.00,1.00,1.00,1.00",,0.00,0.33,,
3d anime porn story,,20,"1.00,1.00,1.00,1.00,1.00,1.00,1.00,1.00,1.00,1.00,1.00,1.00",,0.00,0.33,,
3d anime porn twitter,,20,"0.25,0.25,0.25,0.25,0.25,1.00,0.25,0.50,0.50,0.50,0.50,0.50",,0.00,0.33,,
3d anime porn uncensored,,20,"1.00,1.00,1.00,1.00,1.00,1.00,1.00,1.00,1.00,1.00,1.00,1.00",,0.00,0.33,,
3d anime porn vids,,20,"1.00,0.50,1.00,1.00,1.00,0.50,0.50,0.50,0.50,1.00,0.50,0.50",,0.00,0.00,,
3d anime porn xnxx,,20,"1.00,1.00,1.00,1.00,1.00,1.00,1.00,1.00,1.00,0.00,0.00,1.00",,0.00,0.33,,
3d anime pornos,,20,"0.00,0.00,1.00,0.00,0.00,0.00,0.00,0.00,0.00,0.00,0.00,0.00",,0.00,0.00,,
3d anime sex porn,,20,"1.00,1.00,1.00,1.00,1.00,1.00,1.00,1.00,1.00,1.00,1.00,1.00",,0.00,0.33,,
3d anime stepmom porn,,20,"1.00,1.00,1.00,1.00,1.00,1.00,1.00,1.00,1.00,1.00,1.00,1.00",,0.00,0.33,,
3d anime zoo porn,,20,"1.00,1.00,1.00,1.00,1.00,1.00,0.00,1.00,0.00,1.00,1.00,1.00",,0.00,0.33,,
3d animo porn,,20,"1.00,1.00,1.00,1.00,1.00,1.00,1.00,1.00,1.00,1.00,1.00,1.00",,0.00,0.33,,
3d cartoon animal porn,,20,"1.00,1.00,1.00,1.00,1.00,1.00,1.00,1.00,1.00,1.00,1.00,1.00",,0.00,0.33,,
3d cartoon animated porn,,20,"1.00,1.00,1.00,1.00,1.00,1.00,1.00,1.00,1.00,1.00,1.00,1.00",,0.00,0.33,,
3d cartoon animation porn,,20,"1.00,1.00,1.00,1.00,1.00,1.00,1.00,1.00,1.00,1.00,1.00,1.00",,0.00,0.33,,
3d cartoon anime porn,,20,"1.00,1.00,1.00,1.00,1.00,1.00,1.00,1.00,1.00,1.00,1.00,1.00",,0.00,0.33,,
3d cgi animation porn,,20,"1.00,1.00,1.00,0.00,1.00,1.00,1.00,1.00,1.00,1.00,1.00,1.00",,0.00,0.33,,
3d computer animated porn,,20,"1.00,1.00,1.00,0.00,1.00,1.00,0.00,1.00,0.00,1.00,1.00,1.00",,0.00,0.33,,
3d futa porn animation,,20,"1.00,1.00,1.00,1.00,1.00,1.00,1.00,1.00,1.00,1.00,1.00,1.00",,0.00,0.33,,
3d gay porn anime,,20,"1.00,1.00,1.00,1.00,1.00,1.00,1.00,1.00,1.00,1.00,1.00,1.00",,0.00,0.33,,
3d hd anime porn,,20,"1.00,1.00,1.00,1.00,1.00,1.00,1.00,1.00,1.00,1.00,1.00,1.00",,0.00,0.33,,
3d hd porn animation,,20,"1.00,1.00,1.00,1.00,1.00,1.00,1.00,0.00,1.00,1.00,1.00,0.00",,0.00,0.00,,
3d horse animation porn,,20,"1.00,1.00,1.00,1.00,1.00,1.00,1.00,1.00,1.00,1.00,1.00,1.00",,0.00,0.33,,
3d horse porn animation,,20,"1.00,1.00,1.00,1.00,1.00,1.00,1.00,1.00,1.00,1.00,1.00,1.00",,0.00,0.33,,
3d japanese animation porn,,20,"1.00,1.00,1.00,1.00,1.00,1.00,1.00,1.00,1.00,1.00,1.00,1.00",,0.00,0.33,,
3d japanese anime porn,,20,"1.00,1.00,1.00,1.00,1.00,1.00,1.00,1.00,1.00,1.00,1.00,1.00",,0.00,0.33,,
3d lesbian porn animation,,20,"1.00,1.00,1.00,1.00,1.00,1.00,1.00,1.00,1.00,1.00,1.00,1.00",,0.00,0.33,,
3d mom animation porn,,20,"1.00,1.00,1.00,1.00,1.00,1.00,1.00,1.00,1.00,1.00,1.00,1.00",,0.00,0.33,,
3d mom porn animation,,20,"1.00,1.00,1.00,1.00,1.00,1.00,1.00,1.00,1.00,1.00,1.00,1.00",,0.00,0.33,,
3d porn animation compilation,,20,"1.00,1.00,1.00,1.00,1.00,1.00,1.00,1.00,1.00,1.00,1.00,1.00",,0.00,0.33,,
3d porn animation futa,,20,"1.00,1.00,1.00,1.00,1.00,1.00,1.00,1.00,1.00,1.00,1.00,1.00",,0.00,0.33,,
3d porn animation game,,20,"1.00,0.00,1.00,1.00,1.00,1.00,1.00,1.00,1.00,1.00,1.00,1.00",,0.00,0.33,,
3d porn animation software,,20,"1.00,1.00,0.00,1.00,1.00,1.00,1.00,1.00,1.00,1.00,1.00,1.00",,0.00,0.33,,
3d porn animation twitter,,20,"1.00,1.00,1.00,1.00,1.00,1.00,1.00,1.00,1.00,1.00,1.00,1.00",,0.00,0.33,,
3d porn game animation,,20,"1.00,0.00,1.00,1.00,1.00,1.00,1.00,1.00,1.00,1.00,1.00,0.00",,0.00,0.00,,
3d porn game anime,,20,"0.00,0.00,0.00,1.00,1.00,1.00,1.00,1.00,1.00,1.00,1.00,1.00",,0.00,0.33,,
3d realistic porn animation,,20,"1.00,1.00,1.00,1.00,1.00,1.00,1.00,1.00,1.00,1.00,1.00,1.00",,0.00,0.33,,
3d vr anime porn,,20,"1.00,1.00,1.00,1.00,1.00,1.00,1.00,1.00,1.00,0.00,1.00,1.00",,0.00,0.33,,
4k 3d animation porn,,20,"1.00,1.00,1.00,1.00,1.00,1.00,1.00,1.00,1.00,1.00,1.00,1.00",,0.00,0.33,,
animal 3d porn comics,,20,"1.00,1.00,1.00,0.00,1.00,1.00,1.00,1.00,1.00,1.00,1.00,0.00",,0.00,0.00,,
animal crossing ankha 3d porn,,20,"1.00,1.00,1.00,1.00,1.00,1.00,1.00,1.00,1.00,0.00,1.00,1.00",,0.00,0.33,,
animal crossing porn 3d,,20,"1.00,1.00,1.00,1.00,1.00,1.00,1.00,1.00,1.00,1.00,1.00,1.00",,0.00,0.33,,
animated 3d family porn,,20,"1.00,1.00,1.00,1.00,1.00,1.00,1.00,1.00,1.00,1.00,1.00,1.00",,0.00,0.33,,
animated 3d hd porn,,20,"0.00,0.00,0.00,0.00,0.00,0.00,0.00,0.00,1.00,0.00,1.00,0.00",,0.00,0.33,,
animated 3d lesbian porn,,20,"1.00,1.00,1.00,1.00,1.00,1.00,1.00,1.00,1.00,1.00,1.00,1.00",,0.00,0.33,,
animated 3d monster porn,,20,"1.00,1.00,1.00,1.00,1.00,1.00,1.00,1.00,1.00,1.00,1.00,1.00",,0.00,0.33,,
animated 3d porn games,,20,"1.00,1.00,1.00,0.50,1.00,1.00,1.00,1.00,1.00,1.00,1.00,1.00",,0.00,0.33,,
animated 3d porn movies,,20,"0.00,0.00,0.00,0.05,0.00,0.00,1.00,0.11,0.00,0.00,0.00,0.00",,0.00,0.00,,
animated 3d porn video,,20,"0.00,0.00,0.00,1.00,0.00,0.13,0.00,0.09,0.00,0.00,0.00,0.00",,0.00,0.00,,
animated 3d sex porn,,20,"1.00,1.00,1.00,1.00,1.00,1.00,1.00,1.00,1.00,1.00,1.00,1.00",,0.00,0.33,,
animated 3d vr porn,,20,"1.00,1.00,1.00,1.00,1.00,1.00,1.00,1.00,1.00,1.00,1.00,1.00",,0.00,0.33,,
animation 3d gay porn,,20,"1.00,1.00,1.00,1.00,1.00,1.00,1.00,1.00,1.00,1.00,1.00,1.00",,0.00,0.33,,
animation 3d monster porn,,20,"1.00,1.00,1.00,1.00,1.00,1.00,1.00,1.00,1.00,1.00,1.00,1.00",,0.00,0.33,,
animation 3d porn gay,,20,"1.00,1.00,1.00,1.00,1.00,1.00,1.00,1.00,1.00,1.00,1.00,1.00",,0.00,0.33,,
animation 3d porn video,,20,"0.00,0.00,1.00,0.00,0.00,0.00,0.00,0.00,0.00,0.00,0.00,0.00",,0.00,0.00,,
animations porn 3d,,20,"0.00,1.00,1.00,1.00,1.00,1.00,1.00,1.00,1.00,1.00,1.00,1.00",,0.00,0.33,,
anime 3d animal porn,,20,"1.00,1.00,0.00,1.00,1.00,1.00,0.00,1.00,1.00,1.00,1.00,1.00",,0.00,0.33,,
anime 3d animation porn,,20,"1.00,1.00,1.00,1.00,1.00,1.00,1.00,1.00,1.00,1.00,1.00,1.00",,0.00,0.33,,
anime 3d dog porn,,20,"1.00,1.00,1.00,1.00,1.00,1.00,1.00,1.00,1.00,1.00,1.00,1.00",,0.00,0.33,,
anime 3d futa porn,,20,"1.00,1.00,1.00,1.00,1.00,1.00,1.00,1.00,1.00,1.00,1.00,1.00",,0.00,0.33,,
anime 3d game porn,,20,"1.00,1.00,1.00,1.00,1.00,1.00,1.00,1.00,0.00,1.00,1.00,1.00",,0.00,0.33,,
anime 3d lesbian porn,,20,"1.00,1.00,1.00,1.00,1.00,1.00,1.00,1.00,1.00,1.00,1.00,1.00",,0.00,0.33,,
anime 3d porn comics,,20,"1.00,1.00,1.00,1.00,1.00,1.00,1.00,1.00,1.00,1.00,1.00,0.00",,0.00,0.00,,
anime 3d porn game,,20,"1.00,1.00,1.00,1.00,1.00,1.00,1.00,1.00,1.00,1.00,1.00,1.00",,0.00,0.33,,
anime 3d porn gay,,20,"1.00,1.00,1.00,1.00,1.00,1.00,1.00,1.00,1.00,0.00,1.00,1.00",,0.00,0.33,,
anime 3d porn gif,,20,"1.00,1.00,1.00,1.00,1.00,1.00,1.00,1.00,1.00,1.00,1.00,1.00",,0.00,0.33,,
anime 3d porn hd,,20,"1.00,1.00,1.00,1.00,1.00,1.00,1.00,1.00,0.00,1.00,0.00,1.00",,0.00,0.33,,
anime 3d porn pics,,20,"1.00,1.00,1.00,1.00,1.00,1.00,1.00,1.00,1.00,1.00,1.00,1.00",,0.00,0.33,,
anime 3d sex porn,,20,"1.00,1.00,1.00,1.00,1.00,1.00,1.00,1.00,1.00,1.00,1.00,1.00",,0.00,0.33,,
anime gay 3d porn,,20,"1.00,1.00,1.00,1.00,1.00,1.00,1.00,1.00,1.00,1.00,1.00,1.00",,0.00,0.33,,
anime lesbian 3d porn,,20,"1.00,1.00,1.00,1.00,1.00,1.00,1.00,1.00,1.00,1.00,1.00,1.00",,0.00,0.33,,
anime monster 3d porn,,20,"1.00,1.00,1.00,1.00,1.00,1.00,1.00,1.00,1.00,1.00,1.00,1.00",,0.00,0.33,,
anime porn 3d animation,,20,"1.00,1.00,1.00,1.00,1.00,1.00,1.00,1.00,1.00,1.00,1.00,1.00",,0.00,0.33,,
anime porn 3d game,,20,"1.00,1.00,1.00,1.00,1.00,1.00,1.00,0.00,0.00,1.00,1.00,1.00",,0.00,0.33,,
anime porn 3d hd,,20,"1.00,1.00,1.00,1.00,1.00,1.00,1.00,1.00,1.00,1.00,1.00,1.00",,0.00,0.33,,
anime porn 3d monster,,20,"1.00,1.00,1.00,1.00,1.00,1.00,1.00,1.00,1.00,1.00,1.00,1.00",,0.00,0.33,,
anime porn games 3d,,20,"1.00,1.00,1.00,1.00,1.00,1.00,1.00,1.00,1.00,1.00,1.00,1.00",,0.00,0.33,,
anime porn gay 3d,,20,"1.00,1.00,1.00,1.00,1.00,1.00,1.00,1.00,1.00,1.00,1.00,1.00",,0.00,0.33,,
anime porn hub 3d,,20,"0.40,1.00,0.20,0.20,0.40,0.20,0.40,0.40,0.40,0.40,0.40,0.40",,0.00,0.33,,
anime porn videos 3d,,20,"1.00,1.00,1.00,1.00,1.00,1.00,1.00,1.00,1.00,1.00,1.00,1.00",,0.00,0.33,,
anime sex porn 3d,,20,"1.00,1.00,1.00,1.00,1.00,1.00,1.00,1.00,1.00,1.00,1.00,1.00",,0.00,0.33,,
animo 3d porn,,20,"1.00,1.00,1.00,1.00,1.00,1.00,1.00,1.00,1.00,1.00,1.00,1.00",,0.00,0.33,,
aunt cass 3d animation porn,,20,"1.00,1.00,1.00,1.00,1.00,1.00,1.00,1.00,1.00,1.00,1.00,1.00",,0.00,0.33,,
bbc 3d animation porn,,20,"1.00,1.00,1.00,1.00,1.00,1.00,1.00,1.00,1.00,1.00,1.00,1.00",,0.00,0.33,,
best 3d animal porn,,20,"1.00,1.00,1.00,1.00,1.00,1.00,1.00,1.00,1.00,1.00,1.00,1.00",,0.00,0.33,,
best 3d animated porn games,,20,"1.00,1.00,1.00,1.00,1.00,1.00,1.00,1.00,1.00,1.00,1.00,1.00",,0.00,0.33,,
best 3d animated porn movies,,20,"1.00,1.00,1.00,1.00,1.00,1.00,1.00,1.00,0.00,1.00,1.00,1.00",,0.00,0.33,,
best 3d animated porn videos,,20,"1.00,1.00,1.00,1.00,1.00,1.00,1.00,1.00,1.00,1.00,1.00,1.00",,0.00,0.33,,
best 3d animation porn sites,,20,"1.00,1.00,1.00,1.00,1.00,1.00,1.00,1.00,1.00,1.00,1.00,1.00",,0.00,0.33,,
best 3d anime porn sites,,20,"1.00,1.00,1.00,1.00,1.00,1.00,1.00,1.00,1.00,1.00,1.00,1.00",,0.00,0.33,,
best 3d porn animated,,20,"1.00,1.00,1.00,1.00,1.00,1.00,1.00,1.00,1.00,1.00,1.00,1.00",,0.00,0.33,,
best 3d porn animator,,20,"1.00,1.00,1.00,1.00,1.00,1.00,1.00,1.00,1.00,1.00,1.00,1.00",,0.00,0.33,,
best animation 3d porn,,20,"1.00,1.00,1.00,1.00,1.00,1.00,1.00,1.00,1.00,1.00,1.00,1.00",,0.00,0.33,,
best anime porn 3d,,20,"1.00,1.00,1.00,1.00,1.00,1.00,1.00,1.00,1.00,1.00,1.00,1.00",,0.00,0.33,,
best free 3d animated porn,,20,"1.00,1.00,1.00,1.00,1.00,1.00,1.00,1.00,1.00,1.00,1.00,1.00",,0.00,0.33,,
best free 3d anime porn,,20,"1.00,1.00,1.00,1.00,1.00,1.00,1.00,0.00,1.00,1.00,0.00,1.00",,0.00,0.33,,
best porn 3d animations,,20,"1.00,0.00,1.00,1.00,1.00,1.00,0.00,0.00,1.00,1.00,1.00,1.00",,0.00,0.33,,
best porn animation 3d,,20,"1.00,1.00,1.00,1.00,1.00,1.00,1.00,1.00,1.00,1.00,1.00,1.00",,0.00,0.33,,
big ass 3d animation porn,,20,"1.00,1.00,1.00,1.00,1.00,1.00,1.00,1.00,1.00,1.00,1.00,1.00",,0.00,0.33,,
black widow 3d animation porn,,20,"1.00,1.00,1.00,1.00,1.00,1.00,1.00,1.00,1.00,1.00,1.00,1.00",,0.00,0.33,,
busty 3d anime porn,,20,"1.00,1.00,1.00,1.00,1.00,1.00,1.00,1.00,1.00,1.00,1.00,1.00",,0.00,0.33,,
cartoon 3d animal porn,,20,"1.00,1.00,1.00,1.00,1.00,1.00,1.00,1.00,1.00,1.00,1.00,1.00",,0.00,0.33,,
cartoon 3d animation porn,,20,"0.00,0.00,1.00,1.00,1.00,1.00,1.00,1.00,1.00,1.00,1.00,1.00",,0.00,0.33,,
cartoon anime 3d porn,,20,"1.00,1.00,1.00,1.00,1.00,1.00,1.00,1.00,1.00,1.00,1.00,0.00",,0.00,0.00,,
chinese 3d animation porn,,20,"1.00,1.00,1.00,1.00,1.00,1.00,1.00,1.00,1.00,1.00,1.00,1.00",,0.00,0.33,,
chinese 3d anime porn,,20,"1.00,1.00,1.00,1.00,1.00,1.00,1.00,1.00,1.00,1.00,1.00,1.00",,0.00,0.33,,
cute 3d anime porn,,20,"1.00,1.00,1.00,1.00,1.00,1.00,1.00,1.00,1.00,1.00,1.00,1.00",,0.00,0.33,,
demon slayer 3d animation porn,,20,"1.00,1.00,1.00,1.00,1.00,1.00,1.00,1.00,1.00,1.00,1.00,1.00",,0.00,0.33,,
dva 3d animation porn,,20,"1.00,1.00,1.00,1.00,1.00,1.00,1.00,1.00,1.00,1.00,0.00,1.00",,0.00,0.33,,
extreme 3d animated porn,,20,"1.00,1.00,1.00,1.00,1.00,1.00,1.00,1.00,1.00,1.00,1.00,1.00",,0.00,0.33,,
extreme 3d anime porn,,20,"1.00,1.00,1.00,1.00,1.00,1.00,1.00,1.00,1.00,1.00,1.00,1.00",,0.00,0.33,,
femboy 3d animation porn,,20,"1.00,1.00,1.00,1.00,1.00,1.00,1.00,1.00,1.00,1.00,1.00,1.00",,0.00,0.33,,
five nights at anime 3d porn,,20,"1.00,1.00,1.00,1.00,1.00,1.00,1.00,1.00,1.00,1.00,1.00,1.00",,0.00,0.33,,
free 3d animal porn,,20,"1.00,1.00,1.00,1.00,1.00,1.00,1.00,1.00,1.00,1.00,1.00,1.00",,0.00,0.33,,
free 3d animal porn video,,20,"1.00,1.00,0.00,1.00,1.00,1.00,0.00,1.00,1.00,1.00,1.00,1.00",,0.00,0.33,,
free 3d animated monster porn,,20,"1.00,1.00,0.00,1.00,1.00,1.00,1.00,1.00,1.00,1.00,1.00,1.00",,0.00,0.33,,
free 3d animated porn games,,20,"1.00,1.00,1.00,1.00,1.00,1.00,1.00,1.00,1.00,1.00,1.00,1.00",,0.00,0.33,,
free 3d animated porn movies,,20,"1.00,1.00,1.00,1.00,1.00,1.00,1.00,1.00,1.00,1.00,1.00,1.00",,0.00,0.33,,
free 3d animated porn videos,,20,"1.00,1.00,1.00,1.00,1.00,1.00,1.00,1.00,1.00,1.00,1.00,1.00",,0.00,0.33,,
free 3d animation porn movies,,20,"1.00,1.00,1.00,1.00,1.00,1.00,1.00,1.00,1.00,1.00,1.00,1.00",,0.00,0.33,,
free 3d anime monster porn,,20,"1.00,1.00,0.00,1.00,1.00,1.00,1.00,1.00,1.00,1.00,1.00,1.00",,0.00,0.33,,
free 3d anime porn movies,,20,"1.00,1.00,1.00,1.00,1.00,1.00,1.00,1.00,1.00,1.00,1.00,1.00",,0.00,0.33,,
free animated 3d porn videos,,20,"1.00,1.00,1.00,1.00,1.00,1.00,1.00,1.00,1.00,1.00,1.00,1.00",,0.00,0.33,,
free porn animation 3d,,20,"1.00,1.00,1.00,1.00,1.00,1.00,1.00,1.00,1.00,0.00,1.00,1.00",,0.00,0.33,,
full 3d animated porn,,20,"1.00,1.00,1.00,1.00,1.00,1.00,1.00,1.00,1.00,1.00,1.00,1.00",,0.00,0.33,,
futa 3d porn animation,,20,"1.00,1.00,1.00,1.00,1.00,1.00,1.00,1.00,1.00,1.00,1.00,1.00",,0.00,0.33,,
futa porn 3d animation,,20,"1.00,1.00,1.00,1.00,1.00,1.00,1.00,1.00,1.00,1.00,1.00,1.00",,0.00,0.33,,
futanari 3d animation porn,,20,"1.00,1.00,1.00,1.00,1.00,1.00,1.00,1.00,1.00,1.00,1.00,1.00",,0.00,0.33,,
gab 3d animation porn,,20,"1.00,1.00,1.00,0.00,1.00,1.00,1.00,1.00,0.00,0.00,1.00,1.00",,0.00,0.33,,
gay 3d animal porn,,20,"1.00,1.00,1.00,1.00,1.00,1.00,1.00,1.00,1.00,1.00,1.00,1.00",,0.00,0.33,,
gay 3d porn animation,,20,"1.00,1.00,1.00,1.00,1.00,1.00,1.00,1.00,1.00,1.00,1.00,1.00",,0.00,0.33,,
gay animation porn 3d,,20,"1.00,1.00,1.00,1.00,1.00,1.00,1.00,1.00,1.00,1.00,1.00,1.00",,0.00,0.33,,
gay porn animated 3d,,20,"1.00,1.00,1.00,1.00,1.00,1.00,1.00,1.00,1.00,1.00,1.00,1.00",,0.00,0.33,,
giantess 3d animation porn,,20,"1.00,1.00,1.00,1.00,1.00,1.00,1.00,1.00,1.00,1.00,1.00,1.00",,0.00,0.33,,
good 3d animated porn,,20,"1.00,1.00,1.00,1.00,1.00,1.00,1.00,1.00,1.00,1.00,1.00,1.00",,0.00,0.33,,
hardcore 3d animation porn,,20,"1.00,1.00,1.00,1.00,1.00,1.00,1.00,1.00,1.00,1.00,1.00,1.00",,0.00,0.33,,
hardcore 3d anime porn,,20,"1.00,1.00,1.00,1.00,1.00,1.00,1.00,1.00,1.00,1.00,1.00,1.00",,0.00,0.33,,
harley quinn 3d animated porn,,20,"1.00,1.00,1.00,1.00,1.00,1.00,1.00,1.00,1.00,1.00,1.00,1.00",,0.00,0.33,,
harley quinn 3d animation porn,,20,"1.00,1.00,1.00,1.00,1.00,1.00,1.00,1.00,1.00,1.00,1.00,1.00",,0.00,0.33,,
harry potter animated 3d porn,,20,"1.00,1.00,1.00,1.00,1.00,1.00,0.00,1.00,0.00,1.00,0.00,1.00",,0.00,0.33,,
hd anime 3d porn,,20,"1.00,1.00,1.00,1.00,1.00,1.00,1.00,1.00,1.00,1.00,1.00,1.00",,0.00,0.33,,
high quality 3d animated porn,,20,"1.00,1.00,1.00,1.00,1.00,1.00,1.00,1.00,1.00,1.00,1.00,1.00",,0.00,0.33,,
high quality 3d animation porn,,20,"1.00,1.00,1.00,1.00,1.00,1.00,1.00,1.00,1.00,1.00,1.00,1.00",,0.00,0.33,,
horse 3d animation porn,,20,"1.00,1.00,1.00,1.00,1.00,1.00,1.00,1.00,1.00,1.00,1.00,1.00",,0.00,0.33,,
horse porn 3d animation,,20,"1.00,1.00,1.00,1.00,1.00,1.00,1.00,1.00,1.00,1.00,1.00,1.00",,0.00,0.33,,
hot 3d animation porn,,20,"1.00,1.00,1.00,1.00,1.00,1.00,1.00,1.00,1.00,1.00,1.00,1.00",,0.00,0.33,,
hot animated 3d porn,,20,"1.00,1.00,1.00,1.00,1.00,1.00,1.00,1.00,1.00,1.00,1.00,1.00",,0.00,0.33,,
hot anime porn 3d,,20,"1.00,1.00,1.00,1.00,1.00,1.00,1.00,1.00,1.00,1.00,1.00,1.00",,0.00,0.33,,
how to animate 3d porn,,20,"1.00,1.00,1.00,1.00,1.00,1.00,1.00,1.00,1.00,1.00,1.00,1.00",,0.00,0.33,,
how to make 3d animated porn,,20,"1.00,1.00,1.00,1.00,1.00,1.00,1.00,1.00,1.00,1.00,1.00,1.00",,0.00,0.33,,
jackerman 3d animation porn,,20,"1.00,1.00,1.00,1.00,1.00,1.00,1.00,1.00,1.00,1.00,1.00,1.00",,0.00,0.33,,
japanese 3d animated porn,,20,"1.00,1.00,1.00,1.00,1.00,1.00,1.00,1.00,1.00,1.00,1.00,1.00",,0.00,0.33,,
japanese 3d animation porn,,20,"1.00,1.00,1.00,1.00,1.00,1.00,1.00,1.00,1.00,1.00,1.00,1.00",,0.00,0.33,,
japanese 3d anime porn,,20,"1.00,1.00,1.00,1.00,1.00,1.00,1.00,1.00,1.00,1.00,1.00,1.00",,0.00,0.33,,
japanese anime 3d porn,,20,"1.00,1.00,1.00,1.00,1.00,1.00,1.00,1.00,1.00,1.00,1.00,1.00",,0.00,0.33,,
lara croft 3d animated porn,,20,"1.00,1.00,1.00,1.00,1.00,1.00,1.00,1.00,1.00,1.00,1.00,1.00",,0.00,0.33,,
lara croft 3d animation porn,,20,"1.00,1.00,1.00,1.00,1.00,1.00,1.00,1.00,1.00,1.00,1.00,1.00",,0.00,0.33,,
lesbian 3d animated porn,,20,"1.00,1.00,1.00,1.00,1.00,1.00,1.00,1.00,1.00,1.00,1.00,1.00",,0.00,0.33,,
lesbian animation 3d porn,,20,"1.00,0.00,1.00,1.00,1.00,1.00,1.00,1.00,1.00,1.00,1.00,1.00",,0.00,0.33,,
lesbian anime porn 3d,,20,"1.00,1.00,1.00,1.00,1.00,1.00,1.00,1.00,1.00,1.00,1.00,1.00",,0.00,0.33,,
lesbian porn 3d animation,,20,"1.00,1.00,1.00,1.00,1.00,1.00,1.00,1.00,1.00,1.00,1.00,1.00",,0.00,0.33,,
minecraft porn 3d animation,,20,"1.00,1.00,1.00,1.00,1.00,1.00,1.00,1.00,1.00,0.00,1.00,1.00",,0.00,0.33,,
mom 3d animation porn,,20,"0.00,0.00,1.00,1.00,1.00,1.00,1.00,1.00,1.00,1.00,1.00,1.00",,0.00,0.33,,
mom and son 3d animation porn,,20,"1.00,1.00,1.00,1.00,1.00,1.00,1.00,1.00,1.00,1.00,1.00,1.00",,0.00,0.33,,
monster 3d animated porn,,20,"1.00,1.00,1.00,1.00,1.00,1.00,1.00,1.00,1.00,1.00,1.00,1.00",,0.00,0.33,,
monster 3d animation porn,,20,"1.00,1.00,1.00,1.00,1.00,1.00,1.00,1.00,1.00,1.00,1.00,1.00",,0.00,0.33,,
monster 3d anime porn,,20,"1.00,1.00,1.00,1.00,1.00,1.00,1.00,1.00,1.00,1.00,1.00,1.00",,0.00,0.33,,
most realistic 3d animated porn,,20,"1.00,1.00,1.00,1.00,1.00,1.00,1.00,1.00,1.00,1.00,1.00,1.00",,0.00,0.33,,
new 3d anime porn,,20,"0.27,0.27,0.27,0.27,0.27,0.27,1.00,0.27,0.27,0.27,0.27,0.27",,0.00,0.33,,
overwatch 3d animation porn,,20,"1.00,1.00,1.00,1.00,1.00,1.00,1.00,1.00,1.00,1.00,1.00,1.00",,0.00,0.33,,
overwatch 3d porn animation,,20,"1.00,1.00,1.00,1.00,1.00,1.00,1.00,1.00,1.00,1.00,1.00,1.00",,0.00,0.33,,
overwatch porn 3d animation,,20,"1.00,1.00,1.00,1.00,1.00,1.00,1.00,1.00,1.00,0.00,1.00,1.00",,0.00,0.33,,
pokemon 3d animation porn,,20,"1.00,1.00,1.00,1.00,1.00,1.00,1.00,1.00,1.00,1.00,1.00,1.00",,0.00,0.33,,
pokemon porn 3d animation,,20,"1.00,1.00,1.00,1.00,1.00,1.00,1.00,1.00,1.00,1.00,1.00,1.00",,0.00,0.33,,
porn 3d animal,,20,"1.00,1.00,1.00,1.00,1.00,1.00,1.00,1.00,1.00,1.00,1.00,1.00",,0.00,0.33,,
porn 3d animation compilation,,20,"1.00,1.00,1.00,1.00,1.00,1.00,1.00,1.00,1.00,1.00,1.00,1.00",,0.00,0.33,,
porn 3d animation futa,,20,"1.00,1.00,1.00,1.00,1.00,1.00,1.00,1.00,1.00,1.00,1.00,1.00",,0.00,0.33,,
porn animation 3d futa,,20,"1.00,1.00,1.00,1.00,1.00,1.00,1.00,1.00,1.00,1.00,1.00,1.00",,0.00,0.33,,
porn anime 3d monster,,20,"1.00,1.00,1.00,1.00,1.00,1.00,1.00,1.00,1.00,1.00,1.00,1.00",,0.00,0.33,,
porn anime gay 3d,,20,"1.00,0.00,1.00,1.00,1.00,0.00,1.00,1.00,1.00,1.00,1.00,0.00",,0.00,0.00,,
porn futa 3d animation,,20,"1.00,1.00,1.00,1.00,1.00,1.00,1.00,1.00,1.00,1.00,1.00,1.00",,0.00,0.33,,
porn gay 3d animation,,20,"1.00,1.00,1.00,1.00,1.00,1.00,1.00,1.00,1.00,1.00,1.00,1.00",,0.00,0.33,,
porn gay animation 3d,,20,"1.00,1.00,1.00,1.00,1.00,1.00,1.00,1.00,1.00,1.00,1.00,1.00",,0.00,0.33,,
porn hub animation 3d,,20,"1.00,1.00,1.00,1.00,1.00,1.00,1.00,1.00,1.00,1.00,1.00,1.00",,0.00,0.33,,
porn sex 3d animation,,20,"1.00,1.00,0.00,0.00,1.00,1.00,1.00,1.00,1.00,1.00,0.00,1.00",,0.00,0.33,,
porn video 3d animation,,20,"1.00,0.00,1.00,1.00,1.00,1.00,1.00,0.00,1.00,1.00,1.00,1.00",,0.00,0.33,,
porn videos 3d animation,,20,"1.00,1.00,1.00,0.00,1.00,1.00,1.00,1.00,1.00,1.00,1.00,0.00",,0.00,0.00,,
porn videos anime 3d,,20,"1.00,1.00,1.00,1.00,1.00,1.00,1.00,1.00,1.00,1.00,1.00,1.00",,0.00,0.33,,
pov 3d animated porn,,20,"1.00,1.00,1.00,1.00,1.00,1.00,1.00,1.00,1.00,1.00,1.00,1.00",,0.00,0.33,,
pov 3d animation porn,,20,"1.00,1.00,1.00,1.00,1.00,1.00,1.00,1.00,1.00,1.00,1.00,1.00",,0.00,0.33,,
real 3d anime porn,,20,"1.00,1.00,1.00,1.00,1.00,1.00,1.00,1.00,1.00,1.00,1.00,1.00",,0.00,0.33,,
realistic 3d porn animation,,20,"1.00,1.00,1.00,1.00,1.00,1.00,1.00,1.00,1.00,1.00,1.00,1.00",,0.00,0.33,,
realistic animated 3d porn,,20,"1.00,1.00,1.00,1.00,1.00,1.00,1.00,1.00,1.00,1.00,1.00,1.00",,0.00,0.33,,
sex porn 3d animation,,20,"1.00,1.00,1.00,1.00,1.00,1.00,1.00,0.00,1.00,1.00,1.00,1.00",,0.00,0.33,,
sex porn animation 3d,,20,"1.00,1.00,1.00,1.00,1.00,1.00,1.00,1.00,1.00,1.00,1.00,1.00",,0.00,0.33,,
sex porn anime 3d,,20,"1.00,1.00,1.00,1.00,1.00,1.00,1.00,1.00,1.00,1.00,1.00,1.00",,0.00,0.33,,
sexy 3d animated porn,,20,"1.00,1.00,1.00,1.00,1.00,1.00,1.00,1.00,1.00,1.00,1.00,1.00",,0.00,0.33,,
sexy 3d animation porn,,20,"1.00,1.00,1.00,1.00,1.00,1.00,1.00,1.00,1.00,1.00,1.00,1.00",,0.00,0.33,,
sexy 3d anime porn,,20,"1.00,1.00,1.00,1.00,1.00,1.00,1.00,1.00,1.00,1.00,1.00,1.00",,0.00,0.33,,
sexy anime 3d porn,,20,"1.00,1.00,1.00,1.00,1.00,1.00,1.00,1.00,1.00,1.00,1.00,1.00",,0.00,0.33,,
sexy anime porn 3d,,20,"1.00,1.00,1.00,1.00,1.00,1.00,1.00,1.00,0.00,0.00,1.00,1.00",,0.00,0.33,,
star wars 3d animation porn,,20,"1.00,1.00,1.00,1.00,1.00,1.00,1.00,1.00,1.00,1.00,1.00,1.00",,0.00,0.33,,
stepmom 3d animation porn,,20,"1.00,1.00,1.00,1.00,1.00,1.00,1.00,1.00,1.00,1.00,1.00,1.00",,0.00,0.33,,
the best 3d animated porn,,20,"1.00,1.00,1.00,1.00,1.00,1.00,1.00,1.00,1.00,1.00,1.00,1.00",,0.00,0.33,,
top 3d animated porn,,20,"1.00,1.00,1.00,1.00,1.00,1.00,1.00,1.00,1.00,1.00,1.00,1.00",,0.00,0.33,,
top 3d animation porn,,20,"1.00,1.00,1.00,1.00,1.00,1.00,1.00,1.00,1.00,1.00,1.00,1.00",,0.00,0.33,,
top 3d anime porn,,20,"1.00,1.00,1.00,1.00,1.00,1.00,1.00,0.00,1.00,1.00,1.00,1.00",,0.00,0.33,,
velma 3d animation porn,,20,"1.00,1.00,1.00,1.00,1.00,1.00,1.00,1.00,1.00,1.00,1.00,1.00",,0.00,0.33,,
vr 3d animated porn,,20,"1.00,1.00,1.00,1.00,1.00,1.00,1.00,1.00,1.00,1.00,1.00,1.00",,0.00,0.33,,
vr 3d animation porn,,20,"1.00,1.00,1.00,1.00,1.00,1.00,1.00,1.00,1.00,1.00,1.00,1.00",,0.00,0.33,,
vr 3d anime porn,,20,"1.00,1.00,1.00,1.00,1.00,1.00,1.00,1.00,1.00,1.00,1.00,1.00",,0.00,0.33,,
vr porn 3d animated,,20,"1.00,1.00,1.00,1.00,1.00,1.00,1.00,1.00,1.00,1.00,1.00,1.00",,0.00,0.33,,
vr porn 3d animation,,20,"1.00,1.00,1.00,1.00,1.00,1.00,1.00,1.00,1.00,1.00,1.00,1.00",,0.00,0.33,,
watch 3d anime porn,,20,"1.00,1.00,1.00,1.00,1.00,1.00,1.00,1.00,1.00,1.00,1.00,1.00",,0.00,0.33,,
what if adventure time was a 3d anime game porn,,20,"1.00,1.00,1.00,1.00,1.00,1.00,1.00,1.00,1.00,1.00,1.00,1.00",,0.00,0.33,,
what if adventure time was a 3d anime porn,,20,"1.00,1.00,1.00,1.00,1.00,1.00,1.00,1.00,1.00,1.00,1.00,1.00",,0.00,0.33,,
young 3d animated porn,,20,"1.00,1.00,1.00,1.00,1.00,1.00,1.00,1.00,1.00,1.00,1.00,1.00",,0.00,0.33,,
young 3d anime porn,,20,"1.00,1.00,1.00,1.00,1.00,1.00,1.00,1.00,1.00,1.00,1.00,1.00",,0.00,0.33,,
3d animal porn pics,,10,"1.00,1.00,0.50,1.00,1.00,1.00,1.00,1.00,0.00,1.00,0.00,0.00",,0.00,0.00,,
3d animated anal porn,,10,"1.00,1.00,1.00,1.00,1.00,1.00,1.00,0.00,0.00,0.00,0.00,0.00",,0.00,0.33,,
3d animated milf porn,,10,"0.33,0.00,1.00,0.66,0.00,0.33,0.33,0.00,0.00,0.00,0.00,0.33",,0.00,0.00,,
3d animated porn pictures,,10,"1.00,1.00,0.00,1.00,1.00,0.00,1.00,0.00,1.00,0.00,1.00,0.00",,0.00,0.00,,
3d animated porn tumblr,,10,"0.00,0.00,1.00,0.00,1.00,0.00,0.00,0.00,1.00,0.00,0.00,0.00",,0.00,0.00,,
3d animated porn vids,,10,"1.00,1.00,0.00,0.00,1.00,0.00,1.00,0.00,0.00,0.00,0.00,0.00",,0.00,0.00,,
3d animation porn anime,,10,"0.00,0.00,0.00,0.00,0.00,1.00,1.00,1.00,1.00,1.00,1.00,1.00",,0.00,0.33,,
3d animation porn com,,10,"0.00,0.00,0.00,0.00,0.00,0.00,1.00,1.00,1.00,0.00,0.00,0.00",,0.00,0.33,,
3d animation porn futanari,,10,"1.00,1.00,1.00,1.00,1.00,1.00,0.00,0.00,0.00,0.00,0.00,0.00",,0.00,0.00,,
3d animation porn movie,,10,"0.00,0.00,0.00,0.00,0.00,0.45,0.00,0.00,0.00,0.00,0.00,1.00",,0.00,0.00,,
3d animation porn movies,,10,"0.00,0.00,0.00,0.00,0.00,0.00,0.00,0.00,0.00,0.00,0.00,1.00",,0.00,0.00,,
3d animation porn tube,,10,"0.00,0.42,0.14,0.00,0.00,0.00,0.00,0.71,0.00,0.00,1.00,0.00",,0.00,0.00,,
3d animation porn vids,,10,"1.00,1.00,0.00,0.00,1.00,0.00,1.00,0.00,0.00,0.00,0.00,0.00",,0.00,0.00,,
3d animation sw porn,,10,"0.00,0.00,0.00,0.00,0.00,0.00,0.00,0.00,0.50,1.00,1.00,1.00",,0.00,0.33,,
3d anime monster porn videos,,10,"1.00,1.00,1.00,1.00,1.00,0.00,1.00,1.00,1.00,0.00,0.00,0.00",,0.00,0.00,,
3d anime porn gallery,,10,"1.00,1.00,1.00,0.00,1.00,0.00,0.00,0.00,1.00,1.00,0.00,1.00",,0.00,0.33,,
3d anime porn tubes,,10,"0.66,1.00,0.00,0.00,1.00,0.00,0.66,0.00,0.00,0.00,0.00,0.00",,0.00,0.00,,
3d anime porn videos,,10,"0.13,1.00,0.13,0.00,0.13,0.00,0.00,0.00,0.13,0.00,0.00,0.13",,0.00,0.00,,
3d anime shemale porn,,10,"1.00,1.00,1.00,0.00,1.00,1.00,1.00,0.00,1.00,1.00,1.00,1.00",,0.00,0.00,,
3d chinese anime porn,,10,"1.00,0.00,0.00,1.00,1.00,0.00,1.00,1.00,0.00,1.00,0.00,0.00",,0.00,0.00,,
3d family porn animation,,10,"1.00,1.00,0.00,1.00,0.00,1.00,1.00,1.00,0.00,0.00,1.00,1.00",,0.00,0.33,,
3d futanari animation porn,,10,"1.00,0.50,0.00,0.50,0.00,0.50,1.00,1.00,1.00,1.00,1.00,1.00",,0.00,0.33,,
3d futanari animations porn,,10,"0.00,1.00,1.00,1.00,1.00,1.00,0.00,0.00,0.00,0.00,0.00,0.00",,0.00,0.00,,
3d hentai animated porn - mila ai,,10,"1.00,0.33,0.66,0.33,0.00,0.33,0.33,0.00,0.00,0.33,0.00,0.00",,0.00,0.00,,
3d horse anime porn,,10,"1.00,1.00,1.00,1.00,1.00,1.00,0.00,0.00,0.00,0.00,0.00,0.00",,0.00,0.00,,
3d porn animal,,10,"0.00,0.00,0.00,0.00,0.71,1.00,0.43,0.00,0.00,0.00,0.00,0.00",,0.00,0.33,,
3d porn animation futanari,,10,"1.00,1.00,1.00,1.00,1.00,1.00,0.00,0.00,0.00,0.00,0.00,0.00",,0.00,0.00,,
3d porn animation tube,,10,"0.00,1.00,0.00,0.00,0.00,1.00,1.00,1.00,1.00,1.00,1.00,1.00",,0.00,0.33,,
3d porn animation video,,10,"0.00,0.00,0.00,0.00,1.00,0.00,0.00,0.00,0.60,0.00,0.00,0.00",,0.00,0.00,,
3d porn animation.,,10,"1.00,0.00,0.00,0.00,0.00,0.00,0.00,0.00,0.00,0.00,0.00,0.00",,0.00,0.00,,
3d toon animal porn,,10,"1.00,1.00,1.00,1.00,0.00,0.00,0.00,0.00,1.00,0.00,0.00,1.00",,0.00,0.33,,
ai 3d animation porn,,10,1.00,,0.00,0.00,,
animal 3d porn tube,,10,"0.00,0.00,0.00,1.00,1.00,1.00,0.00,0.00,1.00,0.00,0.00,1.00",,0.00,0.33,,
animated 3d futa porn,,10,"0.00,0.00,0.00,0.00,0.00,1.00,1.00,1.00,1.00,1.00,1.00,1.00",,0.00,0.33,,
animated 3d porn hd,,10,"0.00,1.00,1.00,1.00,0.00,1.00,1.00,0.00,1.00,1.00,0.00,1.00",,0.00,0.33,,
anime 3d free porn,,10,"1.00,1.00,1.00,0.00,1.00,0.00,0.00,1.00,1.00,0.00,0.00,0.00",,0.00,0.00,,
anime 3d futanari porn,,10,"1.00,1.00,1.00,1.00,1.00,1.00,0.00,0.00,0.00,0.00,0.00,0.00",,0.00,0.00,,
anime 3d porn com,,10,"0.00,0.50,0.00,1.00,1.00,0.00,1.00,1.00,1.00,0.00,0.00,0.00",,0.00,0.33,,
anime 3d porn.com,,10,"1.00,1.00,1.00,0.00,0.00,0.00,0.00,0.00,0.00,1.00,1.00,1.00",,0.00,0.33,,
animo dog porn 3d,,10,"1.00,0.00",,0.00,0.00,,
anna frozen full hardcore sex 3d animation porn,,10,"0.00,1.00,0.00,1.00,0.00,0.00,1.00,0.00,0.00,0.00,1.00,0.00",,0.00,0.00,,
best 3d animated porn sites,,10,"0.44,0.44,1.00,0.00,1.00,0.00,0.00,0.00,0.00,0.00,0.00,0.00",,0.00,0.33,,
best 3d animation porn videos,,10,"0.00,0.00,0.00,0.00,0.00,0.00,1.00,1.00,1.00,1.00,1.00,1.00",,0.00,0.33,,
best porn 3d animation,,10,"0.00,1.00,0.00,0.00,0.00,0.00,1.00,1.00,0.00,0.00,0.00,0.00",,0.00,0.33,,
best porn anime 3d,,10,"1.00,1.00,1.00,1.00,1.00,1.00,0.00,0.00,0.00,0.00,0.00,0.00",,0.00,0.00,,
dog fuck girl 3d porn animation sleeping,,10,1.00,,0.00,0.00,,
free 3d animated gay porn,,10,"1.00,0.00,0.00,0.00,1.00,1.00,0.00,1.00,1.00,1.00,0.00,1.00",,0.00,0.33,,
gay porn anime 3d,,10,"0.00,0.00,1.00,0.00,0.20,0.00,0.20,0.20,0.00,0.00,0.59,0.20",,0.00,0.00,,
harry potter animated 3d sex porn,,10,"0.00,0.00,1.00,1.00,1.00,0.00,1.00,1.00,0.00,1.00,1.00,1.00",,0.00,0.33,,
how to make 3d porn animation,,10,"0.00,0.00,0.00,0.00,0.00,0.00,1.00,1.00,1.00,1.00,1.00,1.00",,0.00,0.33,,
how to make 3d porn animations,,10,"1.00,1.00,1.00,1.00,1.00,1.00,0.00,0.00,0.00,0.00,0.00,0.00",,0.00,0.00,,
porn game 3d animation,,10,"0.00,1.00,1.00,0.00,1.00,1.00,1.00,1.00,0.00,0.00,1.00,1.00",,0.00,0.33,,
porn in 3d animation,,10,"1.00,0.00,1.00,0.00,0.00,1.00,0.00,1.00,0.00,0.00,0.00,0.00",,0.00,0.00,,
porno anime 3d,,10,"0.20,0.00,0.00,0.00,0.00,0.00,0.00,0.00,0.00,0.20,1.00,0.00",,0.00,0.00,,
video porn anime 3d,,10,"0.00,0.00,0.00,0.00,0.00,1.00,1.00,1.00,1.00,1.00,0.00,0.00",,0.00,0.00,,
watch 3d animation porn,,10,"1.00,0.00,1.00,0.00,1.00,1.00,1.00,0.00,1.00,1.00,0.00,1.00",,0.00,0.33,,
watch online 3d animated porn futanari,,10,"1.00,0.00",,0.00,0.00,,
watch online 3d animated porn futinari,,10,"1.00,0.00",,0.00,0.00,,
1080p 3d animated porn,,0,"0.00,0.00,0.00,0.00,0.00,0.00,0.00,0.00,0.00,0.00,0.00,0.00",,0.00,0.00,,
2019 3d animated porn monster cartoon video,,0,"0.00,0.00,0.00,0.00,0.00,0.00,0.00,0.00,0.00,0.00,0.00,0.00",,0.00,0.00,,
2019 3d sfm animated porn,,0,"0.00,0.00,0.00,0.00,0.00,0.00,0.00,0.00,0.00,0.00,0.00,0.00",,0.00,0.00,,
2b 3d porn animation,,0,"0.00,0.00,0.00,0.00,0.00,0.00,0.00,0.00,0.00,0.00,0.00,0.00",,0.00,0.00,,
3 dicks one hole 3d animated porn,,0,"0.00,0.00,0.00,0.00,0.00,0.00,0.00,0.00,0.00,0.00,0.00,0.00",,0.00,0.00,,
300斯巴达 gen.k anime 3d porn,,0,"1.00,0.00,0.00,0.00,0.00",,0.00,0.00,,
3d 60 fps animated porn,,0,"0.00,0.00,0.00,0.00,0.00,0.00,0.00,0.00,0.00,0.00,0.00,0.00",,0.00,0.00,,
3d adult anime porn,,0,"0.00,0.00,0.00,0.00,0.00,0.00,0.00,0.00,0.00,0.00,0.00,0.00",,0.00,0.00,,
3d ai animated porn,,0,"0.00,0.00,0.00,0.00,0.00,0.00,0.00,0.00,0.00,0.00,0.00,0.00",,0.00,0.00,,
3d ai animation porn,,0,"1.00,0.00,0.00,0.00,0.00,0.00,0.00,0.00,0.00,0.00,0.00",,0.00,0.00,,
3d ai animation porn makers,,0,"1.00,0.00,0.00,0.00,0.00,0.00,0.00,0.00,0.00,0.00,0.00,0.00",,0.00,0.00,,
3d ai porn anime,,0,0.00,,0.00,0.00,,
3d alien monster animation porn,,0,"0.00,0.00,0.00,0.00,0.00,0.00,0.00,0.00,0.00,0.00,0.00,0.00",,0.00,0.00,,
3d alien monster animation porn comics,,0,"0.00,0.00,0.00,0.00,0.00,0.00,0.00,0.00,0.00,0.00,0.00,0.00",,0.00,0.00,,
3d alien porn animated gif,,0,"0.00,0.00,0.00,0.00,0.00,0.00,0.00,0.00,0.00,0.00,0.00,0.00",,0.00,0.00,,
3d alien porn cumshot animation,,0,"0.00,0.00,0.00,0.00,0.00,0.00,0.00,0.00,0.00,0.00,0.00,0.00",,0.00,0.00,,
3d american animated porn videos,,0,"0.00,0.00,0.00,0.00,0.00,0.00,0.00,0.00,0.00,0.00,0.00,0.00",,0.00,0.00,,
3d american speaking hd anime porn,,0,"0.00,0.00,0.00,0.00,0.00,0.00,0.00,0.00,0.00,0.00,0.00,0.00",,0.00,0.00,,
3d anal animation full porn videos,,0,"0.00,0.00,0.00,0.00,0.00,0.00,0.00,0.00,0.00,0.00,0.00,0.00",,0.00,0.00,,
3d and animated porn,,0,"0.00,0.00,0.00,0.00,0.00,0.00,0.00,0.00,0.00,0.00,0.00,0.00",,0.00,0.00,,
3d anim porn,,0,"0.00,0.00,0.00,0.00,0.00,0.00,0.00,0.00,0.00,0.00,0.00,0.00",,0.00,0.00,,
3d anim porno,,0,"0.00,0.00,0.00,0.00,0.00,0.00,0.00,0.00,0.00,0.00,0.00,0.00",,0.00,0.00,,
3d anima girl beg for mercy porn,,0,"0.00,0.00,0.00,0.00,0.00,0.00,0.00,0.00,0.00,0.00,0.00,0.00",,0.00,0.00,,
3d anima porn elf,,0,"0.00,0.00,0.00,0.00,0.00,0.00,0.00,0.00,0.00,0.00,0.00,0.00",,0.00,0.00,,
3d anima porn sites,,0,"0.00,0.00,0.00,0.00,0.00,0.00,0.00,0.00,0.00,0.00,0.00,0.00",,0.00,0.00,,
3d anima porno,,0,"0.00,0.00,0.00,0.00,0.00,0.00,0.00,0.00,0.00,0.00,0.00,0.00",,0.00,0.00,,
3d anima skinny shemale forced porn,,0,"0.00,0.00,0.00,0.00,0.00,0.00,0.00,0.00,0.00,0.00,0.00,0.00",,0.00,0.00,,
3d animaed porn,,0,"0.00,0.00,0.00,0.00,0.00,0.00,0.00,0.00,0.00,0.00,0.00,0.00",,0.00,0.00,,
3d animal and human porn,,0,"0.00,0.00,0.00,0.00,0.00,0.00,0.00,0.00,0.00,0.00,0.00,0.00",,0.00,0.00,,
3d animal bondage porn,,0,"0.00,0.00,0.00,0.00,0.00,0.00,0.00,0.00,0.00,0.00,0.00,0.00",,0.00,0.00,,
3d animal cartoon porn,,0,"0.00,0.00,0.00,0.00,0.00,0.00,0.00,0.00,0.00,0.00,0.00,0.00",,0.00,0.00,,
3d animal cunnilingus porn,,0,"0.00,0.00,0.00,0.00,0.00,0.00,0.00,0.00,0.00,0.00,0.00,0.00",,0.00,0.00,,
3d animal dog porn,,0,"0.00,0.00,0.00,0.00,0.00,0.00,0.00,0.00,0.00,0.00,0.00,0.00",,0.00,0.00,,
3d animal fucking milker porn,,0,"0.00,0.00,0.00,0.00,0.00,0.00,0.00,0.00,0.00,0.00,0.00,0.00",,0.00,0.00,,
3d animal hentai porn,,0,"0.00,0.00,0.00,0.00,0.00,0.00,0.00,0.00,0.00,0.00,0.00,0.00",,0.00,0.00,,
3d animal horse porn,,0,"0.00,0.00,0.00,0.00,0.00,0.00,0.00,0.00,0.00,0.00,0.00,0.00",,0.00,0.00,,
3d animal horse porno,,0,"0.00,0.00,0.00,0.00,0.00,0.00,0.00,0.00,0.00,0.00,0.00,0.00",,0.00,0.00,,
3d animal human porn,,0,"0.00,0.00,0.00,0.00,0.00,0.00,0.00,0.00,0.00,0.00,0.00,0.00",,0.00,0.00,,
3d animal porn comic,,0,"0.00,0.00,0.00,0.00,0.00,0.00,0.00,0.00,0.00,0.00,0.00,0.00",,0.00,0.00,,
3d animal porn game,,0,"0.00,0.00,0.00,0.00,0.00,0.00,0.00,0.00,0.00,0.00,0.00,0.00",,0.00,0.33,,
3d animal porn gay,,0,"0.00,0.00,0.00,0.00,0.00,0.00,0.00,0.00,0.00,0.00,0.00,0.00",,0.00,0.00,,
3d animal porn gif guy,,0,"0.00,0.00,0.00,0.00,0.00,0.00,0.00,0.00,0.00,0.00,0.00,0.00",,0.00,0.00,,
3d animal porn gifs,,0,"0.00,0.00,0.00,0.00,0.00,0.00,0.00,0.00,0.00,0.00,0.00,0.00",,0.00,0.00,,
3d animal porn html,,0,"0.00,0.00,0.00,0.00,0.00,0.00,0.00,0.00,0.00,0.00,0.00,0.00",,0.00,0.00,,
3d animal porn tubes,,0,"0.00,0.00,0.00,0.00,0.00,0.00,0.00,0.00,0.00,0.00,0.00,0.00",,0.00,0.00,,
3d animal porn video,,0,"0.66,0.00,0.00,0.00,0.00,0.00,0.00,0.00,0.00,0.00,0.00,1.00",,0.00,0.33,,
3d animal porno,,0,"0.00,0.00,0.00,0.00,0.00,0.00,0.00,0.00,0.00,0.00,0.00,0.00",,0.00,0.00,,
3d animal rape porn,,0,"0.00,0.00,0.00,0.00,0.00,0.00,0.00,0.00,0.00,0.00,0.00,0.00",,0.00,0.00,,
3d animal sex porn,,0,"0.00,0.00,0.00,0.00,0.00,0.00,0.00,0.00,0.00,0.00,0.00,0.00",,0.00,0.00,,
3d animal sex yes porn please,,0,"0.00,0.00,0.00,0.00,0.00,0.00,0.00,0.00,0.00,0.00,0.00,0.00",,0.00,0.00,,
3d animal test porn,,0,"0.00,0.00,0.00,0.00,0.00,0.00,0.00,0.00,0.00,0.00,0.00,0.00",,0.00,0.00,,
3d animal tube porn,,0,"0.00,0.00,0.00,0.00,0.00,0.00,0.00,0.00,0.00,0.00,0.00,0.00",,0.00,0.00,,
3d animal tumblr porn,,0,"0.00,0.00,0.00,0.00,0.00,0.00,0.00,0.00,0.00,0.00,0.00,0.00",,0.00,0.00,,
3d animal with girl porn gif,,0,"0.00,0.00,0.00,0.00,0.00,0.00,0.00,0.00,0.00,0.00,0.00,0.00",,0.00,0.00,,
3d animals porn,,0,"0.00,0.00,0.00,0.00,0.00,0.00,0.00,0.00,0.00,0.00,0.00,0.00",,0.00,0.00,,
3d animals porn movie,,0,"0.00,0.00,0.00,0.00,0.00,0.00,0.00,0.00,0.00,0.00,0.00,0.00",,0.00,0.00,,
3d animals porn videos,,0,"0.66,0.00,0.00,0.00,0.00,0.00,0.00,0.00,0.00,0.00,0.00,1.00",,0.00,0.33,,
3d animated 12 inch man porn,,0,"0.00,0.00,0.00,0.00,0.00,0.00,0.00,0.00,0.00,0.00,0.00,0.00",,0.00,0.00,,
3d animated 4k porn,,0,"0.00,0.00,0.00,0.00,0.00,0.00,0.00,0.00,0.00,0.00,0.00,0.00",,0.00,0.00,,
3d animated adult games porn,,0,"0.00,0.00,0.00,0.00,0.00,0.00,0.00,0.00,0.00,0.00,0.00,0.00",,0.00,0.00,,
3d animated age play porn,,0,"0.00,0.00,0.00,0.00,0.00,0.00,0.00,0.00,0.00,0.00,0.00,0.00",,0.00,0.00,,
3d animated ageplay porn,,0,"0.00,0.00,0.00,0.00,0.00,0.00,0.00,0.00,0.00,0.00,0.00,0.00",,0.00,0.00,,
3d animated ai porn,,0,"0.50,0.00,0.00,0.50,0.00,0.00,0.00,0.00,0.00,0.00,0.00,1.00",,0.00,0.00,,
3d animated amanda porn,,0,"0.00,0.00,0.00,0.00,0.00,0.00,0.00,0.00,0.00,0.00,0.00,0.00",,0.00,0.00,,
3d animated american porn,,0,"0.00,0.00,0.00,0.00,0.00,0.00,0.00,0.00,0.00,0.00,0.00,0.00",,0.00,0.00,,
3d animated animatronic porn,,0,"0.00,0.00,0.00,0.00,0.00,0.00,0.00,0.00,0.00,0.00,0.00,0.00",,0.00,0.00,,
3d animated anime porn,,0,"0.00,0.00,0.00,0.00,0.00,0.00,0.00,0.00,0.00,0.00,0.00,0.00",,0.00,0.00,,
3d animated asian porn,,0,"0.00,0.00,0.00,0.00,0.00,0.00,0.00,0.00,0.00,0.00,0.00,0.00",,0.00,0.00,,
3d animated aunt porn,,0,"0.00,0.00,0.00,0.00,0.00,0.00,0.00,0.00,0.00,0.00,0.00,0.00",,0.00,0.00,,
3d animated babe porn videos,,0,"0.00,0.00,0.00,0.00,0.00,0.00,0.00,0.00,0.00,0.00,0.00,0.00",,0.00,0.00,,
3d animated banshee haydee porn,,0,"0.00,0.00,0.00,0.00,0.00,0.00,0.00,0.00,0.00,0.00,0.00,0.00",,0.00,0.00,,
3d animated barbell dog porn,,0,"0.00,0.00,0.00,0.00,0.00,0.00,0.00,0.00,0.00,0.00,0.00,0.00",,0.00,0.00,,
3d animated barbell lars dog porn,,0,"0.00,0.00,0.00,0.00,0.00,0.00,0.00,0.00,0.00,0.00,0.00,0.00",,0.00,0.00,,
3d animated bbc porn,,0,"0.00,0.00,0.00,0.00,0.00,0.00,0.00,0.00,0.00,0.00,0.00,0.00",,0.00,0.00,,
3d animated bbw porn,,0,"0.00,0.00,0.00,0.00,0.00,0.00,0.00,0.00,0.00,0.00,0.00,0.00",,0.00,0.00,,
3d animated beastiality porn,,0,"0.00,0.00,0.00,0.00,0.00,0.00,0.00,0.00,0.00,0.00,0.00,0.00",,0.00,0.00,,
3d animated beastly porn,,0,"0.00,0.00,0.00,0.00,0.00,0.00,0.00,0.00,0.00,0.00,0.00,0.00",,0.00,0.00,,
3d animated beautiful eyes pov porn,,0,"0.00,0.00,0.00,0.00,0.00,0.00,0.00,0.00,0.00,0.00,0.00,0.00",,0.00,0.00,,
3d animated bestiality porn,,0,"0.00,0.00,0.00,0.00,0.00,0.00,0.00,0.00,0.00,0.00,0.00,0.00",,0.00,0.00,,
3d animated bestiality porn videos,,0,"0.00,0.00,0.00,0.00,0.00,0.00,0.00,0.00,0.00,0.00,0.00,0.00",,0.00,0.00,,
3d animated bestiality porn vides,,0,"0.00,0.00,0.00,0.00,0.00,0.00,0.00,0.00,0.00,0.00,0.00,0.00",,0.00,0.00,,
3d animated big black cock full length hd porn videos,,0,"0.00,0.00,0.00,0.00,0.00,0.00,0.00,0.00,0.00,0.00,0.00,0.00",,0.00,0.00,,
3d animated big dick porn,,0,"0.00,0.00,0.00,0.00,0.00,0.00,0.00,0.00,0.00,0.00,0.00,0.00",,0.00,0.00,,
3d animated big tits porn,,0,"0.00,0.00,0.00,0.00,0.00,0.00,0.00,0.00,0.00,0.00,0.00,0.00",,0.00,0.00,,
3d animated bizarre porn,,0,"0.00,0.00,0.00,0.00,0.00,0.00,0.00,0.00,0.00,0.00,0.00,0.00",,0.00,0.00,,
3d animated blender porn,,0,"0.00,0.00,0.00,0.00,0.00,0.00,0.00,0.00,0.00,0.00,0.00,0.00",,0.00,0.00,,
3d animated blender porn gifs,,0,"0.00,0.00,0.00,0.00,0.00,0.00,0.00,0.00,0.00,0.00,0.00,0.00",,0.00,0.00,,
3d animated bloodlust cerene royal descent full porn film porn,,0,"0.00,0.00,0.00,0.00,0.00,0.00,0.00,0.00,0.00,0.00,0.00,0.00",,0.00,0.00,,
3d animated blowjob porn,,0,"0.00,0.00,0.00,0.00,0.00,0.00,0.00,0.00,0.00,0.00,0.00,0.00",,0.00,0.00,,
3d animated bondage porn,,0,"0.00,0.00,0.00,0.00,0.00,0.00,0.00,0.00,0.00,0.00,0.00,0.00",,0.00,0.00,,
3d animated bound girl on girl porn,,0,"0.00,0.00,0.00,0.00,0.00,0.00,0.00,0.00,0.00,0.00,0.00,0.00",,0.00,0.00,,
3d animated breeding porn,,0,"0.00,0.00,0.00,0.00,0.00,0.00,0.00,0.00,0.00,0.00,0.00,0.00",,0.00,0.00,,
3d animated captions babysitter porn,,0,"0.00,0.00,0.00,0.00,0.00,0.00,0.00,0.00,0.00,0.00,0.00,0.00",,0.00,0.00,,
3d animated captions mommy porn,,0,"0.00,0.00,0.00,0.00,0.00,0.00,0.00,0.00,0.00,0.00,0.00,0.00",,0.00,0.00,,
3d animated cartoon orgasm porn movies,,0,"0.00,0.00,0.00,0.00,0.00,0.00,0.00,0.00,0.00,0.00,0.00,0.00",,0.00,0.00,,
3d animated cartoon porn,,0,"0.00,0.00,0.00,0.00,0.00,0.00,0.00,1.00,0.00,0.00,0.00,0.00",,0.00,0.00,,
3d animated cartoon porn videos,,0,"0.00,0.00,0.00,0.00,0.00,0.00,0.00,0.00,0.00,0.00,0.00,0.00",,0.00,0.00,,
3d animated celebrity porn movies,,0,"0.00,0.00,0.00,0.00,0.00,0.00,0.00,0.00,0.00,0.00,0.00,0.00",,0.00,0.00,,
3d animated centaur porn videos,,0,"0.00,0.00,0.00,0.00,0.00,0.00,0.00,0.00,0.00,0.00,0.00,0.00",,0.00,0.00,,
3d animated chain bang porn,,0,"0.00,0.00,0.00,0.00,0.00,0.00,0.00,0.00,0.00,0.00,0.00,0.00",,0.00,0.00,,
3d animated cheat porn,,0,"0.00,0.00,0.00,0.00,0.00,0.00,0.00,0.00,0.00,0.00,0.00,0.00",,0.00,0.00,,
3d animated cheating porn,,0,"0.00,0.00,0.00,0.00,0.00,0.00,0.00,0.00,0.00,0.00,0.00,0.00",,0.00,0.00,,
3d animated cheerleader porn video,,0,"0.00,0.00,0.00,0.00,0.00,0.00,0.00,0.00,0.00,0.00,0.00,0.00",,0.00,0.00,,
3d animated cock ejaculation porn,,0,"0.00,0.00,0.00,0.00,0.00,0.00,0.00,0.00,0.00,0.00,0.00,0.00",,0.00,0.00,,
3d animated compilation porn,,0,"0.00,0.00,0.00,0.00,0.00,0.00,0.00,1.00,0.00,0.00,0.00,0.00",,0.00,0.00,,
3d animated corruption porn,,0,"0.00,0.00,0.00,0.00,0.00,0.00,0.00,0.00,0.00,0.00,0.00,0.00",,0.00,0.00,,
3d animated cortana porn gifs,,0,"0.00,0.00,0.00,0.00,0.00,0.00,0.00,0.00,0.00,0.00,0.00,0.00",,0.00,0.00,,
3d animated creampie porn,,0,"0.00,0.00,0.00,0.00,0.00,0.00,0.00,0.00,0.00,0.00,0.00,0.00",,0.00,0.00,,
3d animated cuckold porn,,0,"0.00,0.00,0.00,0.00,0.00,0.00,0.00,0.00,0.00,0.00,0.00,0.00",,0.00,0.00,,
3d animated cum porn,,0,"0.00,0.00,0.00,0.00,0.00,0.00,0.00,0.00,0.00,0.00,0.00,0.00",,0.00,0.00,,
3d animated dad and daughter porn,,0,"0.00,0.00,0.00,0.00,0.00,0.00,0.00,0.00,0.00,0.00,0.00,0.00",,0.00,0.00,,
3d animated dad duughter porn videos,,0,"0.00,0.00,0.00,0.00,0.00,0.00,0.00,0.00,0.00,0.00,0.00,0.00",,0.00,0.00,,
3d animated daddy daughter porn,,0,"0.00,0.00,0.00,0.00,0.00,0.00,0.00,0.00,0.00,0.00,0.00,0.00",,0.00,0.00,,
3d animated daughter incest porn,,0,"0.00,0.00,0.00,0.00,0.00,0.00,0.00,0.00,0.00,0.00,0.00,0.00",,0.00,0.00,,
3d animated daughter porn,,0,"0.00,0.00,0.00,0.00,0.00,0.00,0.00,0.00,0.00,0.00,0.00,0.00",,0.00,0.00,,
3d animated dead or alive girls feet fucked porn,,0,"0.00,0.00,0.00,0.00,0.00,0.00,0.00,0.00,0.00,0.00,0.00,0.00",,0.00,0.00,,
3d animated dead or alive girls fucked porn,,0,"0.00,0.00,0.00,0.00,0.00,0.00,0.00,0.00,0.00,0.00,0.00,0.00",,0.00,0.00,,
3d animated dead or alive girls porn,,0,"0.00,0.00,0.00,0.00,0.00,0.00,0.00,0.00,0.00,0.00,0.00,0.00",,0.00,0.00,,
3d animated deepthroat queen porn,,0,"0.00,0.00,0.00,0.00,0.00,0.00,0.00,0.00,0.00,0.00,0.00,0.00",,0.00,0.00,,
3d animated demon girls fucked porn,,0,"0.00,0.00,0.00,0.00,0.00,0.00,0.00,0.00,0.00,0.00,0.00,0.00",,0.00,0.00,,
3d animated disney porn,,0,"0.00,0.00,0.00,0.00,0.00,0.00,0.00,0.00,0.00,0.00,0.00,0.00",,0.00,0.00,,
3d animated dog sex porn,,0,"0.00,0.00,0.00,0.00,0.00,0.00,0.00,0.00,0.00,0.00,0.00,0.00",,0.00,0.00,,
3d animated dp porn,,0,"0.00,0.00,0.00,0.00,0.00,0.00,0.00,0.00,0.00,0.00,0.00,0.00",,0.00,0.00,,
3d animated dragon age porn xxx gif sfm,,0,"0.00,0.00,0.00,0.00,0.00,0.00,0.00,0.00,0.00,0.00,0.00,0.00",,0.00,0.00,,
3d animated drawn together porn,,0,"0.00,0.00,0.00,0.00,0.00,0.00,0.00,0.00,0.00,0.00,0.00,0.00",,0.00,0.00,,
3d animated family porn games,,0,"0.00,0.00,0.00,0.00,0.00,0.00,0.00,0.00,0.00,0.00,0.00,0.00",,0.00,0.00,,
3d animated family porn video,,0,"0.00,0.00,0.00,0.00,0.00,0.00,0.00,0.00,0.00,0.00,0.00,0.00",,0.00,0.00,,
3d animated female demon porn,,0,"0.00,0.00,0.00,0.00,0.00,0.00,0.00,0.00,0.00,0.00,0.00,0.00",,0.00,0.00,,
3d animated female dog porn,,0,"0.00,0.00,0.00,0.00,0.00,0.00,0.00,0.00,0.00,0.00,0.00,1.00",,0.00,0.00,,
3d animated female dog sex porn,,0,"0.00,0.00,0.00,0.00,0.00,0.00,0.00,0.00,0.00,0.00,0.00,0.00",,0.00,0.00,,
3d animated female venom porn,,0,"0.00,0.00,0.00,0.00,0.00,0.00,0.00,0.00,0.00,0.00,0.00,0.00",,0.00,0.00,,
3d animated femboy porn,,0,"0.00,0.00,0.00,0.00,0.00,0.00,0.00,0.00,0.00,0.00,0.00,0.00",,0.00,0.00,,
3d animated foot porn,,0,"0.00,0.00,0.00,0.00,0.00,0.00,0.00,0.00,0.00,0.00,0.00,0.00",,0.00,0.00,,
3d animated forced porn,,0,"0.00,0.00,0.00,0.00,0.00,0.00,0.00,0.00,0.00,0.00,0.00,0.00",,0.00,0.00,,
3d animated fox girl porn,,0,"0.00,0.00,0.00,0.00,0.00,0.00,0.00,0.00,0.00,0.00,0.00,0.00",,0.00,0.00,,
3d animated fox girl porn with yellow hair,,0,"0.00,0.00,0.00,0.00,0.00,0.00,0.00,0.00,0.00,0.00,0.00,0.00",,0.00,0.00,,
3d animated free anal porn games,,0,"0.00,0.00,0.00,0.00,0.00,0.00,0.00,0.00,0.00,0.00,0.00,0.00",,0.00,0.00,,
3d animated free porn sites,,0,"0.00,0.00,0.00,0.00,0.00,0.00,0.00,0.00,0.00,0.00,0.00,0.00",,0.00,0.00,,
3d animated friends4ever porn tobe,,0,"0.00,0.00,0.00,0.00,0.00,0.00,0.00,0.00,0.00,0.00,0.00,0.00",,0.00,0.00,,
3d animated fucking porn gif sfm,,0,"0.00,0.00,0.00,0.00,0.00,0.00,0.00,0.00,0.00,0.00,0.00,0.00",,0.00,0.00,,
3d animated full length hd porn videos,,0,"0.00,0.00,0.00,0.00,0.00,0.00,0.00,0.00,0.00,0.00,0.00,0.00",,0.00,0.00,,
3d animated full porn,,0,"0.00,0.00,0.00,0.00,0.00,0.00,0.00,0.00,0.00,0.00,0.00,0.00",,0.00,0.00,,
3d animated full porn videos,,0,"0.00,0.00,0.00,0.00,0.00,0.00,0.00,0.00,0.00,0.00,0.00,0.00",,0.00,0.00,,
3d animated furry gay porn,,0,"0.00,0.00,0.00,0.00,0.00,0.00,0.00,0.00,0.00,0.00,0.00,0.00",,0.00,0.00,,
3d animated furry porn,,0,"0.00,0.00,0.00,0.00,0.00,0.00,0.00,0.00,0.00,0.00,0.00,0.00",,0.00,0.00,,
3d animated futa on female porn,,0,"0.00,0.00,0.00,0.00,0.00,0.00,0.00,0.00,0.00,0.00,0.00,0.00",,0.00,0.00,,
3d animated futa porn gifs,,0,"0.00,0.00,0.00,0.00,0.00,0.00,0.00,0.00,0.00,0.00,0.00,0.00",,0.00,0.00,,
3d animated futa porn videos,,0,"0.00,0.00",,0.00,0.00,,
3d animated game of thrones porn,,0,"0.00,0.00,0.00,0.00,0.00,0.00,1.00,0.00,0.00,0.00,0.00,0.00",,0.00,0.00,,
3d animated game porn,,0,"0.00,1.00,0.00,1.00,0.00,0.00,0.00,0.00,0.00,0.00,0.00,0.00",,0.00,0.33,,
3d animated gang porn hard,,0,"0.00,0.00,0.00,0.00,0.00,0.00,0.00,0.00,0.00,0.00,0.00,0.00",,0.00,0.00,,
3d animated gangbang porn,,0,"0.00,0.00,0.00,0.00,0.00,0.00,0.00,0.00,0.00,0.00,0.00,0.00",,0.00,0.00,,
3d animated gay furry porn,,0,"0.00,0.00,0.00,0.00,0.00,0.00,0.00,0.00,0.00,0.00,0.00,0.00",,0.00,0.00,,
3d animated gay porn gif,,0,"0.00,0.00,0.00,0.00,0.00,0.00,0.00,0.00,0.00,0.00,0.00,0.00",,0.00,0.00,,
3d animated gay porn pornhub,,0,"0.00,0.00,0.00,0.00,0.00,0.00,0.00,0.00,0.00,0.00,0.00,0.00",,0.00,0.00,,
3d animated gay porn xxx gif sfm,,0,"0.00,0.00,0.00,0.00,0.00,0.00,0.00,0.00,0.00,0.00,0.00,0.00",,0.00,0.00,,
3d animated gif gay porn,,0,"0.00,0.00,0.00,0.00,0.00,0.00,0.00,0.00,0.00,0.00,0.00,0.00",,0.00,0.00,,
3d animated gif porn,,0,"0.00,0.00,0.00,0.00,0.00,0.00,0.00,0.00,0.00,0.00,0.00,0.00",,0.00,0.00,,
3d animated girl porn,,0,"0.00,0.00,0.00,0.00,0.00,0.00,0.00,0.00,0.00,0.00,0.00,0.00",,0.00,0.00,,
3d animated girl raped anally by monster cock porn videos,,0,"0.00,0.00,0.00,0.00,0.00,0.00,0.00,0.00,0.00,0.00,0.00,0.00",,0.00,0.00,,
3d animated girl with dog porn,,0,"0.00,0.00,0.00,0.00,0.00,0.00,0.00,0.00,0.00,0.00,0.00,0.00",,0.00,0.00,,
3d animated girlfriend porn,,0,"0.00,0.00,0.00,0.00,0.00,0.00,0.00,0.00,0.00,0.00,0.00,0.00",,0.00,0.00,,
3d animated girls porn,,0,"0.00,0.00,0.00,0.00,0.00,0.00,0.00,0.00,0.00,0.00,0.00,0.00",,0.00,0.00,,
3d animated girls sucking cock porn,,0,"0.00,0.00,0.00,0.00,0.00,0.00,0.00,0.00,0.00,0.00,0.00,0.00",,0.00,0.00,,
3d animated glory hole porn,,0,"0.00,0.00,0.00,0.00,0.00,0.00,0.00,0.00,0.00,0.00,0.00,0.00",,0.00,0.00,,
3d animated gore porn,,0,"0.00,0.00,0.00,0.00,0.00,0.00,0.00,0.00,0.00,0.00,0.00,0.00",,0.00,0.00,,
3d animated guro porn,,0,"0.00,0.00,0.00,0.00,0.00,0.00,0.00,0.00,0.00,0.00,0.00,0.00",,0.00,0.00,,
3d animated halloween porn,,0,"0.00,0.00,0.00,0.00,0.00,0.00,0.00,0.00,0.00,0.00,0.00,0.00",,0.00,0.00,,
3d animated hard porn,,0,"0.00,0.00,0.00,0.00,0.00,0.00,0.00,0.00,0.00,0.00,0.00,0.00",,0.00,0.00,,
3d animated hardcore game porn,,0,"0.00,0.00,0.00,0.00,0.00,0.00,0.00,0.00,0.00,0.00,0.00,0.00",,0.00,0.00,,
3d animated hardcore porn,,0,"0.00,0.00,0.00,0.00,0.00,0.00,0.00,0.00,0.00,0.00,0.00,0.00",,0.00,0.00,,
3d animated harley quinn porn,,0,"0.00,0.00,0.00,0.00,0.00,0.00,0.00,0.00,0.00,0.00,0.00,0.00",,0.00,0.00,,
3d animated harly quinn porn,,0,"0.00,0.00,0.00,0.00,0.00,0.00,0.00,0.00,0.00,0.00,0.00,0.00",,0.00,0.00,,
3d animated harry potter porn,,0,"0.00,0.00,0.00,0.00,0.00,0.00,0.00,0.00,0.00,0.00,0.00,0.00",,0.00,0.00,,
3d animated harry potter porn videos,,0,"0.00,0.00,0.00,0.00,0.00,0.00,0.00,0.00,0.00,0.00,0.00,0.00",,0.00,0.00,,
3d animated hd overwatch feet porn,,0,"0.00,0.00,0.00,0.00,0.00,0.00,0.00,0.00,0.00,0.00,0.00,0.00",,0.00,0.00,,
3d animated hd overwatch porn,,0,"0.00,0.00,0.00,0.00,0.00,0.00,0.00,0.00,0.00,0.00,0.00,0.00",,0.00,0.00,,
3d animated hd porn gifs,,0,"0.00,0.00,0.00,0.00,0.00,0.00,0.00,0.00,0.00,0.00,0.00,0.00",,0.00,0.00,,
3d animated hentai porn,,0,"0.00,0.00,0.00,0.00,0.00,0.00,0.00,0.00,0.00,0.00,0.00,0.00",,0.00,0.00,,
3d animated hentai porn princess,,0,"0.00,0.00,0.00,0.00,0.00,0.00,0.00,0.00,0.00,0.00,0.00,0.00",,0.00,0.00,,
3d animated hentai porn videos,,0,"0.00,0.00,0.00,0.00,0.00,0.00,0.00,0.00,0.00,0.00,0.00,0.00",,0.00,0.00,,
3d animated hentai toon blacksdder darksoul porn monsters werewolves,,0,"0.00,0.00,0.00,0.00,0.00,0.00,0.00,0.00,0.00,0.00,0.00,0.00",,0.00,0.00,,
3d animated hentai toon porn monsters orcs,,0,"0.00,0.00,0.00,0.00,0.00,0.00,0.00,0.00,0.00,0.00,0.00,0.00",,0.00,0.00,,
3d animated hentai toon porn monsters werewolves,,0,"0.00,0.00,0.00,0.00,0.00,0.00,0.00,0.00,0.00,0.00,0.00,0.00",,0.00,0.00,,
3d animated horror porn,,0,"0.00,0.00,0.00,0.00,0.00,0.00,0.00,0.00,0.00,0.00,0.00,0.00",,0.00,0.00,,
3d animated horse porn videos,,0,"0.00,0.00,0.00,0.00,0.00,0.00,0.00,0.00,0.00,0.00,0.00,0.00",,0.00,0.00,,
3d animated hot porn,,0,"0.00,0.00,0.00,0.00,0.00,0.00,0.00,0.00,0.00,0.00,0.00,0.00",,0.00,0.00,,
3d animated huge cock porn,,0,"0.00,0.00,0.00,0.00,0.00,0.00,0.00,0.00,0.00,0.00,0.00,0.00",,0.00,0.00,,
3d animated huge dick porn,,0,"0.00,0.00,0.00,0.00,0.00,0.00,0.00,0.00,0.00,0.00,0.00,0.00",,0.00,0.00,,
3d animated incest hentai porn,,0,"0.00,0.00,0.00,0.00,0.00,0.00,0.00,0.00,0.00,0.00,0.00,0.00",,0.00,0.00,,
3d animated incest little angel porn gif,,0,"0.00,0.00,0.00,0.00,0.00,0.00,0.00,0.00,0.00,0.00,0.00,0.00",,0.00,0.00,,
3d animated incest porn gif,,0,"0.00,0.00,0.00,0.00,0.00,0.00,0.00,0.00,0.00,0.00,0.00,0.00",,0.00,0.00,,
3d animated incest porn h,,0,"0.00,0.00,0.00,0.00,0.00,0.00,0.00,0.00,0.00,0.00,0.00,0.00",,0.00,0.00,,
3d animated incest porn hot,,0,"0.00,0.00,0.00,0.00,0.00,0.00,0.00,0.00,0.00,0.00,0.00,0.00",,0.00,0.00,,
3d animated incest porn mom son,,0,"0.00,0.00,0.00,0.00,0.00,0.00,0.00,0.00,0.00,0.00,0.00,0.00",,0.00,0.00,,
3d animated incest porn movies,,0,"0.00,0.00,0.00,0.00,0.00,0.00,0.00,0.00,0.00,0.00,0.00,0.00",,0.00,0.00,,
3d animated incest porn video,,0,"0.00,0.00,0.00,0.00,0.00,0.00,0.00,0.00,0.00,0.00,0.00,0.00",,0.00,0.00,,
3d animated incest porn videos,,0,"0.00,0.00,0.00,0.00,0.00,0.00,0.00,0.00,0.00,0.00,0.00,0.00",,0.00,0.00,,
3d animated insect porn,,0,"0.00,0.00,0.00,0.00,0.00,0.00,0.00,0.00,0.00,0.00,0.00,0.00",,0.00,0.00,,
3d animated interracial full length hd porn videos,,0,"0.00,0.00,0.00,0.00,0.00,0.00,0.00,0.00,0.00,0.00,0.00,0.00",,0.00,0.00,,
3d animated interracial porn,,0,"0.00,0.00,0.00,0.00,0.00,0.00,0.00,0.00,0.00,0.00,0.00,0.00",,0.00,0.00,,
3d animated interrogation porn,,0,"0.00,0.00,0.00,0.00,0.00,0.00,0.00,0.00,0.00,0.00,0.00,0.00",,0.00,0.00,,
3d animated japanese porn,,0,"0.00,0.00,0.00,0.00,0.00,0.00,0.00,0.00,0.00,0.00,0.00,0.00",,0.00,0.00,,
3d animated jessica rabbit hardcore porno sex gifs,,0,"0.00,0.00,0.00,0.00,0.00,0.00,0.00,0.00,0.00,0.00,0.00,0.00",,0.00,0.00,,
3d animated juvenile bestiality porn,,0,"0.00,0.00,0.00,0.00,0.00,0.00,0.00,0.00,0.00,0.00,0.00,0.00",,0.00,0.00,,
3d animated khaleesi porn,,0,"0.00,0.00,0.00,0.00,0.00,0.00,0.00,0.00,0.00,0.00,0.00,0.00",,0.00,0.00,,
3d animated kids fucking porn,,0,"0.00,0.00,0.00,0.00,0.00,0.00,0.00,0.00,0.00,0.00,0.00,0.00",,0.00,0.00,,
3d animated knot porn,,0,"0.00,0.00,0.00,0.00,0.00,0.00,0.00,0.00,0.00,0.00,0.00,0.00",,0.00,0.00,,
3d animated lesbian adult games porn,,0,"0.00,0.00,0.00,0.00,0.00,0.00,0.00,0.00,0.00,0.00,0.00,0.00",,0.00,0.00,,
3d animated lesbian porn gif sfm,,0,"0.00,0.00,0.00,0.00,0.00,0.00,0.00,0.00,0.00,0.00,0.00,0.00",,0.00,0.00,,
3d animated lesbian porn gif sfm fingering,,0,"0.00,0.00,0.00,0.00,0.00,0.00,0.00,0.00,0.00,0.00,0.00,0.00",,0.00,0.00,,
3d animated lesbian porn waterfall,,0,"0.00,0.00,0.00,0.00,0.00,0.00,0.00,0.00,0.00,0.00,0.00,0.00",,0.00,0.00,,
3d animated lesbians porn,,0,"0.00,0.00,0.00,0.00,0.00,0.00,0.00,0.00,0.00,0.00,0.00,0.00",,0.00,0.00,,
3d animated little angel porn gif,,0,"0.00,0.00,0.00,0.00,0.00,0.00,0.00,0.00,0.00,0.00,0.00,0.00",,0.00,0.00,,
3d animated lizard man porn,,0,"0.00,0.00,0.00,0.00,0.00,0.00,0.00,0.00,0.00,0.00,0.00,0.00",,0.00,0.00,,
3d animated loli hentai game porn,,0,"0.00,0.00,0.00,0.00,0.00,0.00,0.00,0.00,0.00,0.00,0.00,0.00",,0.00,0.00,,
3d animated loli porn,,0,"0.00,0.00,0.00,0.00,0.00,0.00,0.00,0.00,0.00,0.00,0.00,0.00",,0.00,0.00,,
3d animated loli porn how do i report,,0,"0.00,0.00,0.00,0.00,0.00,0.00,0.00,0.00,0.00,0.00,0.00,0.00",,0.00,0.00,,
3d animated lolicon porn,,0,"0.00,0.00,0.00,0.00,0.00,0.00,0.00,0.00,0.00,0.00,0.00,0.00",,0.00,0.00,,
3d animated lolita porn videos,,0,"0.00,0.00,0.00,0.00,0.00,0.00,0.00,0.00,0.00,0.00,0.00,0.00",,0.00,0.00,,
3d animated m porn,,0,"0.00,0.00,0.00,0.00,0.00,0.00,0.00,0.00,0.00,0.00,0.00,0.00",,0.00,0.00,,
3d animated machine gay porn,,0,"0.00,0.00,0.00,0.00,0.00,0.00,0.00,0.00,0.00,0.00,0.00,0.00",,0.00,0.00,,
3d animated magic wish genie porn,,0,"0.00,0.00,0.00,0.00,0.00,0.00,0.00,0.00,0.00,0.00,0.00,0.00",,0.00,0.00,,
3d animated man and female dog sex porn,,0,"0.00,0.00,0.00,0.00,0.00,0.00,0.00,0.00,0.00,0.00,0.00,0.00",,0.00,0.00,,
3d animated mans best friend porn,,0,"0.00,0.00,0.00,0.00,0.00,0.00,0.00,0.00,0.00,0.00,0.00,0.00",,0.00,0.00,,
3d animated mass effect asarii porn gifs,,0,"0.00,0.00,0.00,0.00,0.00,0.00,0.00,0.00,0.00,0.00,0.00,0.00",,0.00,0.00,,
3d animated mass effect porn,,0,"0.00,0.00,0.00,0.00,0.00,0.00,0.00,0.00,0.00,0.00,0.00,0.00",,0.00,0.00,,
3d animated minotaur porn,,0,"0.00,0.00,0.00,0.00,0.00,0.00,0.00,0.00,0.00,0.00,0.00,0.00",,0.00,0.00,,
3d animated missionary porn,,0,"0.00,0.00,0.00,0.00,0.00,0.00,0.00,0.00,0.00,0.00,0.00,0.00",,0.00,0.00,,
3d animated missionary porn gifs,,0,"0.00,0.00,0.00,0.00,0.00,0.00,0.00,0.00,0.00,0.00,0.00,0.00",,0.00,0.00,,
3d animated model lesbian porn,,0,"0.00,0.00,0.00,0.00,0.00,0.00,0.00,0.00,0.00,0.00,0.00,0.00",,0.00,0.00,,
3d animated mom and son porn,,0,"0.00,0.00,0.00,0.00,0.00,0.00,0.00,0.00,0.00,0.00,0.00,0.00",,0.00,0.00,,
3d animated mom bath porn,,0,"0.00,0.00,0.00,0.00,0.00,0.00,0.00,0.00,0.00,0.00,0.00,0.00",,0.00,0.00,,
3d animated mom son porn videos,,0,"0.00,0.00,0.00,0.00,0.00,0.00,0.00,0.00,0.00,0.00,0.00,0.00",,0.00,0.00,,
3d animated mon son porn,,0,"0.00,0.00,0.00,0.00,0.00,0.00,0.00,0.00,0.00,0.00,0.00,0.00",,0.00,0.00,,
3d animated monster fantasy porn,,0,"0.00,0.00,0.00,0.00,0.00,0.00,0.00,0.00,0.00,0.00,0.00,0.00",,0.00,0.00,,
3d animated monster lick porn,,0,"0.00,0.00,0.00,0.00,0.00,0.00,0.00,0.00,0.00,0.00,0.00,0.00",,0.00,0.00,,
3d animated movies porn,,0,"0.00,0.00,0.00,0.00,0.00,0.00,0.00,0.00,0.00,0.00,0.00,0.00",,0.00,0.00,,
3d animated moxxi fucked porn,,0,"0.00,0.00,0.00,0.00,0.00,0.00,0.00,0.00,0.00,0.00,0.00,0.00",,0.00,0.00,,
3d animated music porn,,0,"0.00,0.00,0.00,0.00,0.00,0.00,0.00,0.00,0.00,0.00,0.00,0.00",,0.00,0.00,,
3d animated ninja gaiden porn,,0,"0.00,0.00,0.00,0.00,0.00,0.00,0.00,0.00,0.00,0.00,0.00,0.00",,0.00,0.00,,
3d animated nun porn,,0,"0.00,0.00,0.00,0.00",,0.00,0.00,,
3d animated nurse getting spit roasted porn,,0,"0.00,0.00,0.00,0.00,0.00,0.00,0.00,0.00,0.00,0.00,0.00,0.00",,0.00,0.00,,
3d animated office porn,,0,"0.00,0.00,0.00,0.00,0.00,0.00,0.00,0.00,0.00,0.00,0.00,0.00",,0.00,0.00,,
3d animated ogers fuck girls porn,,0,"0.00,0.00,0.00,0.00,0.00,0.00,0.00,0.00,0.00,0.00,0.00,0.00",,0.00,0.00,,
3d animated only family porn games,,0,"0.00,0.00,0.00,0.00,0.00,0.00,0.00,0.00,0.00,0.00,0.00,0.00",,0.00,0.00,,
3d animated orc porn,,0,"0.00,0.00,0.00,0.00,0.00,0.00,0.00,0.00,0.00,0.00,0.00,0.00",,0.00,0.00,,
3d animated orgasm porn movies,,0,"0.00,0.00,0.00,0.00,0.00,0.00,0.00,0.00,0.00,0.00,0.00,0.00",,0.00,0.00,,
3d animated overwatch porn,,0,"0.00,0.00,0.00,0.00,0.00,0.00,0.00,0.00,0.00,0.00,0.00,0.00",,0.00,0.00,,
3d animated parental love porn,,0,"0.00,0.00,0.00,0.00,0.00,0.00,0.00,0.00,0.00,0.00,0.00,0.00",,0.00,0.00,,
3d animated penis ejaculation porn,,0,"0.00,0.00,0.00,0.00,0.00,0.00,0.00,0.00,0.00,0.00,0.00,0.00",,0.00,0.00,,
3d animated petite women porn,,0,"0.00,0.00,0.00,0.00,0.00,0.00,0.00,0.00,0.00,0.00,0.00,0.00",,0.00,0.00,,
3d animated pixar porn,,0,"0.00,0.00,0.00,0.00,0.00,0.00,0.00,0.00,0.00,0.00,0.00,0.00",,0.00,0.00,,
3d animated plant monster invades throat porn,,0,"0.00,0.00,0.00,0.00,0.00,0.00,0.00,0.00,0.00,0.00,0.00,0.00",,0.00,0.00,,
3d animated pokemon porn,,0,"0.00,0.00,0.00,0.00,0.00,0.00,0.00,0.00,0.00,0.00,0.00,0.00",,0.00,0.00,,
3d animated pole dancing porn,,0,"0.00,0.00,0.00,0.00,0.00,0.00,0.00,0.00,0.00,0.00,0.00,0.00",,0.00,0.00,,
3d animated porn 2020,,0,"0.00,0.00,0.00,0.00,1.00,0.00,0.00,0.00,0.00,0.00,0.00,0.00",,0.00,0.00,,
3d animated porn 2021,,0,"0.00,0.00,0.00,0.00,0.00,0.00,0.00,0.00,0.00,0.00,0.00,0.00",,0.00,0.00,,
3d animated porn 2022,,0,"0.00,0.00,0.00,0.00,0.00,0.00,0.00,0.00,0.00,0.00,0.00,0.00",,0.00,0.00,,
3d animated porn 2023,,0,"0.00,0.00,0.00,0.00,0.00,0.00,0.00,0.00,0.00,0.00,0.00,0.00",,0.00,0.00,,
3d animated porn 2024,,0,"0.00,0.00,0.00,0.00,0.00,0.00,0.00,0.00,0.00,0.00,0.00,0.00",,0.00,0.00,,
3d animated porn ad,,0,"0.00,0.00,0.00,0.00,0.00,0.00,0.00,0.00,0.00,0.00,0.00,0.00",,0.00,0.00,,
3d animated porn alien and woman,,0,"0.00,0.00,0.00,0.00,0.00,0.00,0.00,0.00,0.00,0.00,0.00,0.00",,0.00,0.00,,
3d animated porn anal,,0,"0.00,0.00,0.00,0.00,0.00,0.00,0.00,0.00,0.00,0.00,0.00,0.00",,0.00,0.00,,
3d animated porn and gay,,0,"0.00,0.00,0.00,0.00,0.00,0.00,0.00,0.00,0.00,0.00,0.00,0.00",,0.00,0.00,,
3d animated porn anomal,,0,"0.00,0.00,0.00,0.00,0.00,0.00,0.00,0.00,0.00,0.00,0.00,0.00",,0.00,0.00,,
3d animated porn artist,,0,"0.00,0.00,0.00,0.00,0.00,0.00,0.00,0.00,0.00,0.00,0.00,0.00",,0.00,0.00,,
3d animated porn ashley,,0,"0.00,0.00,0.00,0.00,0.00,0.00,0.00,0.00,0.00,0.00,0.00,0.00",,0.00,0.00,,
3d animated porn ashley until dawn,,0,"0.00,0.00,0.00,0.00,0.00,0.00,0.00,0.00,0.00,0.00,0.00,0.00",,0.00,0.00,,
3d animated porn bath,,0,"0.00,0.00,0.00,0.00,0.00,0.00,0.00,0.00,0.00,0.00,0.00,0.00",,0.00,0.00,,
3d animated porn bbc,,0,"0.00,0.00,0.00,0.00,0.00,0.00,0.00,0.00,0.00,0.00,0.00,0.00",,0.00,0.00,,
3d animated porn best,,0,"0.00,0.00,0.00,0.00,0.00,0.00,0.00,0.00,0.00,0.00,0.00,0.00",,0.00,0.00,,
3d animated porn big tits,,0,"0.00,0.00,0.00,0.00,0.00,0.00,0.00,0.00,0.00,0.00,0.00,0.00",,0.00,0.00,,
3d animated porn black girl fucked by bathroom stall,,0,"0.00,0.00,0.00,0.00,0.00,0.00,0.00,0.00,0.00,0.00,0.00,0.00",,0.00,0.00,,
3d animated porn bondage,,0,"0.00,0.00,0.00,0.00,0.00,0.00,0.00,0.00,0.00,0.00,0.00,0.00",,0.00,0.00,,
3d animated porn boys,,0,"0.00,0.00,0.00,0.00,0.00,0.00,0.00,0.00,0.00,0.00,0.00,0.00",,0.00,0.00,,
3d animated porn brother busted by sister,,0,"0.00,0.00,0.00,0.00,0.00,0.00,0.00,0.00,0.00,0.00,0.00,0.00",,0.00,0.00,,
3d animated porn cartoon,,0,"0.00,0.00,0.00,0.00,0.00,0.00,0.00,0.00,0.00,0.00,0.00,0.00",,0.00,0.00,,
3d animated porn cartoon change,,0,"0.00,0.00,0.00,0.00,0.00,0.00,0.00,0.00,0.00,0.00,0.00,0.00",,0.00,0.00,,
3d animated porn caught,,0,"0.00,0.00,0.00,0.00,0.00,0.00,0.00,0.00,0.00,0.00,0.00,0.00",,0.00,0.00,,
3d animated porn caught brouther,,0,"0.00,0.00,0.00,0.00,0.00,0.00,0.00,0.00,0.00,0.00,0.00,0.00",,0.00,0.00,,
3d animated porn caught masturbation,,0,"0.00,0.00,0.00,0.00,0.00,0.00,0.00,0.00,0.00,0.00,0.00,0.00",,0.00,0.00,,
3d animated porn celena,,0,"0.00,0.00,0.00,0.00,0.00,0.00,0.00,0.00,0.00,0.00,0.00,0.00",,0.00,0.00,,
3d animated porn centaur,,0,"0.00,0.00,0.00,0.00,0.00,0.00,0.00,0.00,0.00,0.00,0.00,0.00",,0.00,0.00,,
3d animated porn changing,,0,"0.00,0.00,0.00,0.00,0.00,0.00,0.00,0.00,0.00,0.00,0.00,0.00",,0.00,0.00,,
3d animated porn chloe and max,,0,"0.00,0.00,0.00,0.00,0.00,0.00,0.00,0.00,0.00,0.00,0.00,0.00",,0.00,0.00,,
3d animated porn chloexmax,,0,"0.00,0.00,0.00,0.00,0.00,0.00,0.00,0.00,0.00,0.00,0.00,0.00",,0.00,0.00,,
3d animated porn clit expanding,,0,"0.00,0.00,0.00,0.00,0.00,0.00,0.00,0.00,0.00,0.00,0.00,0.00",,0.00,0.00,,
3d animated porn comic,,0,"0.00,0.00,0.00,1.00,0.00,1.00,0.00,0.00,0.00,0.00,1.00,0.00",,0.00,0.00,,
3d animated porn comp,,0,"0.00,0.00,0.00,0.00,0.00,0.00,0.00,0.00,0.00,0.00",,0.00,0.00,,
3d animated porn creampie,,0,"0.00,0.00,0.00,0.00,0.00,0.00,0.00,0.00,0.00,0.00,0.00,0.00",,0.00,0.00,,
3d animated porn cum,,0,"0.00,0.00,0.00,0.00,0.00,0.00,0.00,0.00,0.00,0.00,0.00,0.00",,0.00,0.00,,
3d animated porn cumshot,,0,"0.00,0.00,0.00,0.00,0.00,0.00,0.00,0.00,0.00,0.00,0.00,0.00",,0.00,0.00,,
3d animated porn dickgirl,,0,"0.00,0.00,0.00,0.00,0.00,0.00,0.00,0.00,0.00,0.00,0.00,0.00",,0.00,0.00,,
3d animated porn dragon age,,0,"0.00,0.00,0.00,0.00,0.00,0.00,0.00,0.00,0.00,0.00,0.00,0.00",,0.00,0.00,,
3d animated porn dragon age morrigan,,0,"0.00,0.00,0.00,0.00,0.00,0.00,0.00,0.00,0.00,0.00,0.00,0.00",,0.00,0.00,,
3d animated porn elf princess and the soldier gifs,,0,"0.00,0.00,0.00,0.00,0.00,0.00,0.00,0.00,0.00,0.00,0.00,0.00",,0.00,0.00,,
3d animated porn english,,0,"0.00,0.00,0.00,0.00,0.00,0.00,0.00,0.00,0.00,0.00,0.00,0.00",,0.00,0.00,,
3d animated porn fallout,,0,"0.00,0.00,0.00,0.00,0.00,0.00,0.00,0.00,0.00,0.00,0.00,0.00",,0.00,0.00,,
3d animated porn family,,0,"0.00,0.00,0.00,0.00,0.00,0.00,0.00,0.00,0.00,0.00,0.00,0.00",,0.00,0.00,,
3d animated porn fantasy kingdom,,0,"0.00,0.00,0.00,0.00,0.00,0.00,0.00,0.00,0.00,0.00,0.00,0.00",,0.00,0.00,,
3d animated porn film,,0,"0.00,0.00,0.00,0.00,0.00,0.00,0.00,0.00,0.00,0.00,0.00,0.00",,0.00,0.00,,
3d animated porn forced,,0,"0.00,0.00,0.00,0.00,1.00,0.00,0.00,0.00,0.00,0.00,0.00,0.00",,0.00,0.00,,
3d animated porn free video download,,0,"0.00,0.00,0.00,0.00,0.00,0.00,0.00,0.00,0.00,0.00,0.00,0.00",,0.00,0.00,,
3d animated porn fucked by bathroon stall,,0,"0.00,0.00,0.00,0.00,0.00,0.00,0.00,0.00,0.00,0.00,0.00,0.00",,0.00,0.00,,
3d animated porn full,,0,"0.00,0.00,0.00,0.00,0.00,0.00,0.00,0.00,0.00,0.00,0.00,0.00",,0.00,0.00,,
3d animated porn full length movies free,,0,"0.00,0.00,0.00,0.00,0.00,0.00,0.00,0.00,0.00,0.00,0.00,0.00",,0.00,0.00,,
3d animated porn full movie,,0,"1.00,0.00,0.00,0.00,0.00,0.00,0.00,0.00,0.00,0.00,0.00,0.00",,0.00,0.00,,
3d animated porn full video,,0,"0.00,0.00,0.00,0.00,0.00,0.00,0.00,0.00,0.00,0.00,0.00,0.00",,0.00,0.00,,
3d animated porn full videos,,0,"0.00,0.00,0.00,0.00,0.00,0.00,0.00,0.00,0.00,0.00,0.00,0.00",,0.00,0.00,,
3d animated porn futa,,0,"0.00,0.00,0.00,0.00,0.00,0.00,0.00,0.00,0.00,0.00,0.00,0.00",,0.00,0.00,,
3d animated porn futanari,,0,"0.00,0.00,0.00,0.00,0.00,0.00,0.00,0.00,0.00,0.00,0.00,0.00",,0.00,0.00,,
3d animated porn game no login,,0,"0.00,0.00,0.00,0.00,0.00,0.00,0.00,0.00,0.00,0.00,0.00,0.00",,0.00,0.00,,
3d animated porn game no login on phone,,0,"0.00,0.00,0.00,0.00,0.00,0.00,0.00,0.00,0.00,0.00,0.00,0.00",,0.00,0.00,,
3d animated porn games for windows,,0,"0.00,0.00,0.00,0.00,0.00,0.00,0.00,0.00,0.00,0.00,0.00,0.00",,0.00,0.00,,
3d animated porn games raddit,,0,"0.00,0.00,0.00,0.00,0.00,0.00,0.00,0.00,0.00,0.00,0.00,0.00",,0.00,0.00,,
3d animated porn games reddit,,0,"0.00,0.00,0.00,0.00,0.00,0.00,0.00,0.00,0.00,0.00,0.00,0.00",,0.00,0.00,,
3d animated porn gay,,0,"0.00,0.00,0.00,0.00,0.00,0.00,0.00,0.00,0.00,0.00,0.00,0.00",,0.00,0.00,,
3d animated porn girl dog,,0,"0.00,0.00,0.00,0.00,0.00,0.00,0.00,0.00,0.00,0.00,0.00,0.00",,0.00,0.00,,
3d animated porn girl fucked by bathroom stall,,0,"0.00,0.00,0.00,0.00,0.00,0.00,0.00,0.00,0.00,0.00,0.00,0.00",,0.00,0.00,,
3d animated porn girl goddess,,0,"0.00,0.00,0.00,0.00,0.00,0.00,0.00,0.00,0.00,0.00,0.00,0.00",,0.00,0.00,,
3d animated porn girl puts girl in her ass,,0,"0.00,0.00,0.00,0.00,0.00,0.00,0.00,0.00,0.00,0.00,0.00,0.00",,0.00,0.00,,
3d animated porn girl swallows girl,,0,"0.00,0.00,0.00,0.00,0.00,0.00,0.00,0.00,0.00,0.00,0.00,0.00",,0.00,0.00,,
3d animated porn girls goes in ass,,0,"0.00,0.00,0.00,0.00,0.00,0.00,0.00,0.00,0.00,0.00,0.00,0.00",,0.00,0.00,,
3d animated porn girls moaning loudly,,0,"0.00,0.00,0.00,0.00,0.00,0.00,0.00,0.00,0.00,0.00,0.00,0.00",,0.00,0.00,,
3d animated porn guf,,0,"0.00,0.00,0.00,0.00,0.00,0.00,0.00,0.00,0.00,0.00,0.00,0.00",,0.00,0.00,,
3d animated porn hardcore,,0,"0.00,0.00,0.00,0.00,0.00,0.00,0.00,0.00,0.00,0.00,0.00,0.00",,0.00,0.00,,
3d animated porn hentai,,0,"0.00,0.00,0.00,0.00,0.00,0.00,0.00,0.00,0.00,0.00,0.00,0.00",,0.00,0.00,,
3d animated porn horase,,0,"0.00,0.00,0.00,0.00,0.00,0.00,0.00,0.00,0.00,0.00,0.00,0.00",,0.00,0.00,,
3d animated porn horse,,0,"0.00,0.00,0.00,0.00,0.00,0.00,0.00,0.00,0.00,0.00,0.00,0.00",,0.00,0.00,,
3d animated porn huge cock,,0,"0.00,0.00,0.00,0.00,0.00,0.00,0.00,0.00,0.00,0.00,0.00,0.00",,0.00,0.00,,
3d animated porn impregnate,,0,"0.00,0.00,0.00,0.00,0.00,0.00,0.00,0.00,0.00,0.00,0.00,0.00",,0.00,0.00,,
3d animated porn in bathroom stall,,0,"0.00,0.00,0.00,0.00,0.00,0.00,0.00,0.00,0.00,0.00,0.00,0.00",,0.00,0.00,,
3d animated porn incest,,0,"0.00,0.00,0.00,0.00,0.00,0.00,0.00,0.00,0.00,0.00,0.00,0.00",,0.00,0.00,,
3d animated porn jackerman,,0,"0.00,0.00,0.00,0.00,0.00,0.00,0.00,0.00,0.00,0.00,0.00,0.00",,0.00,0.00,,
3d animated porn laura croft,,0,"0.00,0.00,0.00,0.00,0.00,0.00,0.00,0.00,0.00,0.00,0.00,0.00",,0.00,0.00,,
3d animated porn lesbian,,0,"0.00,0.00,0.00,0.00,0.00,0.00,0.00,0.00,0.00,0.00,0.00,0.00",,0.00,0.00,,
3d animated porn loli,,0,"0.00,0.00,0.00,0.00,0.00,0.00,0.00,0.00,0.00,0.00,0.00,0.00",,0.00,0.00,,
3d animated porn lust kingdom,,0,"0.00,0.00,0.00,0.00,0.00,0.00,0.00,0.00,0.00,0.00,0.00,0.00",,0.00,0.00,,
3d animated porn magic,,0,"0.00,0.00,0.00,0.00,0.00,0.00,0.00,0.00,0.00,0.00,0.00,0.00",,0.00,0.00,,
3d animated porn mass effect,,0,"0.00,0.00,0.00,0.00,0.00,0.00,0.00,0.00,0.00,0.00,0.00,0.00",,0.00,0.00,,
3d animated porn mass effect comic,,0,"0.00,0.00,0.00,0.00,0.00,0.00,0.00,0.00,0.00,0.00,0.00,0.00",,0.00,0.00,,
3d animated porn mass effect comic miranda,,0,"0.00,0.00,0.00,0.00,0.00,0.00,0.00,0.00,0.00,0.00,0.00,0.00",,0.00,0.00,,
3d animated porn mass effect comic tali,,0,"0.00,0.00,0.00,0.00,0.00,0.00,0.00,0.00,0.00,0.00,0.00,0.00",,0.00,0.00,,
3d animated porn mass effect tali,,0,"0.00,0.00,0.00,0.00,0.00,0.00,0.00,0.00,0.00,0.00,0.00,0.00",,0.00,0.00,,
3d animated porn mass effect tali bj,,0,"0.00,0.00,0.00,0.00,0.00,0.00,0.00,0.00,0.00,0.00,0.00,0.00",,0.00,0.00,,
3d animated porn mass effect talibj,,0,"0.00,0.00,0.00,0.00,0.00,0.00,0.00,0.00,0.00,0.00,0.00,0.00",,0.00,0.00,,
3d animated porn milf,,0,"0.00,1.00,0.00,0.00,0.00,0.00,0.00,0.00,0.00,0.00,0.00,0.00",,0.00,0.00,,
3d animated porn mom,,0,"0.00,0.00,0.00,0.00,0.00,0.00,0.00,0.00,0.00,0.00,0.00,0.00",,0.00,0.00,,
3d animated porn mom and son,,0,"0.00,0.00,0.00,0.00",,0.00,0.00,,
3d animated porn mom and son videos,,0,"0.00,0.00,0.00,0.00,0.00,0.00,0.00,0.00,0.00,0.00,0.00,0.00",,0.00,0.00,,
3d animated porn monster,,0,"0.00,0.00,0.00,0.00,0.00,0.00,0.00,0.00,0.00,0.00,0.00,0.00",,0.00,0.00,,
3d animated porn movi,,0,"0.00,0.00,0.00,0.00,0.00,0.00,0.00,0.00,0.00,0.00,0.00,0.00",,0.00,0.00,,
3d animated porn mp4,,0,"0.00,0.00,0.00,0.00,0.00,0.00,0.00,0.00,0.00,0.00,0.00,0.00",,0.00,0.00,,
3d animated porn new,,0,"0.00,0.00,0.00,0.00,0.00,0.00,0.00,0.00,0.00,0.00,0.00,0.00",,0.00,0.00,,
3d animated porn nipple tease,,0,"0.00,0.00,0.00,0.00,0.00,0.00,0.00,0.00,0.00,0.00,0.00,0.00",,0.00,0.00,,
3d animated porn nipple vibrate,,0,"0.00,0.00,0.00,0.00,0.00,0.00,0.00,0.00,0.00,0.00,0.00,0.00",,0.00,0.00,,
3d animated porn of rough threesome,,0,"0.00,0.00,0.00,0.00,0.00,0.00,0.00,0.00,0.00,0.00,0.00,0.00",,0.00,0.00,,
3d animated porn of rough threesome moviese,,0,"0.00,0.00,0.00,0.00,0.00,0.00,0.00,0.00,0.00,0.00,0.00,0.00",,0.00,0.00,,
3d animated porn office,,0,"0.00,0.00,0.00,0.00,0.00,0.00,0.00,0.00,0.00,0.00,0.00,0.00",,0.00,0.00,,
3d animated porn old young,,0,"0.00,0.00,0.00,0.00,0.00,0.00,0.00,0.00,0.00,0.00,0.00,0.00",,0.00,0.00,,
3d animated porn openload,,0,"0.00,0.00,0.00,0.00,0.00,0.00,0.00,0.00,0.00,0.00,0.00,0.00",,0.00,0.00,,
3d animated porn oral sex,,0,"0.00,0.00,0.00,0.00,0.00,0.00,0.00,0.00,0.00,0.00,0.00,0.00",,0.00,0.00,,
3d animated porn oral sex cum,,0,"0.00,0.00,0.00,0.00,0.00,0.00,0.00,0.00,0.00,0.00,0.00,0.00",,0.00,0.00,,
3d animated porn overwatch,,0,"0.00,0.00,0.00,0.00,0.00,0.00,0.00,0.00,0.00,0.00,0.00,0.00",,0.00,0.00,,
3d animated porn parody,,0,"0.00,0.00,0.00,0.00,0.00,0.00,0.00,0.00,0.00,0.00,0.00,0.00",,0.00,0.00,,
3d animated porn pink clothes,,0,"0.00,0.00,0.00,0.00,0.00,0.00,0.00,0.00,0.00,0.00,0.00,0.00",,0.00,0.00,,
3d animated porn pornhub,,0,"0.00,0.00,0.00,0.00,0.00,0.00,0.00,0.00,0.00,0.00,0.00,0.00",,0.00,0.00,,
3d animated porn pov,,0,"0.00,0.00,0.00,0.00,0.00,0.00,0.00,0.00,0.00,0.00,0.00,0.00",,0.00,0.00,,
3d animated porn ppictures,,0,"0.00,0.00,0.00,0.00,0.00,0.00,0.00,0.00,0.00,0.00,0.00,0.00",,0.00,0.00,,
3d animated porn queen,,0,"0.00,0.00,0.00,0.00,0.00,0.00,0.00,0.00,0.00,0.00,0.00,0.00",,0.00,0.00,,
3d animated porn queen challenge,,0,"0.00,0.00,0.00,0.00,0.00,0.00,0.00,0.00,0.00,0.00,0.00,0.00",,0.00,0.00,,
3d animated porn queen monster,,0,"0.00,0.00,0.00,0.00,0.00,0.00,0.00,0.00,0.00,0.00,0.00,0.00",,0.00,0.00,,
3d animated porn r34,,0,"0.00,0.00,0.00",,0.00,0.00,,
3d animated porn rape,,0,"0.00,0.00,0.00,0.00,0.00,0.00,0.00,0.00,0.00,0.00,0.00,0.00",,0.00,0.00,,
3d animated porn resident evil,,0,"0.00,0.00,0.00,0.00,0.00,0.00,0.00,0.00,0.00,0.00,0.00,0.00",,0.00,0.00,,
3d animated porn rough,,0,"0.00,0.00,0.00,0.00,0.00,0.00,0.00,0.00,0.00,0.00,0.00,0.00",,0.00,0.00,,
3d animated porn rule 34,,0,"1.00,0.00,0.00,0.00,0.00,0.00",,0.00,0.00,,
3d animated porn scenic,,0,"0.00,0.00,0.00,0.00,0.00,0.00,0.00,0.00,0.00,0.00,0.00,0.00",,0.00,0.00,,
3d animated porn scenic beach,,0,"0.00,0.00,0.00,0.00,0.00,0.00,0.00,0.00,0.00,0.00,0.00,0.00",,0.00,0.00,,
3d animated porn selena,,0,"0.00,0.00,0.00,0.00,0.00,0.00,0.00,0.00,0.00,0.00,0.00,0.00",,0.00,0.00,,
3d animated porn sex,,0,"0.00,0.00,0.00,0.00,0.00,0.00,0.00,0.00,0.00,0.00,0.00,0.00",,0.00,0.00,,
3d animated porn sfm,,0,"0.00,0.00,0.00,0.00,0.00,0.00,0.00,0.00,0.00,0.00,0.00,0.00",,0.00,0.00,,
3d animated porn sfm elli,,0,"0.00,0.00,0.00,0.00,0.00,0.00,0.00,0.00,0.00,0.00,0.00,0.00",,0.00,0.00,,
3d animated porn sfm ellie,,0,"0.00,0.00,0.00,0.00,0.00,0.00,0.00,0.00,0.00,0.00,0.00,0.00",,0.00,0.00,,
3d animated porn sfm hentai,,0,"0.00,0.00,0.00,0.00,0.00,0.00,0.00,0.00,0.00,0.00,0.00,0.00",,0.00,0.00,,
3d animated porn shemale,,0,"0.00,0.00,0.00,0.00,0.00,0.00,0.00,0.00,0.00,0.00,0.00,0.00",,0.00,0.00,,
3d animated porn shiin,,0,"0.00,0.00,0.00,0.00,0.00,0.00,0.00,0.00,0.00,0.00,0.00,0.00",,0.00,0.00,,
3d animated porn step mom,,0,"0.00,0.00,0.00,0.00,0.00,0.00,0.00,0.00,0.00,0.00,0.00,0.00",,0.00,0.00,,
3d animated porn stepmom,,0,"0.00,0.00,0.00,0.00,0.00,0.00,0.00,0.00,0.00,0.00,0.00,0.00",,0.00,0.00,,
3d animated porn stories,,0,"0.00,0.00,1.00,0.00,0.00,0.00,0.00,0.00,0.00,0.00,0.00,0.00",,0.00,0.00,,
3d animated porn story,,0,"0.00,0.00,0.00,0.00,0.00,0.00,0.00,0.00,0.00,0.00,1.00,1.00",,0.00,0.33,,
3d animated porn taboo,,0,"0.00,0.00,0.00,0.00,0.00,0.00,0.00,0.00,0.00,0.00,0.00,0.00",,0.00,0.00,,
3d animated porn tease nipples,,0,"0.00,0.00,0.00,0.00,0.00,0.00,0.00,0.00,0.00,0.00,0.00,0.00",,0.00,0.00,,
3d animated porn teen,,0,"0.00,0.00,0.00,0.00,0.00,0.00,0.00,0.00,0.00,0.00,0.00,0.00",,0.00,0.00,,
3d animated porn telegram,,0,"0.00,0.00,0.00,0.00,0.00,0.00",,0.00,0.00,,
3d animated porn thor,,0,"0.00,0.00,0.00,0.00,0.00,0.00,0.00,0.00,0.00,0.00,0.00,0.00",,0.00,0.00,,
3d animated porn threesome,,0,"0.00,0.00,0.00,0.00,0.00,0.00,0.00,0.00,0.00,0.00,0.00,0.00",,0.00,0.00,,
3d animated porn transformation,,0,"0.00,0.00,0.00,0.00,0.00,0.00,0.00,0.00,0.00,0.00,0.00,0.00",,0.00,0.00,,
3d animated porn transforming,,0,"0.00,0.00,0.00,0.00,0.00,0.00,0.00,0.00,0.00,0.00,0.00,0.00",,0.00,0.00,,
3d animated porn tubes,,0,"0.00,1.00,0.00,0.00,0.00,0.00,0.66,0.00,0.00,0.00,0.00,0.00",,0.00,0.00,,
3d animated porn two dicks in vagina,,0,"0.00,0.00,0.00,0.00,0.00,0.00,0.00,0.00,0.00,0.00,0.00,0.00",,0.00,0.00,,
3d animated porn uncensored,,0,"0.00,0.00,0.00,0.00,0.00,0.00,0.00,0.00,0.00,0.00,0.00,0.00",,0.00,0.33,,
3d animated porn video x-ray,,0,"0.00,0.00,0.00,0.00,0.00,0.00,0.00,0.00,0.00,0.00,0.00,0.00",,0.00,0.00,,
3d animated porn videos powers magic,,0,"0.00,0.00,0.00,0.00,0.00,0.00,0.00,0.00,0.00,0.00,0.00,0.00",,0.00,0.00,,
3d animated porn vr,,0,"0.00,0.00,0.00,0.00,0.00,0.00,0.00,0.00,0.00,0.00,0.00,0.00",,0.00,0.00,,
3d animated porn warrior,,0,"0.00,0.00,0.00,0.00,0.00,0.00,0.00,0.00,0.00,0.00,0.00,0.00",,0.00,0.00,,
3d animated porn warrior queen,,0,"0.00,0.00,0.00,0.00,0.00,0.00,0.00,0.00,0.00,0.00,0.00,0.00",,0.00,0.00,,
3d animated porn webm,,0,"0.00,0.00,0.00,0.00,0.00,0.00,0.00,0.00,0.00,0.00,0.00,0.00",,0.00,0.00,,
3d animated porn webms,,0,"0.00,0.00,0.00,0.00,0.00,0.00,0.00,0.00,0.00,0.00,0.00,0.00",,0.00,0.00,,
3d animated porn website,,0,"0.00,0.00,0.00,0.00,0.00,0.00,0.00,0.00,0.00,0.00,0.00,0.00",,0.00,0.00,,
3d animated porn websites,,0,"0.00,0.00,0.00,0.00,0.00,1.00,0.00,0.00,0.00,0.00,0.00,0.00",,0.00,0.00,,
3d animated porn werewolf,,0,"0.00,0.00,0.00,0.00,0.00,0.00,0.00,0.00,0.00,0.00,0.00,0.00",,0.00,0.00,,
3d animated porn with lara croft,,0,"0.00,0.00,0.00,0.00,0.00,0.00,0.00,0.00,0.00,0.00,0.00,0.00",,0.00,0.00,,
3d animated porn with laura croft,,0,"0.00,0.00,0.00,0.00,0.00,0.00,0.00,0.00,0.00,0.00,0.00,0.00",,0.00,0.00,,
3d animated porn with orgasms,,0,"0.00,0.00,0.00,0.00,0.00,0.00,0.00,0.00,0.00,0.00,0.00,0.00",,0.00,0.00,,
3d animated porn with sound,,0,"0.00,0.00,0.00,0.00,0.00,0.00,0.00,0.00,0.00,0.00,0.00,0.00",,0.00,0.00,,
3d animated porn with story,,0,"0.00,0.00,0.00,0.00,0.00,0.00,0.00,0.00,0.00,0.00,0.00,0.00",,0.00,0.00,,
3d animated porn with tit jigglr fisics,,0,"0.00,0.00,0.00,0.00,0.00,0.00,0.00,0.00,0.00,0.00,0.00,0.00",,0.00,0.00,,
3d animated porn xxx,,0,"0.00,0.00,0.00,0.00,0.00,0.00,0.00,0.00,0.00,0.00,0.00,0.00",,0.00,0.00,,
3d animated porn young,,0,"0.00,0.00,0.00,0.00,0.00,0.00,0.00,0.00,0.00,0.00,0.00,0.00",,0.00,0.00,,
3d animated porn.,,0,"0.00,0.00,0.00,0.00,0.00,0.00,0.00,0.00,0.00,0.00,0.00,0.00",,0.00,0.00,,
3d animated porno,,0,"0.00,0.00,0.00,0.00,0.00,0.00,0.00,0.00,0.00,0.00,0.00,0.00",,0.00,0.00,,
3d animated pornos,,0,"0.00,0.00,0.00,0.00,0.00,0.00,0.00,0.00,0.00,0.00,0.00,0.00",,0.00,0.00,,
3d animated porns,,0,"0.00,0.00,0.00,0.00,0.00,0.00,0.00,0.00,0.00,0.00,0.00,0.00",,0.00,0.00,,
3d animated pregnant porn,,0,"0.00,0.00,0.00,0.00,0.00,0.00,0.00,0.00,0.00,0.00,0.00,0.00",,0.00,0.00,,
3d animated premium porn,,0,"0.00,0.00,0.00,0.00,0.00,0.00,0.00,0.00,0.00,0.00,0.00,0.00",,0.00,0.00,,
3d animated rape porn,,0,"1.00,0.33,0.00,0.00,0.00,0.00,0.00,0.00,0.00,0.00,0.00,0.00",,0.00,0.00,,
3d animated realistic anal porn,,0,"0.00,0.00,0.00,0.00,0.00,0.00,0.00,0.00,0.00,0.00,0.00,0.00",,0.00,0.00,,
3d animated realistic forbidden anal porn,,0,"0.00,0.00,0.00,0.00,0.00,0.00,0.00,0.00,0.00,0.00,0.00,0.00",,0.00,0.00,,
3d animated realistic lara croft anal porn,,0,"0.00,0.00,0.00,0.00,0.00,0.00,0.00,0.00,0.00,0.00,0.00,0.00",,0.00,0.00,,
3d animated realistic preteen porn,,0,"0.00,0.00,0.00,0.00,0.00,0.00,0.00,0.00,0.00,0.00,0.00,0.00",,0.00,0.00,,
3d animated robot porn,,0,"0.00,0.00,0.00,0.00,0.00,0.00,0.00,0.00,0.00,0.00,0.00,0.00",,0.00,0.00,,
3d animated robot vibrator porn,,0,"0.00,0.00,0.00,0.00,0.00,0.00,0.00,0.00,0.00,0.00,0.00,0.00",,0.00,0.00,,
3d animated rough porn,,0,"0.00,0.00,0.00,0.00,0.00,0.00,0.00,0.00,0.00,1.00,1.00,0.00",,0.00,0.00,,
3d animated rule 34 porn,,0,"0.00,0.00,0.00,0.00,0.00,0.00,0.00,0.00,0.00,0.00,0.00,0.00",,0.00,0.00,,
3d animated rule34 porn,,0,"0.00,0.00,0.00,0.00,0.00,0.00,0.00,0.00,0.00,0.00,0.00,0.00",,0.00,0.00,,
3d animated ryona porn,,0,"0.00,0.00,0.00,0.00,0.00,0.00,0.00,0.00,0.00,0.00,0.00,0.00",,0.00,0.00,,
3d animated scat porn,,0,"0.00,0.00,0.00,0.00,0.00,0.00,0.00,0.00,0.00,0.00,0.00,0.00",,0.00,0.00,,
3d animated schoolgirl porn,,0,"0.00,0.00,0.00,0.00,0.00,0.00,0.00,0.00,0.00,0.00,0.00,0.00",,0.00,0.00,,
3d animated sex cartoons porn,,0,"0.00,0.00,0.00,0.00,0.00,0.00,0.00,0.00,0.00,0.00,0.00,0.00",,0.00,0.00,,
3d animated sexy porn,,0,"0.00,0.00,0.00,0.00,0.00,0.00,0.00,0.00,0.00,0.00,0.00,0.00",,0.00,0.00,,
3d animated sfm facial porn video,,0,"0.00,0.00,0.00,0.00,0.00,0.00,0.00,0.00,0.00,0.00,0.00,0.00",,0.00,0.00,,
3d animated sfm porn,,0,"0.00,0.00,0.00,0.00,0.00,0.00,0.00,0.00,0.00,0.00,0.00,0.00",,0.00,0.00,,
3d animated shantae porn,,0,"0.00,0.00,0.00,0.00,0.00,0.00,0.00,0.00,0.00,0.00,0.00,0.00",,0.00,0.00,,
3d animated she male porn,,0,"0.00,0.00,0.00,0.00,0.00,0.00,0.00,0.00,0.00,0.00,0.00,0.00",,0.00,0.00,,
3d animated shemale crying shy porn,,0,"0.00,0.00,0.00,0.00,0.00,0.00,0.00,0.00,0.00,0.00,0.00,0.00",,0.00,0.00,,
3d animated shemale lesbian porn mom and daughter,,0,"0.00,0.00,0.00,0.00,0.00,0.00,0.00,0.00,0.00,0.00,0.00,0.00",,0.00,0.00,,
3d animated shemale mom porn,,0,"0.00,0.00,0.00,0.00,0.00,0.00,0.00,0.00,0.00,0.00,0.00,0.00",,0.00,0.00,,
3d animated shemale porn pornhub,,0,"0.00,0.00,0.00,0.00,0.00,0.00,0.00,0.00,0.00,0.00,0.00,0.00",,0.00,0.00,,
3d animated shemale porn videos,,0,"1.00,0.00,0.00,0.00,0.00,1.00,1.00,0.00,0.00,0.00,0.00,0.00",,0.00,0.00,,
3d animated shemale screaming porn,,0,"0.00,0.00,0.00,0.00,0.00,0.00,0.00,0.00,0.00,0.00,0.00,0.00",,0.00,0.00,,
3d animated short film porn,,0,"0.00,0.00,0.00,0.00,0.00,0.00,0.00,0.00,0.00,0.00,0.00,0.00",,0.00,0.00,,
3d animated short porn,,0,"0.00,0.00,0.00,0.00,0.00,0.00,0.00,0.00,0.00,0.00,0.00,0.00",,0.00,0.00,,
3d animated shota porn,,0,"0.00,0.00,0.00,0.00,0.00,0.00,0.00,0.00,0.00,0.00,0.00,0.00",,0.00,0.00,,
3d animated skyrim porn,,0,"0.00,0.00,0.00,0.00,0.00,0.00,0.00,0.00,0.00,0.00,0.00,0.00",,0.00,0.00,,
3d animated solo porn,,0,"0.00,0.00,0.00,0.00,0.00,0.00,0.00,0.00,0.00,0.00,0.00,0.00",,0.00,0.00,,
3d animated star wars porn,,0,"0.00,0.00,0.00,0.00,0.00,0.00,0.00,0.00,0.00,0.00,0.00,0.00",,0.00,0.00,,
3d animated step mom porn,,0,"0.00,0.00,0.00,0.00,0.00,0.00,0.00,0.00,0.00,0.00,0.00,0.00",,0.00,0.00,,
3d animated streaming porn,,0,"0.00,0.00,0.00,0.00,0.00,0.00,0.00,0.00,0.00,0.00,0.00,0.00",,0.00,0.00,,
3d animated succubus porn,,0,"0.00,0.00,0.00,0.00,0.00,0.00,0.00,0.00,0.00,0.00,0.00,0.00",,0.00,0.00,,
3d animated teen porn,,0,"0.00,0.00,0.00,0.00,0.00,0.00,0.00,0.00,0.00,0.00,0.00,0.00",,0.00,0.00,,
3d animated teen porn video,,0,"0.00,0.00,0.00,0.00,0.00,0.00,0.00,0.00,0.00,0.00,0.00,0.00",,0.00,0.00,,
3d animated tentacle gay porn,,0,"0.00,0.00,0.00,0.00,0.00,0.00,0.00,0.00,0.00,0.00,0.00,0.00",,0.00,0.00,,
3d animated the incredibles porn,,0,"0.00,0.00,0.00,0.00,0.00,0.00,0.00,0.00,0.00,0.00,0.00,0.00",,0.00,0.00,,
3d animated the ring porn,,0,"0.00,0.00,0.00,0.00,0.00,0.00,0.00,0.00,0.00,0.00,0.00,0.00",,0.00,0.00,,
3d animated tinkerbell porn,,0,"0.00,0.00,0.00,0.00,0.00,0.00,0.00,0.00,0.00,0.00,0.00,0.00",,0.00,0.00,,
3d animated toon porn elf princess and the soldier gifs,,0,"0.00,0.00,0.00,0.00,0.00,0.00,0.00,0.00,0.00,0.00,0.00,0.00",,0.00,0.00,,
3d animated tranny porn,,0,"0.00,1.00,1.00,0.00,0.00,0.00,0.00,0.00,0.00,0.00,0.00,0.00",,0.00,0.00,,
3d animated trans porn,,0,"0.00,0.00,0.00,0.00,0.00,0.00,0.00,0.00,0.00,0.00,0.00,1.00",,0.00,0.00,,
3d animated trap porn,,0,"0.00,0.00,0.00,0.00,0.00,0.00,0.00,0.00,0.00,0.00,0.00,0.00",,0.00,0.00,,
3d animated troll porn,,0,"0.00,0.00,0.00,0.00,0.00,0.00,0.00,0.00,0.00,0.00,0.00,0.00",,0.00,0.00,,
3d animated ultra hd porn,,0,"0.00,0.00,0.00,0.00,0.00,0.00,0.00,0.00,0.00,0.00,0.00,0.00",,0.00,0.00,,
3d animated until dawn lewds porn,,0,"0.00,0.00,0.00,0.00,0.00,0.00,0.00,0.00,0.00,0.00,0.00,0.00",,0.00,0.00,,
3d animated until dawn porn,,0,"0.00,0.00,0.00,0.00,0.00,0.00,0.00,0.00,0.00,0.00,0.00,0.00",,0.00,0.00,,
3d animated vampire girls fucked porn,,0,"0.00,0.00,0.00,0.00,0.00,0.00,0.00,0.00,0.00,0.00,0.00,0.00",,0.00,0.00,,
3d animated vampire porn,,0,"0.00,0.00,0.00,0.00,0.00,0.00,0.00,0.00,0.00,0.00,0.00,0.00",,0.00,0.00,,
3d animated voyeur porn,,0,"0.00,0.00,0.00,0.00,0.00,0.00,0.00,0.00,0.00,0.00,0.00,0.00",,0.00,0.00,,
3d animated warcraft porn,,0,"0.00,0.00,0.00,0.00,0.00,0.00,0.00,0.00,0.00,0.00,0.00,0.00",,0.00,0.00,,
3d animated werewolf porn,,0,"0.00,0.00,0.00,0.00,0.00,0.00,0.00,0.00,0.00,0.00,0.00,0.00",,0.00,0.00,,
3d animated wolf porn,,0,"0.00,0.00,0.00,0.00,0.00,0.00,0.00,0.00,0.00,0.00,0.00,0.00",,0.00,0.00,,
3d animated women porn,,0,"0.00,0.00,0.00,0.00,0.00,0.00,0.00,0.00,0.00,0.00,0.00,0.00",,0.00,0.00,,
3d animated wow porn,,0,"0.00,0.00,0.00,0.00,0.00,0.00,0.00,0.00,0.00,0.00,0.00,0.00",,0.00,0.00,,
3d animated wrestling porn,,0,"0.00,0.00,0.00,0.00,0.00,0.00,0.00,0.00,0.00,0.00,0.00,0.00",,0.00,0.00,,
3d animated xxx porn,,0,"0.00,0.00,0.00,0.00,0.00,0.00,0.00,0.00,0.00,0.00,0.00,0.00",,0.00,0.00,,
3d animated yiff porn,,0,"0.00,0.00,0.00,0.00,0.00,0.00,0.00,0.00,0.00,0.00,0.00,0.00",,0.00,0.00,,
3d animated young age difference porn,,0,"0.00,0.00,0.00,0.00,0.00,0.00,0.00,0.00,0.00,0.00,0.00,0.00",,0.00,0.00,,
3d animated young daughrer incest porn,,0,"0.00,0.00,0.00,0.00,0.00,0.00,0.00,0.00,0.00,0.00,0.00,0.00",,0.00,0.00,,
3d animated young fucking porn,,0,"0.00,0.00,0.00,0.00,0.00,0.00,0.00,0.00,0.00,0.00,0.00,0.00",,0.00,0.00,,
3d animated young looking bestiality porn,,0,"0.00,0.00,0.00,0.00,0.00,0.00,0.00,0.00,0.00,0.00,0.00,0.00",,0.00,0.00,,
3d animated young porn,,0,"0.00,0.00,0.00,0.00,0.00,0.00,0.00,0.00,0.00,0.00,0.00,0.00",,0.00,0.00,,
3d animated young porn videos,,0,"0.00,0.00,0.00,0.00,0.00,0.00,0.00,0.00,0.00,0.00,0.00,0.00",,0.00,0.00,,
3d animated zelad ficked porn,,0,"0.00,0.00,0.00,0.00,0.00,0.00,0.00,0.00,0.00,0.00,0.00,0.00",,0.00,0.00,,
3d animated zelad fucked porn,,0,"0.00,0.00,0.00,0.00,0.00,0.00,0.00,0.00,0.00,0.00,0.00,0.00",,0.00,0.00,,
3d animated zelda fucked porn,,0,"0.00,0.00,0.00,0.00,0.00,0.00,0.00,0.00,0.00,0.00,0.00,0.00",,0.00,0.00,,
3d animated zelda porn,,0,"0.00,0.00,0.00,0.00,0.00,0.00,0.00,0.00,0.00,0.00,0.00,0.00",,0.00,0.00,,
3d animated zombie porn,,0,"0.00,0.00,0.00,0.00,0.00,0.00,0.00,0.00,0.00,0.00,0.00,0.00",,0.00,0.00,,
3d animated.porn,,0,"0.00,0.00,0.00,0.00,0.00,0.00,0.00,0.00,0.00,0.00,0.00,0.00",,0.00,0.00,,
3d animates porn,,0,"0.00,0.00,0.00,0.00,0.00,0.00,0.00,0.00,0.00,0.00,0.00,0.00",,0.00,0.00,,
3d animation ad porn,,0,"0.00,0.00,0.00,0.00,0.00,0.00,0.00,0.00,0.00,0.00,0.00,0.00",,0.00,0.00,,
3d animation age porn,,0,"0.00,0.00,0.00,0.00,0.00,0.00,0.00,0.00,0.00,0.00,0.00,0.00",,0.00,0.00,,
3d animation ageplay porn,,0,"0.00,0.00,0.00,0.00,0.00,0.00,0.00,0.00,0.00,0.00,0.00,0.00",,0.00,0.00,,
3d animation ai porn,,0,"0.00,0.00,0.00,0.00,0.00,0.00",,0.00,0.00,,
3d animation alien abduction full length hd porn videos,,0,"0.00,0.00,0.00,0.00,0.00,0.00,0.00,0.00,0.00,0.00,0.00,0.00",,0.00,0.00,,
3d animation anal vore porn,,0,"0.00,0.00,0.00,0.00,0.00,0.00,0.00,0.00,0.00,0.00,0.00,0.00",,0.00,0.00,,
3d animation animal human porn,,0,"0.00,0.00,0.00,0.00,0.00,0.00,0.00,0.00,0.00,0.00,0.00,0.00",,0.00,0.00,,
3d animation art growth porn dillan,,0,"0.00,0.00,0.00,0.00,0.00,0.00,0.00,0.00,0.00,0.00,0.00,0.00",,0.00,0.00,,
3d animation asphyxiation porn,,0,"0.00,0.00,0.00,0.00,0.00,0.00,0.00,0.00,0.00,0.00,0.00,0.00",,0.00,0.00,,
3d animation aunt porn,,0,"0.00,0.00,0.00,0.00,0.00,0.00,0.00,0.00,0.00,0.00,0.00,0.00",,0.00,0.00,,
3d animation bdsm porn,,0,"0.00,0.00,0.00,0.00,0.00,0.00,0.00,0.00,0.00,0.00,0.00,0.00",,0.00,0.00,,
3d animation beastiality dog porn,,0,"0.00,0.00,0.00,0.00,0.00,0.00,0.00,0.00,0.00,0.00,0.00,0.00",,0.00,0.00,,
3d animation beastiality porn,,0,"0.00,0.00,0.00,0.00,0.00,0.00,0.00,0.00,0.00,0.00,0.00,0.00",,0.00,0.00,,
3d animation best porn,,0,"0.00,0.00,0.00,0.00,0.00,0.00,0.00,0.00,0.00,1.00,0.00,0.00",,0.00,0.00,,
3d animation big tits porn,,0,"0.00,0.00,0.00,0.00,0.00,0.00,0.00,0.00,0.00,0.00,0.00,0.00",,0.00,0.00,,
3d animation blowjob porn,,0,"0.00,0.00,0.00,0.00,0.00,0.00,0.00,0.00,0.00,0.00,0.00,0.00",,0.00,0.00,,
3d animation bondage porn,,0,"0.00,0.00,0.00,0.00,0.00,0.00,0.00,0.00,0.00,0.00,0.00,0.00",,0.00,0.00,,
3d animation boring royal party blonde porn sandra and jake,,0,"0.00,0.00,0.00,0.00,0.00,0.00,0.00,0.00,0.00,0.00,0.00,0.00",,0.00,0.00,,
3d animation borse porn,,0,"0.00,0.00,0.00,0.00,0.00,0.00,0.00,0.00,0.00,0.00,0.00,0.00",,0.00,0.00,,
3d animation boy age porn,,0,"0.00,0.00,0.00,0.00,0.00,0.00,0.00,0.00,0.00,0.00,0.00,0.00",,0.00,0.00,,
3d animation boy porn,,0,"0.00,0.00,0.00,0.00,0.00,0.00,0.00,0.00,0.00,0.00,0.00,0.00",,0.00,0.00,,
3d animation bred porn,,0,"0.00,0.00,0.00,0.00,0.00,0.00,0.00,0.00,0.00,0.00,0.00,0.00",,0.00,0.00,,
3d animation cartoon porn,,0,"0.00,0.00,0.00,0.00,0.00,0.00,0.00,0.00,0.00,0.00,0.00,0.00",,0.00,0.00,,
3d animation cartoons porn,,0,"0.00,0.00,0.00,0.00,0.00,0.00,0.00,0.00,0.00,0.00,0.00,0.00",,0.00,0.00,,
3d animation catfight porn,,0,"0.00,0.00,0.00,0.00,0.00,0.00,0.00,0.00,0.00,0.00,0.00,0.00",,0.00,0.00,,
3d animation cheating porn,,0,"0.00,0.00,0.00,0.00,0.00,0.00,0.00,0.00,0.00,0.00,0.00,0.00",,0.00,0.00,,
3d animation clitorus porn,,0,"0.00,0.00,0.00,0.00,0.00,0.00,0.00,0.00,0.00,0.00,0.00,0.00",,0.00,0.00,,
3d animation comic porn,,0,"0.00,0.00,0.00,0.00,0.00,0.00,0.00,0.00,0.00,0.00,0.00,0.00",,0.00,0.00,,
3d animation creampie porn,,0,"0.00,0.00,0.00,0.00,0.00,0.00,0.00,0.00,0.00,0.00,0.00,0.00",,0.00,0.00,,
3d animation cuckold porn,,0,"0.00,0.00,0.00,0.00,0.00,0.00,0.00,0.00,0.00,0.00,0.00,0.00",,0.00,0.00,,
3d animation cum porn,,0,"0.00,0.00,0.00,0.00,0.00,0.00,0.00,0.00,0.00,0.00,0.00,0.00",,0.00,0.00,,
3d animation cumshots porn,,0,"0.00,0.00,0.00,0.00,0.00,0.00,0.00,0.00,0.00,0.00,0.00,0.00",,0.00,0.00,,
3d animation dap porn,,0,"0.00,0.00,0.00,0.00,0.00,0.00,0.00,0.00,0.00,0.00,0.00,0.00",,0.00,0.00,,
3d animation daughter porn,,0,"0.00,0.00,0.00,0.00,0.00,0.00,0.00,0.00,0.00,0.00,0.00,0.00",,0.00,0.00,,
3d animation deepthroat porn,,0,"0.00,0.00,0.00,0.00",,0.00,0.00,,
3d animation demon porn,,0,"0.00,0.00,0.00,0.00,0.00,0.00,0.00,0.00,0.00,0.00,0.00,0.00",,0.00,0.00,,
3d animation dog porn,,0,"0.00,0.00,0.00,0.00,1.00,0.00,0.00,0.00,0.25,0.00,0.00,0.00",,0.00,0.00,,
3d animation dva porn,,0,"0.00,0.00,0.00,0.00,0.00,0.00,0.00,0.00,0.00,0.00,0.00,0.00",,0.00,0.00,,
3d animation famil girl porn,,0,"0.00,0.00,0.00,0.00,0.00,0.00,0.00,0.00,0.00,0.00,0.00,0.00",,0.00,0.00,,
3d animation family girl porn,,0,"0.00,0.00,0.00,0.00,0.00,0.00,0.00,0.00,0.00,0.00,0.00,0.00",,0.00,0.00,,
3d animation femboy porn,,0,"0.00,0.00,0.00,0.00,0.00,0.00,0.00,0.00,0.00,0.00,0.00,0.00",,0.00,0.00,,
3d animation feral on human porn,,0,"0.00,0.00,0.00,0.00,0.00,0.00,0.00,0.00,0.00,0.00,0.00,0.00",,0.00,0.00,,
3d animation forced sex porn,,0,"0.00,0.00,0.00,0.00,0.00,0.00,0.00,0.00,0.00,0.00,0.00,0.00",,0.00,0.00,,
3d animation full porn videos,,0,"0.00,0.00,0.00,0.00,0.00,0.00,0.00,0.00,0.00,0.00,0.00,0.00",,0.00,0.00,,
3d animation furry porn,,0,"0.00,0.00,0.00,0.00,0.00,0.00,0.00,0.00,0.00,0.00,0.00,0.00",,0.00,0.00,,
3d animation futanari porn affect3d bloodlust cerene royal decent,,0,"0.00,0.00,0.00,0.00,0.00,0.00,0.00,0.00,0.00,0.00,0.00,0.00",,0.00,0.00,,
3d animation futanari porn affect3d bloodlust cerene royal descent,,0,"0.00,0.00,0.00,0.00,0.00,0.00,0.00,0.00,0.00,0.00,0.00,0.00",,0.00,0.00,,
3d animation games porn,,0,"0.00,0.00,0.00,0.00,0.00,0.00,0.00,0.00,0.00,0.00,0.00,0.00",,0.00,0.00,,
3d animation gangbang porn,,0,"0.00,0.00,0.00,0.00,0.00,0.00,0.00,0.00,0.00,0.00,0.00,0.00",,0.00,0.00,,
3d animation gif porn,,0,"0.00,0.00,0.00",,0.00,0.00,,
3d animation girl age porn,,0,"0.00,0.00,0.00,0.00,0.00,0.00,0.00,0.00,0.00,0.00,0.00,0.00",,0.00,0.00,,
3d animation girl porn,,0,"0.00,0.00,0.00,0.00,0.00,0.00,0.00,0.00,0.00,0.00,0.00,0.00",,0.00,0.00,,
3d animation growth porn,,0,"0.00,0.00,0.00,0.00,0.00,0.00,0.00,0.00,0.00,0.00,0.00,0.00",,0.00,0.00,,
3d animation hard porn,,0,"0.00,0.00,0.00,0.00,0.00,0.00,0.00,0.00,0.00,0.00,0.00,0.00",,0.00,0.00,,
3d animation hardcore porn,,0,"0.00,0.00,0.00,0.00,0.00,0.00,0.00,0.00,0.00,0.00,0.00,0.00",,0.00,0.00,,
3d animation hentai porn,,0,"0.00,0.00,0.00,0.00,0.00,0.00,0.00,0.00,0.00,0.00,0.00,0.00",,0.00,0.00,,
3d animation hindi porn,,0,"0.00,0.00,0.00,0.00,0.00,0.00,0.00,0.00,0.00,0.00,0.00,0.00",,0.00,0.00,,
3d animation hobbit fucking girls porn hub,,0,"0.00,0.00,0.00,0.00,0.00,0.00,0.00,0.00,0.00,0.00,0.00,0.00",,0.00,0.00,,
3d animation horse porn compilation,,0,"0.00,0.00,0.00,0.00,0.00,0.00,0.00,0.00,0.00,0.00,0.00,0.00",,0.00,0.00,,
3d animation hub porn,,0,"0.00,0.00,0.00,0.00,0.00,0.00,0.00,0.00,0.00,0.00,0.00,0.00",,0.00,0.00,,
3d animation incest porn,,0,"0.00,0.00,0.00,0.00,1.00,0.00,0.00,0.00,0.00,0.00,1.00,0.00",,0.00,0.00,,
3d animation interrogation porn,,0,"0.00,0.00,0.00,0.00,0.00,0.00,0.00,0.00,0.00,0.00,0.00,0.00",,0.00,0.00,,
3d animation japanese porn,,0,"0.00,0.00,0.00,0.00,0.00,0.00,0.00,0.00,0.00,0.00,0.00,0.00",,0.00,0.00,,
3d animation kid porn,,0,"0.00,0.00,0.00,0.00,0.00,0.00,0.00,0.00,0.00,0.00,0.00,0.00",,0.00,0.00,,
3d animation l lesbian porn,,0,"0.00,0.00,0.00,0.00,0.00,0.00,0.00,0.00,0.00,0.00,0.00,0.00",,0.00,0.00,,
3d animation lara croft with a horse free porn,,0,"0.00,0.00,0.00,0.00,0.00,0.00,0.00,0.00,0.00,0.00,0.00,0.00",,0.00,0.00,,
3d animation lara horse full length hd porn videos,,0,"0.00,0.00,0.00,0.00,0.00,0.00,0.00,0.00,0.00,0.00,0.00,0.00",,0.00,0.00,,
3d animation lesbian porn girlfriends 4 ever,,0,"0.00,0.00,0.00,0.00,0.00,0.00,0.00,0.00,0.00,0.00,0.00,0.00",,0.00,0.00,,
3d animation little girl porn,,0,"0.00,0.00,0.00,0.00,0.00,0.00,0.00,0.00,0.00,0.00,0.00,0.00",,0.00,0.00,,
3d animation loli porn,,0,"0.00,0.00,0.00,0.00,0.00,0.00,0.00,1.00,0.00,0.00,0.00,0.00",,0.00,0.00,,
3d animation maker porn,,0,"0.00,0.00,0.00,0.00,0.00,0.00,0.00,0.00,0.00,0.00,0.00,0.00",,0.00,0.00,,
3d animation maker used for porn,,0,"0.00,0.00,0.00,0.00,0.00,0.00,0.00,0.00,0.00,0.00,0.00,0.00",,0.00,0.00,,
3d animation mercy porn,,0,"0.00,0.00,0.00,0.00,0.00,0.00,0.00,0.00,0.00,0.00,0.00,0.00",,0.00,0.00,,
3d animation milf porn,,0,"0.00,0.00,0.00,0.00,0.00,0.00,0.00,0.00,0.00,0.00,0.00,0.00",,0.00,0.00,,
3d animation mlp porn,,0,"0.00,0.00,0.00,0.00,0.00,0.00,0.00,0.00,0.00,0.00,0.00,0.00",,0.00,0.00,,
3d animation mom & son porno game,,0,"0.00,0.00,0.00,0.00,0.00,0.00,0.00,0.00,0.00,0.00,0.00,0.00",,0.00,0.00,,
3d animation mom and boy age son porn,,0,"0.00,0.00,0.00,0.00,0.00,0.00,0.00,0.00,0.00,0.00,0.00,0.00",,0.00,0.00,,
3d animation mom and boy age sons porn,,0,"0.00,0.00,0.00,0.00,0.00,0.00,0.00,0.00,0.00,0.00,0.00,0.00",,0.00,0.00,,
3d animation mom girl age daughter porn,,0,"0.00,0.00,0.00,0.00,0.00,0.00,0.00,0.00,0.00,0.00,0.00,0.00",,0.00,0.00,,
3d animation mommy porn,,0,"0.00,0.00",,0.00,0.00,,
3d animation movies porn,,0,"0.00,0.00,0.00,0.00,0.00,0.00,0.00,0.00,0.00,0.00,0.00,0.00",,0.00,0.00,,
3d animation nurse tara alien demon porn,,0,"0.00,0.00,0.00,0.00,0.00,0.00,0.00,0.00,0.00,0.00,0.00,0.00",,0.00,0.00,,
3d animation of my little pony porn,,0,"0.00,0.00,0.00,0.00,0.00,0.00,0.00,0.00,0.00,0.00,0.00,0.00",,0.00,0.00,,
3d animation of photo-realistic ai beauties masturbating porn,,0,"1.00,0.00,0.00,0.00,0.00,0.00,0.00,0.00,0.00",,0.00,0.00,,
3d animation office porn,,0,"0.00,0.00,0.00,0.00,0.00,0.00,0.00,0.00,0.00,0.00,0.00,0.00",,0.00,0.00,,
3d animation overwatch porn,,0,"0.00,0.00,0.00,0.00,0.00,0.00,1.00,0.00,0.00,0.00,0.00,0.00",,0.00,0.00,,
3d animation porn 0nly hd,,0,"0.00,0.00,0.00,0.00,0.00,0.00,0.00,0.00,0.00,0.00,0.00,0.00",,0.00,0.00,,
3d animation porn 0nly hd fucking,,0,"0.00,0.00,0.00,0.00,0.00,0.00,0.00,0.00,0.00,0.00,0.00,0.00",,0.00,0.00,,
3d animation porn 2019,,0,"0.00,0.00,0.00,0.00,0.00,0.00,0.00,0.00,0.00,0.00,0.00,0.00",,0.00,0.00,,
3d animation porn 2020,,0,"0.00,0.00,0.00,0.00,0.00,0.00,0.00,0.00,0.00,0.00,0.00,0.00",,0.00,0.00,,
3d animation porn 2021,,0,"0.00,0.00,0.00,0.00,0.00,0.00,0.00,0.00,0.00,0.00,0.00,0.00",,0.00,0.00,,
3d animation porn 2022,,0,"0.00,0.00,0.00,0.00,0.00,0.00,0.00,0.00,0.00,0.00,0.00,0.00",,0.00,0.00,,
3d animation porn 2023,,0,"0.00,0.00,0.00,0.00,0.00,0.00,0.00,0.00,0.00,0.00,0.00,0.00",,0.00,0.00,,
3d animation porn 2024,,0,"0.00,0.00,0.00,0.00,0.00,0.00,0.00,0.00,0.00,0.00,0.00,0.00",,0.00,0.00,,
3d animation porn ads,,0,"0.00,0.00,0.00,0.00,0.00,0.00,0.00,0.00,0.00,0.00,0.00,0.00",,0.00,0.00,,
3d animation porn ai,,0,"1.00,0.00,0.00,0.00,0.00,0.00,0.00,0.00,0.00,0.00,0.00,0.00",,0.00,0.00,,
3d animation porn anal,,0,"0.00,0.00,0.00,0.00,0.00,0.00,0.00,0.00,0.00,0.00,0.00,0.00",,0.00,0.00,,
3d animation porn arabian women,,0,"0.00,0.00,0.00,0.00,0.00,0.00,0.00,0.00,0.00,0.00,0.00,0.00",,0.00,0.00,,
3d animation porn artists videos,,0,"0.00,0.00,0.00,0.00,0.00,0.00,0.00,0.00,0.00,0.00,0.00,0.00",,0.00,0.00,,
3d animation porn aunt,,0,"0.00,0.00,0.00,0.00,0.00,0.00,0.00,0.00,0.00,0.00,0.00,0.00",,0.00,0.00,,
3d animation porn beast,,0,"0.00,0.00,0.00,0.00,0.00,0.00,0.00,0.00,0.00,0.00,0.00,0.00",,0.00,0.00,,
3d animation porn best,,0,"0.00,0.00,0.00,0.00,0.00,0.00,0.00,0.00,0.00,0.00,0.00,0.00",,0.00,0.00,,
3d animation porn big titis,,0,"0.00,0.00,0.00,0.00,0.00,0.00,0.00,0.00,0.00,0.00,0.00,0.00",,0.00,0.00,,
3d animation porn big tits,,0,"0.00,0.00,0.00,0.00,0.00,0.00,0.00,0.00,0.00,0.00,0.00,0.00",,0.00,0.00,,
3d animation porn big tits videos,,0,"0.00,0.00,0.00,0.00,0.00,0.00,0.00,0.00,0.00,0.00,0.00,0.00",,0.00,0.00,,
3d animation porn black woman dancing,,0,"0.00,0.00,0.00,0.00,0.00,0.00,0.00,0.00,0.00,0.00,0.00,0.00",,0.00,0.00,,
3d animation porn blowjob,,0,"0.00,0.00,0.00,0.00,0.00,0.00,0.00,0.00,0.00,0.00,0.00,0.00",,0.00,0.00,,
3d animation porn bondage,,0,"0.00,0.00,0.00,0.00,0.00,0.00,0.00,0.00,0.00,0.00,0.00,0.00",,0.00,0.00,,
3d animation porn breast expansion videos,,0,"0.00,0.00,0.00,0.00,0.00,0.00,0.00,0.00,0.00,0.00,0.00,0.00",,0.00,0.00,,
3d animation porn catfights,,0,"0.00,0.00,0.00,0.00,0.00,0.00,0.00,0.00,0.00,0.00,0.00,0.00",,0.00,0.00,,
3d animation porn cheating,,0,"0.00,0.00,0.00,0.00,0.00,0.00,0.00,0.00,0.00,0.00,0.00,0.00",,0.00,0.00,,
3d animation porn clips,,0,"0.00,0.00,0.00,0.00,0.00,0.00,0.00,0.00,0.00,0.00,0.00,0.00",,0.00,0.00,,
3d animation porn comic,,0,"1.00,0.00,0.00,1.00,1.00,0.00,0.00,0.00,0.00,0.00,0.00,0.00",,0.00,0.00,,
3d animation porn compilation [sfm],,0,"1.00,0.00,0.00,0.00,0.00,0.00,0.00,0.00,0.00,0.00",,0.00,0.00,,
3d animation porn creampie,,0,"0.00,0.00,0.00,0.00,0.00,0.00,0.00,0.00,0.00,0.00,0.00,0.00",,0.00,0.00,,
3d animation porn cum,,0,"0.00,0.00,0.00,0.00,0.00,0.00,0.00,0.00,0.00,0.00,0.00,0.00",,0.00,0.00,,
3d animation porn dog,,0,"0.00,0.00,0.00,0.00,0.00,0.00,0.00,0.00,0.00,0.00,0.00,0.00",,0.00,0.00,,
3d animation porn family,,0,"0.00,0.00,0.00,0.00,0.00,0.00,0.00,0.00,0.00,0.00,0.00,0.00",,0.00,0.00,,
3d animation porn film,,0,"0.00,0.00,0.00,0.00,0.00,0.00,0.00,0.00,0.00,0.00,1.00,0.00",,0.00,0.00,,
3d animation porn full movie,,0,"0.00,0.00,0.00,0.00,0.00,0.00,0.00,0.00,0.00,0.00,0.00,0.00",,0.00,0.00,,
3d animation porn full videos,,0,"0.00,0.00,0.00,0.00,0.00,0.00,0.00,0.00,0.00,0.00,0.00,0.00",,0.00,0.00,,
3d animation porn furry,,0,"0.00,0.00,0.00,0.00,0.00,0.00,0.00,0.00,0.00,0.00,0.00,0.00",,0.00,0.00,,
3d animation porn game pinkvisuial,,0,"0.00,0.00,0.00,0.00,0.00,0.00,0.00,0.00,0.00,0.00,0.00,0.00",,0.00,0.00,,
3d animation porn games android,,0,"0.00,0.00,0.00,0.00,0.00,0.00,0.00,0.00,0.00,0.00,0.00,0.00",,0.00,0.00,,
3d animation porn gelbooru,,0,"0.00,0.00,0.00,0.00,0.00,0.00,0.00,0.00,0.00,0.00,0.00,0.00",,0.00,0.00,,
3d animation porn hardcore pornhub,,0,"0.00,0.00,0.00,0.00,0.00,0.00,0.00,0.00,0.00,0.00,0.00,0.00",,0.00,0.00,,
3d animation porn hentai,,0,"0.00,0.00,0.00,0.00,0.00,0.00,0.00,0.00,0.00,0.00,0.00,0.00",,0.00,0.00,,
3d animation porn incest,,0,"0.00,0.00,0.00,0.00,0.00,0.00,0.00,0.00,0.00,0.00,0.00,0.00",,0.00,0.00,,
3d animation porn loli,,0,"0.00,0.00,0.00,0.00,0.00,0.00,0.00,0.00,0.00,0.00,0.00,0.00",,0.00,0.00,,
3d animation porn man becomes woman,,0,"0.00,0.00,0.00,0.00,0.00,0.00,0.00,0.00,0.00,0.00,0.00,0.00",,0.00,0.00,,
3d animation porn milf,,0,"0.00,0.00,0.00,0.00,0.00,0.00,0.00,0.00,0.00,0.00,0.00,0.00",,0.00,0.00,,
3d animation porn mom son,,0,"0.00,0.00,0.00,0.00,0.00,0.00,0.00,0.00,0.00,0.00,0.00,0.00",,0.00,0.00,,
3d animation porn ms,,0,"0.00,0.00,0.00,0.00,0.00,0.00,0.00,0.00,0.00,0.00,0.00,0.00",,0.00,0.00,,
3d animation porn ms incredible,,0,"0.00,0.00,0.00,0.00,0.00,0.00,0.00,0.00,0.00,0.00,0.00,0.00",,0.00,0.00,,
3d animation porn muslim women,,0,"0.00,0.00,0.00,0.00,0.00,0.00,0.00,0.00,0.00,0.00,0.00,0.00",,0.00,0.00,,
3d animation porn new,,0,"0.00,0.00,0.00,0.00,0.00,0.00,0.00,1.00,0.00,0.00,1.00,0.00",,0.00,0.00,,
3d animation porn office,,0,"0.00,0.00,0.00,0.00,0.00,0.00,0.00,0.00,0.00,0.00,0.00,0.00",,0.00,0.00,,
3d animation porn pegging,,0,"1.00,0.00",,0.00,0.00,,
3d animation porn pic,,0,"0.00,0.00,0.00,0.00,0.00,0.00,1.00,0.00,0.00,0.00,0.00,0.00",,0.00,0.00,,
3d animation porn pics,,0,"0.00,0.00,0.00,0.00,0.00,0.00,0.00,0.00,0.00,0.00,0.00,0.00",,0.00,0.33,,
3d animation porn pics for seel,,0,"0.00,0.00,0.00,0.00,0.00,0.00,0.00,0.00,0.00,0.00,0.00,0.00",,0.00,0.00,,
3d animation porn pics for sell,,0,"0.00,0.00,0.00,0.00,0.00,0.00,0.00,0.00,0.00,0.00,0.00,0.00",,0.00,0.00,,
3d animation porn pornhub,,0,"0.00,0.00,0.00,0.00,0.00,0.00,0.00,0.00,0.00,0.00,0.00,0.00",,0.00,0.00,,
3d animation porn princess becomes ogre,,0,"0.00,0.00,0.00,0.00,0.00,0.00,0.00,0.00,0.00,0.00,0.00,0.00",,0.00,0.00,,
3d animation porn prison videos,,0,"0.00,0.00,0.00,0.00,0.00,0.00,0.00,0.00,0.00,0.00,0.00,0.00",,0.00,0.00,,
3d animation porn rapidgator,,0,"0.00,0.00,0.00,0.00,0.00,0.00,0.00,0.00,0.00,0.00,0.00,0.00",,0.00,0.00,,
3d animation porn rapidgator.net,,0,"0.00,0.00,0.00,0.00,0.00,0.00,0.00,0.00,0.00,0.00,0.00,0.00",,0.00,0.00,,
3d animation porn realistic,,0,"0.00,0.00,0.00,0.00,0.00,0.00,0.00,0.00,0.00,0.00,0.00,0.00",,0.00,0.00,,
3d animation porn resident evil,,0,"0.00,0.00,0.00,0.00,0.00,0.00,0.00,0.00,0.00,0.00,0.00,0.00",,0.00,0.00,,
3d animation porn rough,,0,"0.00,0.00,0.00,0.00,0.00,0.00,0.00,0.00,0.00,0.00,0.00,0.00",,0.00,0.00,,
3d animation porn seline rock,,0,"0.00,0.00,0.00,0.00,0.00,0.00,0.00,0.00,0.00,0.00,0.00,0.00",,0.00,0.00,,
3d animation porn series,,0,"0.00,0.00,0.00,0.00,0.00,0.00,0.00,0.00,0.00,0.00,0.00,0.00",,0.00,0.00,,
3d animation porn shemale,,0,"0.00,0.00,0.00,0.00,0.00,0.00,0.00,0.00,0.00,0.00,0.00,0.00",,0.00,0.00,,
3d animation porn shota,,0,"0.00,0.00,0.00,0.00,0.00,0.00,0.00,0.00,0.00,0.00,0.00,0.00",,0.00,0.00,,
3d animation porn smoking fetish,,0,"0.00,0.00,0.00,0.00,0.00,0.00,0.00,0.00,0.00,0.00,0.00,0.00",,0.00,0.00,,
3d animation porn stepmom,,0,"0.00,0.00,0.00,0.00,0.00,0.00,0.00,0.00,0.00,0.00,0.00,0.00",,0.00,0.00,,
3d animation porn stories,,0,"0.00,0.00,0.00,0.00,0.00,0.00,0.00,0.00,0.00,0.00,0.00,0.00",,0.00,0.00,,
3d animation porn story,,0,"0.00,0.00,0.00,0.00,0.00,0.00,0.00,0.00,0.00,0.00,0.00,0.00",,0.00,0.00,,
3d animation porn teen,,0,"0.00,0.00,0.00,0.00,0.00,0.00,0.00,0.00,0.00,0.00,0.00,0.00",,0.00,0.00,,
3d animation porn threesome,,0,"0.00,0.00,0.00,0.00,0.00,0.00,0.00,0.00,0.00,0.00,0.00,0.00",,0.00,0.00,,
3d animation porn trans,,0,"0.00,0.00,0.00,0.00,0.00,0.00,0.00",,0.00,0.00,,
3d animation porn uncensored,,0,"0.00,0.00,0.00,0.00,0.00,0.00,0.00,0.00,0.00,0.00,0.00,0.00",,0.00,0.00,,
3d animation porn uncensored big ass,,0,"0.00,0.00,0.00,0.00,0.00,0.00,0.00,0.00,0.00,0.00,0.00,0.00",,0.00,0.00,,
3d animation porn uncensored hentai,,0,"0.00,0.00,0.00,0.00,0.00,0.00,0.00,0.00,0.00,0.00,0.00,0.00",,0.00,0.00,,
3d animation porn vid,,0,"0.00,0.00,0.00,0.00,0.00,0.00,0.00,0.00,0.00,0.00,0.00,0.00",,0.00,0.00,,
3d animation porn video download,,0,"0.00,0.00,0.00,0.00,0.00,0.00,0.00,0.00,0.00,0.00,0.00,0.00",,0.00,0.00,,
3d animation porn websites,,0,"0.00,0.00,0.00,1.00,0.00,0.00,0.00,0.00,0.00,0.00,0.00,0.00",,0.00,0.00,,
3d animation porn with sound,,0,"0.00,0.00,0.00,0.00,0.00,0.00,0.00,0.00,0.00,0.00,0.00,0.00",,0.00,0.00,,
3d animation porn with story,,0,"0.00,0.00,0.00,0.00,0.00,0.00,0.00,0.00,0.00,0.00,0.00,0.00",,0.00,0.00,,
3d animation porn wolf,,0,"0.00,0.00,0.00,0.00,0.00,0.00,0.00,0.00,0.00,0.00,0.00,0.00",,0.00,0.00,,
3d animation porn woman turns into centaur,,0,"0.00,0.00,0.00,0.00,0.00,0.00,0.00,0.00,0.00,0.00,0.00,0.00",,0.00,0.00,,
3d animation porn xxx,,0,"0.00,0.00,0.00,0.00,0.00,0.00,0.00,0.00,0.00,0.00,0.00,0.00",,0.00,0.00,,
3d animation porn young,,0,"0.00,0.00,0.00,0.00,0.00,0.00,0.00,0.00,0.00,0.00,0.00,0.00",,0.00,0.00,,
3d animation porn youporn,,0,"0.00,0.00,0.00,0.00,0.00,0.00,0.00,0.00,0.00,0.00,0.00,0.00",,0.00,0.00,,
3d animation porn.com,,0,"0.00,0.00,0.00,0.00,0.00,0.00,0.00,0.00,0.00,0.00,0.00,0.00",,0.00,0.33,,
3d animation porno,,0,"0.00,0.00,0.00,0.00,0.00,0.00,0.00,0.00,0.00,0.00,0.00,0.00",,0.00,0.00,,
3d animation porno video,,0,"0.00,0.00,0.00,0.00,0.00,0.00,0.00,0.00,0.00,0.00,0.00,0.00",,0.00,0.00,,
3d animation pov porn full vodeos,,0,"0.00,0.00,0.00,0.00,0.00,0.00,0.00,0.00,0.00,0.00,0.00,0.00",,0.00,0.00,,
3d animation pregnant porn,,0,"0.00,0.00,0.00,0.00,0.00,0.00,0.00,0.00,0.00,0.00,0.00,0.00",,0.00,0.00,,
3d animation preteen porn,,0,"0.00,0.00,0.00,0.00,0.00,0.00,0.00,0.00,0.00,0.00,0.00,0.00",,0.00,0.00,,
3d animation puppetmaster sensual adventures 3d porn game,,0,"0.00,0.00,0.00,0.00,0.00,0.00,0.00,0.00,0.00,0.00,0.00,0.00",,0.00,0.00,,
3d animation rape porn,,0,"1.00,0.33,0.00,0.00,0.00,0.00,0.00,0.00,0.00,0.33,0.00,0.00",,0.00,0.00,,
3d animation red riding hood porn,,0,"0.00,0.00,0.00,0.00,0.00,0.00,0.00,0.00,0.00,0.00,0.00,0.00",,0.00,0.00,,
3d animation roadkill girl porn,,0,"0.00,0.00,0.00,0.00,0.00,0.00,0.00,0.00,0.00,0.00,0.00,0.00",,0.00,0.00,,
3d animation robot porn,,0,"0.00,0.00,0.00,0.00,0.00,0.00,0.00,0.00,0.00,0.00,0.00,0.00",,0.00,0.00,,
3d animation rough porn,,0,"0.00,0.00,0.00,0.00,0.00,0.00,0.00,0.00,0.00,0.00,0.00,0.00",,0.00,0.00,,
3d animation scat porn,,0,"0.00,0.00,0.00,0.00,0.00,0.00,0.00,0.00,0.00,0.00,0.00,0.00",,0.00,0.00,,
3d animation scifi porn,,0,"0.00,0.00,0.00,0.00,0.00,0.00,0.00,0.00,0.00,0.00,0.00,0.00",,0.00,0.00,,
3d animation secret game lingerie lara croft porn,,0,"0.00,0.00,0.00,0.00,0.00,0.00,0.00,0.00,0.00,0.00,0.00,0.00",,0.00,0.00,,
3d animation secret game porn,,0,"0.00,0.00,0.00,0.00,0.00,0.00,0.00,0.00,0.00,0.00,0.00,0.00",,0.00,0.00,,
3d animation sfm porn,,0,"0.00,0.00,0.00,0.00,0.00,0.00,0.00,0.00,0.00,0.00,0.00,0.00",,0.00,0.00,,
3d animation shemale porn,,0,"1.00,1.00,0.00,0.00,1.00,0.00,0.00,1.00,1.00,0.00,0.00,0.00",,0.00,0.00,,
3d animation shota porn,,0,"0.00,0.00,0.00,0.00,0.00,0.00,0.00,1.00,0.00,0.00,0.00,0.00",,0.00,0.00,,
3d animation smoking porn,,0,"0.00,0.00,0.00,0.00,0.00,0.00,0.00,0.00,0.00,0.00,0.00,0.00",,0.00,0.00,,
3d animation software porn,,0,"0.00,0.00,0.00,0.00,0.00,0.00,0.00,0.00,0.00,0.00,0.00,0.00",,0.00,0.00,,
3d animation studio porn,,0,"0.00,0.00,0.00,0.00,0.00,0.00,0.00,0.00,0.00,0.00,0.00,0.00",,0.00,0.00,,
3d animation stuff in butt porn,,0,"0.00,0.00,0.00,0.00,0.00,0.00,0.00,0.00,0.00,0.00,0.00,0.00",,0.00,0.00,,
3d animation stuft in butt porn,,0,"0.00,0.00,0.00,0.00,0.00,0.00,0.00,0.00,0.00,0.00,0.00,0.00",,0.00,0.00,,
3d animation sunbathing mom son porn,,0,"0.00,0.00,0.00,0.00,0.00,0.00,0.00,0.00,0.00,0.00,0.00,0.00",,0.00,0.00,,
3d animation taboo family porn,,0,"0.00,0.00,0.00,0.00,0.00,0.00,0.00,0.00,0.00,0.00,0.00,0.00",,0.00,0.00,,
3d animation taboo porn,,0,"0.00,0.00,0.00,0.00,0.00,0.00,0.00,1.00,0.00,0.00,0.00,1.00",,0.00,0.00,,
3d animation teen porn,,0,"0.00,0.00,0.00,0.00,0.00,0.00,0.00,1.00,0.00,0.00,0.00,0.00",,0.00,0.00,,
3d animation tentacles porn space,,0,"0.00,0.00,0.00,0.00,0.00,0.00,0.00,0.00,0.00,0.00,0.00,0.00",,0.00,0.00,,
3d animation tentacles porn space xvideo,,0,"0.00,0.00,0.00,0.00,0.00,0.00,0.00,0.00,0.00,0.00,0.00,0.00",,0.00,0.00,,
3d animation threesome porn,,0,"0.00,0.00,0.00,0.00,0.00,0.00,0.00,0.00,0.00,0.00,0.00,0.00",,0.00,0.00,,
3d animation toddler age porn,,0,"0.00,0.00,0.00,0.00,0.00,0.00,0.00,0.00,0.00,0.00,0.00,0.00",,0.00,0.00,,
3d animation trans porn,,0,"0.00,0.00,0.00,0.00,0.00,0.00,0.00,0.00,0.00,0.00,0.00,0.00",,0.00,0.00,,
3d animation vintage porn,,0,"0.00,0.00,0.00,0.00,0.00,0.00,0.00,0.00,0.00,0.00,0.00,0.00",,0.00,0.00,,
3d animation vore porn,,0,"0.00,0.00,0.00,0.00,0.00,0.00,0.00,0.00,0.00,0.00,0.00,0.00",,0.00,0.00,,
3d animation women grows a big dick porn,,0,"0.00,0.00,0.00,0.00,0.00,0.00,0.00,0.00,0.00,0.00,0.00,0.00",,0.00,0.00,,
3d animation xxx porn,,0,"0.00,0.00,0.00,0.00,0.00,0.00,0.00,0.00,0.00,0.00,0.00,0.00",,0.00,0.00,,
3d animation young family porn,,0,"0.00,0.00,0.00,0.00,0.00,0.00,0.00,0.00,0.00,0.00,0.00,0.00",,0.00,0.00,,
3d animation young girl porn,,0,"0.00,0.00,0.00,0.00,0.00,0.00,0.00,0.00,0.00,0.00,0.00,0.00",,0.00,0.00,,
3d animation young porn,,0,"0.00,0.00,0.00,0.00,0.00,0.00,0.00,0.00,0.00,0.00,0.00,0.00",,0.00,0.00,,
3d animation young teen porn,,0,"0.00,0.00,0.00,0.00,0.00,0.00,0.00,0.00,0.00,0.00,0.00,0.00",,0.00,0.00,,
3d animation zoo porn,,0,"0.00,0.00,0.00,0.00,0.00,0.00,0.00,0.00,0.00,0.00,0.00",,0.00,0.00,,
3d animation.porn,,0,"0.00,0.00,0.00,0.00,0.00,0.00,0.00,0.00,0.00,0.00,0.00,0.00",,0.00,0.00,,
3d animations porn overwatch,,0,"0.00,0.00,0.00,0.00,0.00,0.00,0.00,0.00,0.00,0.00,0.00,0.00",,0.00,0.00,,
3d animations porn overwatch funatari,,0,"0.00,0.00,0.00,0.00,0.00,0.00,0.00,0.00,0.00,0.00,0.00,0.00",,0.00,0.00,,
3d animations porno,,0,"0.00,0.00,0.00,0.00,0.00,0.00,0.00,0.00,0.00,0.00,0.00,0.00",,0.00,0.00,,
3d animations uncensored porn movies,,0,"0.00,0.00,0.00,0.00,0.00,0.00,0.00,0.00,0.00,0.00,0.00,0.00",,0.00,0.00,,
3d animations x hamster porno,,0,"0.00,0.00,0.00,0.00,0.00,0.00,0.00,0.00,0.00,0.00,0.00,0.00",,0.00,0.00,,
3d anime alien plant creature gets blowjob porn,,0,"0.00,0.00,0.00,0.00,0.00,0.00,0.00,0.00,0.00,0.00,0.00,0.00",,0.00,0.00,,
3d anime all new porn,,0,"0.00,0.00,0.00,0.00,0.00,0.00,0.00,0.00,0.00,0.00,0.00,0.00",,0.00,0.00,,
3d anime all the way through porn,,0,"0.00,0.00,0.00,0.00,0.00,0.00,0.00,0.00,0.00,0.00,0.00,0.00",,0.00,0.00,,
3d anime anal porno,,0,"0.00,0.00,0.00,0.00,0.00,0.00,0.00,0.00,0.00,0.00,0.00,0.00",,0.00,0.00,,
3d anime anal tentacles porn,,0,"0.00,0.00,0.00,0.00,0.00,0.00,0.00,0.00,0.00,0.00,0.00,0.00",,0.00,0.00,,
3d anime animated porn,,0,"0.00,0.00,0.00,0.00,0.00,0.00,0.00",,0.00,0.00,,
3d anime ass porn,,0,"0.00,0.00,0.00,0.00,0.00,0.00,0.00,0.00,0.00,0.00,0.00,0.00",,0.00,0.00,,
3d anime barbei porn,,0,"0.00,0.00,0.00,0.00,0.00,0.00,0.00,0.00,0.00,0.00,0.00,0.00",,0.00,0.00,,
3d anime barbell porn,,0,"0.00,0.00,0.00,0.00,0.00,0.00,0.00,0.00,0.00,0.00,0.00,0.00",,0.00,0.00,,
3d anime barbell sand porn,,0,"0.00,0.00,0.00,0.00,0.00,0.00,0.00,0.00,0.00,0.00,0.00,0.00",,0.00,0.00,,
3d anime barbell sand porn video,,0,"0.00,0.00,0.00,0.00,0.00,0.00,0.00,0.00,0.00,0.00,0.00,0.00",,0.00,0.00,,
3d anime barbellsfm porn video,,0,"0.00,0.00,0.00,0.00,0.00,0.00,0.00,0.00,0.00,0.00,0.00,0.00",,0.00,0.00,,
3d anime bathtub porn,,0,"0.00,0.00,0.00,0.00,0.00,0.00,0.00,0.00,0.00,0.00,0.00,0.00",,0.00,0.00,,
3d anime beast porn sites,,0,"0.00,0.00,0.00,0.00,0.00,0.00,0.00,0.00,0.00,0.00,0.00,0.00",,0.00,0.00,,
3d anime beastiality porn,,0,"0.00,0.00,0.00,0.00,0.00,0.00,0.00,0.00,0.00,0.00,0.00,0.00",,0.00,0.00,,
3d anime bi mmf porn,,0,"0.00,0.00,0.00,0.00,0.00,0.00,0.00,0.00,0.00,0.00,0.00,0.00",,0.00,0.00,,
3d anime big tits porn,,0,"0.00,0.00,0.00,0.00,0.00,0.00,0.00,0.00,0.00,0.00,0.00,0.00",,0.00,0.00,,
3d anime blackadder porn,,0,"0.00,0.00,0.00,0.00,0.00,0.00,0.00,0.00,0.00,0.00,0.00,0.00",,0.00,0.00,,
3d anime blackadder porno,,0,"0.00,0.00,0.00,0.00,0.00,0.00,0.00,0.00,0.00,0.00,0.00,0.00",,0.00,0.00,,
3d anime bondage porn,,0,"0.00,0.00,0.00,0.00,0.00,0.00,0.00,0.00,0.00,0.00,0.00,0.00",,0.00,0.00,,
3d anime boy porn,,0,"0.00,0.00,0.00,0.00,0.00,0.00,0.00,0.00,0.00,0.00,0.00,0.00",,0.00,0.00,,
3d anime breaking porn,,0,"0.00,0.00,0.00,0.00,0.00,0.00,0.00,0.00,0.00,0.00,0.00,0.00",,0.00,0.00,,
3d anime bugs possession porn,,0,"0.00,0.00,0.00,0.00,0.00,0.00,0.00,0.00,0.00,0.00,0.00,0.00",,0.00,0.00,,
3d anime bunny porn,,0,"0.00,0.00,0.00,0.00,0.00,0.00,0.00,0.00,0.00,0.00,0.00,0.00",,0.00,0.00,,
3d anime candy porn,,0,"0.00,0.00,0.00,0.00,0.00,0.00,0.00,0.00,0.00,0.00,0.00,0.00",,0.00,0.00,,
3d anime cartoon bbc pregnant porn,,0,"0.00,0.00,0.00,0.00,0.00,0.00,0.00,0.00,0.00,0.00,0.00,0.00",,0.00,0.00,,
3d anime cartoon beastiality porn,,0,"0.00,0.00,0.00,0.00,0.00,0.00,0.00,0.00,0.00,0.00,0.00,0.00",,0.00,0.00,,
3d anime cartoon porn,,0,"0.00,0.00,0.00,0.00,0.00,0.00,0.00,0.00,0.00,0.00,0.00,0.00",,0.00,0.00,,
3d anime cartoon shemale forced porn,,0,"0.00,0.00,0.00,0.00,0.00,0.00,0.00,0.00,0.00,0.00,0.00,0.00",,0.00,0.00,,
3d anime celebrity porn,,0,"0.00,0.00,0.00,0.00,0.00,0.00,0.00,0.00,0.00,0.00,0.00,0.00",,0.00,0.00,,
3d anime character porn model,,0,"0.00,0.00,0.00,0.00,0.00,0.00,0.00,0.00,0.00,0.00,0.00,0.00",,0.00,0.00,,
3d anime comic porn,,0,"0.00,0.00,0.00,0.00,0.00,1.00,0.00,1.00,1.00,0.00,0.00,0.00",,0.00,0.00,,
3d anime comix hentai porn tubes pictures,,0,"0.00,0.00,0.00,0.00,0.00,0.00,0.00,0.00,0.00,0.00,0.00,0.00",,0.00,0.00,,
3d anime compilation porn,,0,"0.00,0.00,0.00,0.00,0.00,0.00,0.00,0.00,0.00,0.00,0.00,0.00",,0.00,0.00,,
3d anime creampie porn,,0,"0.00,0.00,0.00,0.00,0.00,0.00,0.00,0.00,0.00,0.00,0.00,0.00",,0.00,0.00,,
3d anime cum female porn,,0,"0.00,0.00,0.00,0.00,0.00,0.00,0.00,0.00,0.00,0.00,0.00,0.00",,0.00,0.00,,
3d anime cum female porn canine,,0,"0.00,0.00,0.00,0.00,0.00,0.00,0.00,0.00,0.00,0.00,0.00,0.00",,0.00,0.00,,
3d anime cum inflation porn,,0,"0.00,0.00,0.00,0.00,0.00,0.00,0.00,0.00,0.00,0.00,0.00,0.00",,0.00,0.00,,
3d anime cumshot porn,,0,"0.00,0.00,0.00,0.00,0.00,0.00,0.00,0.00,0.00,0.00,0.00,0.00",,0.00,0.00,,
3d anime cumshot porn video,,0,"0.00,0.00,0.00,0.00,0.00,0.00,0.00,0.00,0.00,0.00,0.00,0.00",,0.00,0.00,,
3d anime cumshots porn,,0,"0.00,0.00,0.00,0.00,0.00,0.00,0.00,0.00,0.00,0.00,0.00,0.00",,0.00,0.00,,
3d anime daughter porn,,0,"0.00,0.00,0.00,0.00,0.00,0.00,0.00,0.00,0.00,0.00,0.00,0.00",,0.00,0.00,,
3d anime deepthroat porn,,0,"0.00,0.00,0.00,0.00,0.00,0.00,0.00,0.00,0.00,0.00,0.00,0.00",,0.00,0.00,,
3d anime deepthroat porn sites,,0,"0.00,0.00,0.00,0.00,0.00,0.00,0.00,0.00,0.00,0.00,0.00,0.00",,0.00,0.00,,
3d anime demon gaze porn,,0,"0.00,0.00,0.00,0.00,0.00,0.00,0.00,0.00,0.00,0.00,0.00,0.00",,0.00,0.00,,
3d anime demon porn,,0,"0.00,0.00,0.00,0.00,0.00,0.00,0.00,0.00,0.00,0.00,0.00,0.00",,0.00,0.00,,
3d anime demons porn,,0,"0.00,0.00,0.00,0.00,0.00,0.00,0.00,0.00,0.00,0.00,0.00,0.00",,0.00,0.00,,
3d anime dick bite porn,,0,"0.00,0.00,0.00,0.00,0.00,0.00,0.00,0.00,0.00,0.00,0.00,0.00",,0.00,0.00,,
3d anime dick chop porn,,0,"0.00,0.00,0.00,0.00,0.00,0.00,0.00,0.00,0.00,0.00,0.00,0.00",,0.00,0.00,,
3d anime dick girl porn,,0,"0.00,0.00,0.00,0.00,0.00,0.00,0.00,0.00,0.00,0.00,0.00,0.00",,0.00,0.00,,
3d anime dick porn,,0,"0.00,0.00,0.00,0.00,0.00,0.00,0.00,0.00,0.00,0.00,0.00,0.00",,0.00,0.00,,
3d anime dominatrix sfm porn,,0,"0.00,0.00,0.00,0.00,0.00,0.00,0.00,0.00,0.00,0.00,0.00,0.00",,0.00,0.00,,
3d anime dominatrix sfm porn caption,,0,"0.00,0.00,0.00,0.00,0.00,0.00,0.00,0.00,0.00,0.00,0.00,0.00",,0.00,0.00,,
3d anime don't give up chun li porn,,0,"0.00,0.00,0.00,0.00,0.00,0.00,0.00,0.00,0.00,0.00,0.00,0.00",,0.00,0.00,,
3d anime dragon porn,,0,"0.00,0.00,0.00,0.00,0.00,0.00,0.00,0.00,0.00,0.00,0.00,0.00",,0.00,0.00,,
3d anime elfs porn,,0,"0.00,0.00,0.00,0.00,0.00,0.00,0.00,0.00,0.00,0.00,0.00,0.00",,0.00,0.00,,
3d anime erotic female wrestling porn,,0,"0.00,0.00,0.00,0.00,0.00,0.00,0.00,0.00,0.00,0.00,0.00,0.00",,0.00,0.00,,
3d anime fantasy gay porn fuck,,0,"0.00,0.00,0.00,0.00,0.00,0.00,0.00,0.00,0.00,0.00,0.00,0.00",,0.00,0.00,,
3d anime ferry porn,,0,"0.00,0.00,0.00,0.00,0.00,0.00,0.00,0.00,0.00,0.00,0.00,0.00",,0.00,0.00,,
3d anime free porn,,0,"0.00,0.00,0.00,0.00,0.00,0.00,0.00,0.00,0.00,0.00,0.00,0.00",,0.00,0.00,,
3d anime fuck after real porn star,,0,"0.00,0.00,0.00,0.00,0.00,0.00,0.00,0.00,0.00,0.00,0.00,0.00",,0.00,0.00,,
3d anime fuck machine porn,,0,"0.00,0.00,0.00,0.00,0.00,0.00,0.00,0.00,0.00,0.00,0.00,0.00",,0.00,0.00,,
3d anime fucked hard mmd porn,,0,"0.00,0.00,0.00,0.00,0.00,0.00,0.00,0.00,0.00,0.00,0.00,0.00",,0.00,0.00,,
3d anime full porn,,0,"0.00,0.00,0.00,0.00,0.00,0.00,0.00,0.00,0.00,0.00,0.00,0.00",,0.00,0.00,,
3d anime furry porn,,0,"0.00,0.00,0.00,0.00,0.00,0.00,0.00,0.00,0.00,0.00,0.00,0.00",,0.00,0.00,,
3d anime game porn video,,0,"0.00,0.00,0.00,0.00,0.00,0.00,0.00,0.00,0.00,0.00,0.00,0.00",,0.00,0.00,,
3d anime games porn,,0,"0.00,0.00,0.00,0.00,0.00,0.00,0.00,0.00,0.00,0.00,0.00,0.00",,0.00,0.00,,
3d anime gangbang porn,,0,"0.00,0.00,0.00,0.00,0.00,0.00,0.00,0.00,0.00,0.00,0.00,0.00",,0.00,0.00,,
3d anime gets fucked by wall monster porn,,0,"0.00,0.00,0.00,0.00,0.00,0.00,0.00,0.00,0.00,0.00,0.00,0.00",,0.00,0.00,,
3d anime getting broken porn,,0,"0.00,0.00,0.00,0.00,0.00,0.00,0.00,0.00,0.00,0.00,0.00,0.00",,0.00,0.00,,
3d anime gif porn,,0,"0.00,0.00,0.00,0.00,0.00,0.00,0.00,0.00,0.00,0.00,0.00,0.00",,0.00,0.00,,
3d anime girl at the subway porn,,0,"0.00,0.00,0.00,0.00,0.00,0.00,0.00,0.00,0.00,0.00,0.00,0.00",,0.00,0.00,,
3d anime girl beg for mercy monster porn,,0,"0.00,0.00,0.00,0.00,0.00,0.00,0.00,0.00,0.00,0.00,0.00,0.00",,0.00,0.00,,
3d anime girl beg for mercy porn,,0,"0.00,0.00,0.00,0.00,0.00,0.00,0.00,0.00,0.00,0.00,0.00,0.00",,0.00,0.00,,
3d anime girl beg for mercy troll porn,,0,"0.00,0.00,0.00,0.00,0.00,0.00,0.00,0.00,0.00,0.00,0.00,0.00",,0.00,0.00,,
3d anime girl gets stocked porn,,0,"0.00,0.00,0.00,0.00,0.00,0.00,0.00,0.00,0.00,0.00,0.00,0.00",,0.00,0.00,,
3d anime girl porn,,0,"0.00,0.00,0.00,0.00,0.00,0.00,0.00,0.00,0.00,0.00,0.00,0.00",,0.00,0.00,,
3d anime girl porn program,,0,"0.00,0.00,0.00,0.00,0.00,0.00,0.00,0.00,0.00,0.00,0.00,0.00",,0.00,0.00,,
3d anime girl porn video,,0,"0.00,0.00,0.00,0.00,0.00,0.00,0.00,0.00,0.00,0.00,0.00,0.00",,0.00,0.00,,
3d anime girl porn videos,,0,"0.00,0.00,0.00,0.00,0.00,0.00,0.00,0.00,0.00,0.00,0.00,0.00",,0.00,0.00,,
3d anime girl porn vids,,0,"0.00,0.00,0.00,0.00,0.00,0.00,0.00,0.00,0.00,0.00,0.00,0.00",,0.00,0.00,,
3d anime girl porno,,0,"0.00,0.00,0.00,0.00,0.00,0.00,0.00,0.00,0.00,0.00,0.00,0.00",,0.00,0.00,,
3d anime girl with dick porn,,0,"0.00,0.00,0.00,0.00,0.00,0.00,0.00,0.00,0.00,0.00,0.00,0.00",,0.00,0.00,,
3d anime girls bathtub porn,,0,"0.00,0.00,0.00,0.00,0.00,0.00,0.00,0.00,0.00,0.00,0.00,0.00",,0.00,0.00,,
3d anime girls consuming people porn,,0,"0.00,0.00,0.00,0.00,0.00,0.00,0.00,0.00,0.00,0.00,0.00,0.00",,0.00,0.00,,
3d anime girls cosplay porn,,0,"0.00,0.00,0.00,0.00,0.00,0.00,0.00,0.00,0.00,0.00,0.00,0.00",,0.00,0.00,,
3d anime girls porn,,0,"0.00,0.00,0.00,0.00,0.00,0.00,0.00,0.00,0.00,0.00,0.00,0.00",,0.00,0.00,,
3d anime girls snake consuming people belly inflation porn,,0,"0.00,0.00,0.00,0.00,0.00,0.00,0.00,0.00,0.00,0.00,0.00,0.00",,0.00,0.00,,
3d anime girls snake consuming people vore porn,,0,"0.00,0.00,0.00,0.00,0.00,0.00,0.00,0.00,0.00,0.00,0.00,0.00",,0.00,0.00,,
3d anime gore porn,,0,"0.00,0.00,0.00,0.00,0.00,0.00,0.00,0.00,0.00,0.00,0.00,0.00",,0.00,0.00,,
3d anime hardcore porn,,0,"0.00,0.00,0.00,0.00,0.00,0.00,0.00,0.00,0.00,0.00,0.00,0.00",,0.00,0.00,,
3d anime harley quinn porn vids,,0,"0.00,0.00,0.00,0.00,0.00,0.00,0.00,0.00,0.00,0.00,0.00,0.00",,0.00,0.00,,
3d anime hd porn,,0,"0.00,0.00,0.00,1.00,0.00,0.00,0.00,0.00,0.00,0.00,0.00,0.00",,0.00,0.33,,
3d anime hentai bdsm porn,,0,"0.00,0.00,0.00,0.00,0.00,0.00,0.00,0.00,0.00,0.00,0.00,0.00",,0.00,0.00,,
3d anime hentai full hd porn movie,,0,"0.00,0.00,0.00,0.00,0.00,0.00,0.00,0.00,0.00,0.00,0.00,0.00",,0.00,0.00,,
3d anime hentai lara croft blowjob porn,,0,"0.00,0.00,0.00,0.00,0.00,0.00,0.00,0.00,0.00,0.00,0.00,0.00",,0.00,0.00,,
3d anime hentai porn,,0,"0.00,0.00,0.00,0.00,0.00,0.00,0.00,0.00,0.00,0.00,0.00,0.00",,0.00,0.00,,
3d anime hentai porn video,,0,"0.00,0.00,0.00,0.00,0.00,0.00,0.00,0.00,0.00,0.00,0.00,0.00",,0.00,0.00,,
3d anime hentai porn videos,,0,"0.00,0.00,0.00,0.00,0.00,0.00,0.00,0.00,0.00,0.00,0.00,0.00",,0.00,0.00,,
3d anime hentai porno,,0,"0.00,0.00,0.00,0.00,0.00,0.00,0.00,0.00,0.00,0.00,0.00,0.00",,0.00,0.00,,
3d anime hentai tentacle torture porn,,0,"0.00,0.00,0.00,0.00,0.00,0.00,0.00,0.00,0.00,0.00,0.00,0.00",,0.00,0.00,,
3d anime hentaia lara croft porn,,0,"0.00,0.00,0.00,0.00,0.00,0.00,0.00,0.00,0.00,0.00,0.00,0.00",,0.00,0.00,,
3d anime hmv porn,,0,"0.00,0.00,0.00,0.00,0.00,0.00,0.00,0.00,0.00,0.00,0.00,0.00",,0.00,0.00,,
3d anime horror porn,,0,"0.00,0.00,0.00,0.00,0.00,0.00,0.00,0.00,0.00,0.00,0.00,0.00",,0.00,0.00,,
3d anime horse porn outside,,0,"0.00,0.00,0.00,0.00,0.00,0.00,0.00,0.00,0.00,0.00,0.00,0.00",,0.00,0.00,,
3d anime horse porn outsude,,0,"0.00,0.00,0.00,0.00,0.00,0.00,0.00,0.00,0.00,0.00,0.00,0.00",,0.00,0.00,,
3d anime hot porn,,0,"0.00,0.00,0.00,0.00,0.00,0.00,0.00,0.00,0.00,0.00,0.00,0.00",,0.00,0.00,,
3d anime huge cock porn,,0,"0.00,0.00,0.00,0.00,0.00,0.00,0.00,0.00,0.00,0.00,0.00,0.00",,0.00,0.00,,
3d anime incest movies porn,,0,"0.00,0.00,0.00,0.00,0.00,0.00,0.00,0.00,0.00,0.00,0.00,0.00",,0.00,0.00,,
3d anime incest porn,,0,"0.00,0.00,0.00,0.00,1.00,0.00,0.00,0.00,0.00,0.00,0.00,0.00",,0.00,0.00,,
3d anime incest porn movies,,0,"0.00,0.00,0.00,0.00,0.00,0.00,0.00,0.00,0.00,0.00,0.00,0.00",,0.00,0.00,,
3d anime incest porn pics,,0,"0.00,0.00,0.00,0.00,0.00,0.00,0.00,0.00,0.00,0.00,0.00,0.00",,0.00,0.00,,
3d anime incest porn xray gif,,0,"0.00,0.00,0.00,0.00,0.00,0.00,0.00,0.00,0.00,0.00,0.00,0.00",,0.00,0.00,,
3d anime incest story video porn,,0,"0.00,0.00,0.00,0.00,0.00,0.00,0.00,0.00,0.00,0.00,0.00,0.00",,0.00,0.00,,
3d anime isabel porn,,0,"0.00,0.00,0.00,0.00,0.00,0.00,0.00,0.00,0.00,0.00,0.00,0.00",,0.00,0.00,,
3d anime karakter porno,,0,"0.00,0.00,0.00,0.00,0.00,0.00,0.00,0.00,0.00,0.00,0.00,0.00",,0.00,0.00,,
3d anime kinghts porn,,0,"0.00,0.00,0.00,0.00,0.00,0.00,0.00,0.00,0.00,0.00,0.00,0.00",,0.00,0.00,,
3d anime kunoichi porn,,0,"0.00,0.00,0.00,0.00,0.00,0.00,0.00,0.00,0.00,0.00,0.00,0.00",,0.00,0.00,,
3d anime lara croft borders porn,,0,"0.00,0.00,0.00,0.00,0.00,0.00,0.00,0.00,0.00,0.00,0.00,0.00",,0.00,0.00,,
3d anime lara croft huge deepthroat porn,,0,"0.00,0.00,0.00,0.00,0.00,0.00,0.00,0.00,0.00,0.00,0.00,0.00",,0.00,0.00,,
3d anime lara croft tomb raider porn,,0,"0.00,0.00,0.00,0.00,0.00,0.00,0.00,0.00,0.00,0.00,0.00,0.00",,0.00,0.00,,
3d anime lara croft tomb raider special edition porn,,0,"0.00,0.00,0.00,0.00,0.00,0.00,0.00,0.00,0.00,0.00,0.00,0.00",,0.00,0.00,,
3d anime lara with animals porn,,0,"0.00,0.00,0.00,0.00,0.00,0.00,0.00,0.00,0.00,0.00,0.00,0.00",,0.00,0.00,,
3d anime loli futa getting fucked porn,,0,"0.00,0.00,0.00,0.00,0.00,0.00,0.00,0.00,0.00,0.00,0.00,0.00",,0.00,0.00,,
3d anime loli futa porn,,0,"0.00,0.00,0.00,0.00,0.00,0.00,0.00,0.00,0.00,0.00,0.00,0.00",,0.00,0.00,,
3d anime loli naked porn,,0,"0.00,0.00,0.00,0.00,0.00,0.00,0.00,0.00,0.00,0.00,0.00,0.00",,0.00,0.00,,
3d anime loli porn,,0,"0.00,0.00,0.00,0.00,0.00,0.00,0.00,0.00,0.00,0.00,0.00,0.00",,0.00,0.00,,
3d anime machine porn,,0,"0.00,0.00,0.00,0.00,0.00,0.00,0.00,0.00,0.00,0.00,0.00,0.00",,0.00,0.00,,
3d anime marie rose blowjob porn,,0,"0.00,0.00,0.00,0.00,0.00,0.00,0.00,0.00,0.00,0.00,0.00,0.00",,0.00,0.00,,
3d anime marie rose bsdm porn,,0,"0.00,0.00,0.00,0.00,0.00,0.00,0.00,0.00,0.00,0.00,0.00,0.00",,0.00,0.00,,
3d anime marie rose deepthroat porn,,0,"0.00,0.00,0.00,0.00,0.00,0.00,0.00,0.00,0.00,0.00,0.00,0.00",,0.00,0.00,,
3d anime marie rose porn,,0,"0.00,0.00,0.00,0.00,0.00,0.00,0.00,0.00,0.00,0.00,0.00,0.00",,0.00,0.00,,
3d anime mature porn videos,,0,"0.00,0.00,0.00,0.00,0.00,0.00,0.00,0.00,0.00,0.00,0.00,0.00",,0.00,0.00,,
3d anime milf porn,,0,"0.00,0.00,0.00,0.00,0.00,1.00,0.00,0.00,0.00,0.00,0.00,0.00",,0.00,0.00,,
3d anime mom and son porn,,0,"0.00,0.00,0.00,0.00,0.00,0.00,0.00,0.00,0.00,0.00,0.00,0.00",,0.00,0.00,,
3d anime mom son porn,,0,"0.00,0.00,0.00,0.00,0.00,0.00,0.00,0.00,0.00,0.00,0.00,0.00",,0.00,0.00,,
3d anime monster biting breast porn,,0,"0.00,0.00,0.00,0.00,0.00,0.00,0.00,0.00,0.00,0.00,0.00,0.00",,0.00,0.00,,
3d anime monster gangbang porn,,0,"0.00,0.00,0.00,0.00,0.00,0.00,0.00,0.00,0.00,0.00,0.00,0.00",,0.00,0.00,,
3d anime monster movie porn,,0,"0.00,0.00,0.00,0.00,0.00,0.00,0.00,0.00,0.00,0.00,0.00,0.00",,0.00,0.00,,
3d anime monster porn animations,,0,"0.00,0.00,0.00,0.00,0.00,0.00,0.00,0.00,0.00,0.00,0.00,0.00",,0.00,0.00,,
3d anime monster porn tubes,,0,"0.00,0.00,0.00,0.00,0.00,0.00,0.00,0.00,0.00,0.00,0.00,0.00",,0.00,0.00,,
3d anime monstrr porn,,0,"0.00,0.00,0.00,0.00,0.00,0.00,0.00,0.00,0.00,0.00,0.00,0.00",,0.00,0.00,,
3d anime mother porn,,0,"0.00,0.00,0.00,0.00,0.00,0.00,0.00,0.00,0.00,0.00,0.00,0.00",,0.00,0.00,,
3d anime mouth fucked porn,,0,"0.00,0.00,0.00,0.00,0.00,0.00,0.00,0.00,0.00,0.00,0.00,0.00",,0.00,0.00,,
3d anime movie porn,,0,"0.00,0.00,0.00,0.00,0.00,0.00,0.00,0.00,0.00,0.00,0.00,0.00",,0.00,0.00,,
3d anime movies porn,,0,"0.00,0.00,0.00,0.00,0.00,0.00,0.00,0.00,0.00,0.00,0.00,0.00",,0.00,0.00,,
3d anime mp4 porn,,0,"0.00,0.00,0.00,0.00,0.00,0.00,0.00,0.00,0.00,0.00,0.00,0.00",,0.00,0.00,,
3d anime new movie porn,,0,"0.00,0.00,0.00,0.00,0.00,0.00,0.00,0.00,0.00,0.00,0.00,0.00",,0.00,0.00,,
3d anime nun porn video,,0,"0.00,0.00,0.00,0.00,0.00,0.00,0.00,0.00,0.00,0.00,0.00,0.00",,0.00,0.00,,
3d anime of virgin sacrifice porn,,0,"0.00,0.00,0.00,0.00,0.00,0.00,0.00,0.00,0.00,0.00,0.00,0.00",,0.00,0.00,,
3d anime overwatch movie porn,,0,"0.00,0.00,0.00,0.00,0.00,0.00,0.00,0.00,0.00,0.00,0.00,0.00",,0.00,0.00,,
3d anime overwatch porn,,0,"0.00,0.00,0.00,0.00,0.00,0.00,0.00,0.00,0.00,0.00,0.00,0.00",,0.00,0.00,,
3d anime pirate porn,,0,"0.00,0.00,0.00,0.00,0.00,0.00,0.00,0.00,0.00,0.00,0.00,0.00",,0.00,0.00,,
3d anime plant sex porn,,0,"0.00,0.00,0.00,0.00,0.00,0.00,0.00,0.00,0.00,0.00,0.00,0.00",,0.00,0.00,,
3d anime porn 2020,,0,"0.00,0.00,0.00,0.00,0.00,0.00,0.00,0.00,0.00,0.00,0.00,0.00",,0.00,0.00,,
3d anime porn 2021,,0,"0.00,0.00,0.00,0.00,0.00,0.00,0.00,0.00,0.00,0.00,0.00,0.00",,0.00,0.00,,
3d anime porn 3d gifsの画像,,0,"0.00,0.00,0.00,0.00,0.00,0.00,0.00,0.00,0.00,0.00,0.00,0.00",,0.00,0.00,,
3d anime porn ad,,0,"0.00,0.00,0.00,0.00,0.00,0.00,0.00,0.00,0.00,0.00,0.00,0.00",,0.00,0.00,,
3d anime porn agent,,0,"0.00,0.00,0.00,0.00,0.00,0.00,0.00,0.00,0.00,0.00,0.00,0.00",,0.00,0.00,,
3d anime porn agent c,,0,"0.00,0.00,0.00,0.00,0.00,0.00,0.00,0.00,0.00,0.00,0.00,0.00",,0.00,0.00,,
3d anime porn agent cautgh,,0,"0.00,0.00,0.00,0.00,0.00,0.00,0.00,0.00,0.00,0.00,0.00,0.00",,0.00,0.00,,
3d anime porn animation,,0,"0.00,0.00,1.00,0.00,0.00,0.00,0.00,0.00,0.00,0.00,0.00,0.00",,0.00,0.00,,
3d anime porn apps,,0,"0.00,0.00,0.00,0.00,0.00,0.00,0.00,0.00,0.00,0.00,0.00,0.00",,0.00,0.00,,
3d anime porn bang monster,,0,"0.00,0.00,0.00,0.00,0.00,0.00,0.00,0.00,0.00,0.00,0.00,0.00",,0.00,0.00,,
3d anime porn beach fishing,,0,"0.00,0.00,0.00,0.00,0.00,0.00,0.00,0.00,0.00,0.00,0.00,0.00",,0.00,0.00,,
3d anime porn best,,0,"0.00,0.00,0.00,0.00,0.00,0.00,0.00,0.00,0.00,0.00,0.00,0.00",,0.00,0.00,,
3d anime porn big dick,,0,"0.00,0.00,0.00,0.00,0.00,0.00,0.00,0.00,0.00,0.00,0.00,0.00",,0.00,0.00,,
3d anime porn big tits,,0,"0.00,0.00,0.00,0.00,0.00,0.00,0.00,0.00,0.00,0.00,0.00,0.00",,0.00,0.00,,
3d anime porn brother sister,,0,"0.00,0.00,0.00,0.00,0.00,0.00,0.00,0.00,0.00,0.00,0.00,0.00",,0.00,0.00,,
3d anime porn comic,,0,"1.00,0.00,0.00,0.00,0.00,0.00,0.00,0.00,0.00,0.00,0.00,0.00",,0.00,0.00,,
3d anime porn cum,,0,"0.00,0.00,0.00,0.00,0.00,0.00,0.00,0.00,0.00,0.00,0.00,0.00",,0.00,0.00,,
3d anime porn dancing to lamb,,0,"0.00,0.00,0.00,0.00,0.00,0.00,0.00,0.00,0.00,0.00,0.00,0.00",,0.00,0.00,,
3d anime porn elf,,0,"0.00,0.00,0.00,0.00,0.00,0.00,0.00,0.00,0.00,0.00,0.00,0.00",,0.00,0.00,,
3d anime porn english,,0,"0.00,0.00,0.00,0.00,0.00,0.00,0.00,0.00,0.00,0.00,0.00,0.00",,0.00,0.00,,
3d anime porn facial,,0,"0.00,0.00,0.00,0.00,0.00,0.00,0.00,0.00,0.00,0.00,0.00,0.00",,0.00,0.00,,
3d anime porn for sale,,0,"0.00,0.00,0.00,0.00,0.00,0.00,0.00,0.00,0.00,0.00,0.00,0.00",,0.00,0.00,,
3d anime porn forum,,0,"0.00,0.00,0.00,0.00,0.00,0.00,0.00,0.00,0.00,0.00,0.00,0.00",,0.00,0.00,,
3d anime porn forum nylon3d,,0,"0.00,0.00,0.00,0.00,0.00,0.00,0.00,0.00,0.00,0.00,0.00,0.00",,0.00,0.00,,
3d anime porn free,,0,"0.00,0.00,0.00,0.00,0.00,0.00,0.00,0.00,0.00,0.00,0.00,0.00",,0.00,0.00,,
3d anime porn fuck and grab tits,,0,"0.00,0.00,0.00,0.00,0.00,0.00,0.00,0.00,0.00,0.00,0.00,0.00",,0.00,0.00,,
3d anime porn full,,0,"0.00,1.00,0.00,0.00,0.00,0.00,0.00,0.00,0.00,0.00,0.00,0.00",,0.00,0.00,,
3d anime porn full movie,,0,"0.00,0.00,0.00,0.00,0.00,0.00,0.00,0.00,0.00,0.00,0.00,0.00",,0.00,0.00,,
3d anime porn full video,,0,"0.00,0.00,0.00,0.00,0.00,0.00,0.00,0.00,0.00,0.00,0.00,0.00",,0.00,0.00,,
3d anime porn full videos,,0,"0.00,0.00,0.00,0.00,0.00,0.00,0.00,0.00,0.00,0.00,0.00,0.00",,0.00,0.00,,
3d anime porn futa,,0,"0.00,0.00,0.00,0.00,0.00,0.00,0.00,0.00,0.00,0.00,0.00,0.00",,0.00,0.00,,
3d anime porn game apk free,,0,"0.00,0.00,0.00,0.00,0.00,0.00,0.00,0.00,0.00,0.00,0.00,0.00",,0.00,0.00,,
3d anime porn gangbang,,0,"0.00,0.00,0.00,0.00,0.00,0.00,0.00,0.00,0.00,0.00,0.00,0.00",,0.00,0.00,,
3d anime porn gender bender,,0,"0.00,0.00,0.00,0.00,0.00,0.00,0.00,0.00,0.00,0.00,0.00,0.00",,0.00,0.00,,
3d anime porn girl boy dog,,0,"0.00,0.00,0.00,0.00,0.00,0.00,0.00,0.00,0.00,0.00,0.00,0.00",,0.00,0.00,,
3d anime porn girl dog,,0,"0.00,0.00,0.00,0.00,0.00,0.00,0.00,0.00,0.00,0.00,0.00,0.00",,0.00,0.00,,
3d anime porn girl dog b,,0,"0.00,0.00,0.00,0.00,0.00,0.00,0.00,0.00,0.00,0.00,0.00,0.00",,0.00,0.00,,
3d anime porn girl dog brother,,0,"0.00,0.00,0.00,0.00,0.00,0.00,0.00,0.00,0.00,0.00,0.00,0.00",,0.00,0.00,,
3d anime porn girls,,0,"0.00,0.00,0.00,0.00,0.00,0.00,0.00,0.00,0.00,0.00,0.00,0.00",,0.00,0.00,,
3d anime porn hardcore,,0,"0.00,0.00,0.00,0.00,0.00,0.00,0.00,0.00,0.00,0.00,0.00,0.00",,0.00,0.00,,
3d anime porn hentai,,0,"0.00,0.00,0.00,0.00,0.00,0.00,0.00,0.00,0.00,0.00,0.00,0.00",,0.00,0.00,,
3d anime porn horse,,0,"0.00,0.00,0.00,0.00,0.00,0.00,0.00,0.00,0.00,1.00,0.00,0.00",,0.00,0.00,,
3d anime porn incest,,0,"0.00,0.00,0.00,0.00,0.00,0.00,0.00,0.00,0.00,0.00,0.00,0.00",,0.00,0.00,,
3d anime porn japanese,,0,"0.00,0.00,0.00,0.00,0.00,0.00,0.00,0.00,0.00,0.00,0.00,0.00",,0.00,0.00,,
3d anime porn like barbell,,0,"0.00,0.00,0.00,0.00,0.00,0.00,0.00,0.00,0.00,0.00,0.00,0.00",,0.00,0.00,,
3d anime porn milf,,0,"0.00,0.00,0.00,0.00,0.00,0.00,0.00,0.00,0.00,0.00,0.00,0.00",,0.00,0.00,,
3d anime porn model,,0,"0.00,0.00,0.00,0.00,0.00,0.00,0.00,0.00,0.00,0.00,0.00,0.00",,0.00,0.00,,
3d anime porn monster teniticles,,0,"0.00,0.00,0.00,0.00,0.00,0.00,0.00,0.00,0.00,0.00,0.00,0.00",,0.00,0.00,,
3d anime porn most real,,0,"0.00,0.00,0.00,0.00,0.00,0.00,0.00,0.00,0.00,0.00,0.00,0.00",,0.00,0.00,,
3d anime porn pic,,0,"0.00,0.00,0.00,0.00,0.00,0.00,0.00,0.00,0.00,1.00,0.00,0.00",,0.00,0.00,,
3d anime porn pic sets,,0,"0.00,0.00,0.00,0.00,0.00,0.00,0.00,0.00,0.00,0.00,0.00,0.00",,0.00,0.00,,
3d anime porn pornhub,,0,"0.00,0.00,0.00,0.00,0.00,0.00,0.00,0.00,0.00,0.00,0.00,0.00",,0.00,0.00,,
3d anime porn pov,,0,"0.00,0.00,0.00,0.00,0.00,0.00,0.00,0.00,0.00,0.00,0.00,0.00",,0.00,0.00,,
3d anime porn realistic,,0,"0.00,0.00,0.00,0.00,0.00,0.00,0.00,0.00,0.00,0.00,0.00,0.00",,0.00,0.00,,
3d anime porn reddit,,0,"0.00,0.00,0.00,0.00,0.00,0.00,0.00,0.00,0.00,0.00,0.00,0.00",,0.00,0.00,,
3d anime porn shemale,,0,"0.00,0.00,0.00,0.00,0.00,0.00,0.00,0.00,0.00,0.00,0.00,0.00",,0.00,0.00,,
3d anime porn software,,0,"0.00,0.00,0.00,0.00,0.00,0.00,0.00,0.00,0.00,0.00,0.00,0.00",,0.00,0.00,,
3d anime porn stepmom,,0,"0.00,0.00,0.00,0.00,0.00,0.00,0.00,0.00,0.00,0.00,0.00,0.00",,0.00,0.00,,
3d anime porn subreddit,,0,"0.00,0.00,0.00,0.00,0.00,0.00,0.00,0.00,0.00,0.00,0.00,0.00",,0.00,0.00,,
3d anime porn teen,,0,"0.00,0.00,0.00,0.00,0.00,0.00,0.00,0.00,0.00,0.00,0.00,0.00",,0.00,0.00,,
3d anime porn the princess has come of age,,0,"0.00,0.00,0.00,0.00,0.00,0.00,0.00,0.00,0.00,0.00,0.00,0.00",,0.00,0.00,,
3d anime porn threesome,,0,"0.00,0.00,0.00,0.00,0.00,0.00,0.00,0.00,0.00,0.00,0.00,0.00",,0.00,0.00,,
3d anime porn tiny man and pussy,,0,"0.00,0.00,0.00,0.00,0.00,0.00,0.00,0.00,0.00,0.00,0.00,0.00",,0.00,0.00,,
3d anime porn tiny man and woman,,0,"0.00,0.00,0.00,0.00,0.00,0.00,0.00,0.00,0.00,0.00,0.00,0.00",,0.00,0.00,,
3d anime porn vampire girls,,0,"0.00,0.00,0.00,0.00,0.00,0.00,0.00,0.00,0.00,0.00,0.00,0.00",,0.00,0.00,,
3d anime porn vid,,0,"0.00,0.00,0.00,0.00,0.00,0.00,0.00,0.00,0.00,0.00,0.00,0.00",,0.00,0.33,,
3d anime porn videis,,0,"0.00,0.00,0.00,0.00,0.00,0.00,0.00,0.00,0.00,0.00,0.00,0.00",,0.00,0.00,,
3d anime porn video like barbell,,0,"0.00,0.00,0.00,0.00,0.00,0.00,0.00,0.00,0.00,0.00,0.00,0.00",,0.00,0.00,,
3d anime porn videoa,,0,"0.00,0.00,0.00,0.00,0.00,0.00,0.00,0.00,0.00,0.00,0.00,0.00",,0.00,0.00,,
3d anime porn videos xnxx,,0,"0.00,0.00,0.00,0.00,0.00,0.00,0.00,0.00,0.00,0.00,0.00,0.00",,0.00,0.00,,
3d anime porn vr,,0,"0.00,0.00,0.00,0.00,0.00,0.00,0.00,0.00,0.00,0.00,0.00,0.00",,0.00,0.00,,
3d anime porn website,,0,"0.00,0.00,0.00,0.00,0.00,0.00,0.00,0.00,0.00,0.00,0.00,0.00",,0.00,0.00,,
3d anime porn websites,,0,"0.00,0.00,0.00,0.00,0.00,0.00,0.00",,0.00,0.00,,
3d anime porn with animals,,0,"0.00,0.00,0.00,0.00,0.00,0.00,0.00,0.00,0.00,0.00,0.00,0.00",,0.00,0.00,,
3d anime porn with boots,,0,"0.00,0.00,0.00,0.00,0.00,0.00,0.00,0.00,0.00,0.00,0.00,0.00",,0.00,0.00,,
3d anime porn with caption,,0,"0.00,0.00,0.00,0.00,0.00,0.00,0.00,0.00,0.00,0.00,0.00,0.00",,0.00,0.00,,
3d anime porn xnn.com,,0,"0.00,0.00,0.00,0.00,0.00,0.00,0.00,0.00,0.00,0.00,0.00,0.00",,0.00,0.00,,
3d anime porn xray gif,,0,"0.00,0.00,0.00,0.00,0.00,0.00,0.00,0.00,0.00,0.00,0.00,0.00",,0.00,0.00,,
3d anime porn xvideo,,0,"0.00,0.00,0.00,0.00,0.00,0.00,0.00,0.00,0.00,0.00,0.00,0.00",,0.00,0.00,,
3d anime porn xxx,,0,"0.00,0.00,0.00,0.00,0.00,0.00,0.00,0.00,0.00,0.00,0.00,0.00",,0.00,0.00,,
3d anime porn young,,0,"0.00,0.00,0.00,0.00,0.00,0.00,0.00,0.00,0.00,0.00,0.00,0.00",,0.00,0.00,,
3d anime porn young boy older mom,,0,"0.00,0.00,0.00,0.00,0.00,0.00,0.00,0.00,0.00,0.00,0.00,0.00",,0.00,0.00,,
3d anime porn.,,0,"0.00,0.00,0.00,0.00,0.00,0.00,0.00,0.00,0.00,0.00,0.00,0.00",,0.00,0.00,,
3d anime porn.com,,0,"0.00,0.00,0.00,0.00,0.00,0.00,0.00,0.00,0.00,0.00,0.00,0.00",,0.00,0.33,,
3d anime porno dvd,,0,"0.00,0.00,0.00,0.00,0.00,0.00,0.00,0.00,0.00,0.00,0.00,0.00",,0.00,0.00,,
3d anime porno izle,,0,"0.00,0.00,0.00,0.00,0.00,0.00,0.00,0.00,0.00,0.00,0.00,0.00",,0.00,0.00,,
3d anime porno movies,,0,"0.00,0.00,0.00,0.00,0.00,0.00,0.00,0.00,0.00,0.00,0.00,0.00",,0.00,0.00,,
3d anime porno video,,0,"0.00,0.00,0.00,0.00,0.00,0.00,0.00,0.00,0.00,0.00,0.00,0.00",,0.00,0.00,,
3d anime porns,,0,"0.00,0.00,0.00,0.00,0.00,0.00,0.00,0.00,0.00,0.00,0.00,0.00",,0.00,0.00,,
3d anime pov porn,,0,"0.00,0.00,0.00,0.00,0.00,0.00,0.00,0.00,0.00,0.00,0.00,0.00",,0.00,0.00,,
3d anime pov porn uncensored,,0,"0.00,0.00,0.00,0.00,0.00,0.00,0.00,0.00,0.00,0.00,0.00,0.00",,0.00,0.00,,
3d anime pregnant inflation porn,,0,"0.00,0.00,0.00,0.00,0.00,0.00,0.00,0.00,0.00,0.00,0.00,0.00",,0.00,0.00,,
3d anime pregnant porn,,0,"0.00,0.00,0.00,0.00,0.00,0.00,0.00,0.00,0.00,0.00,0.00,0.00",,0.00,0.00,,
3d anime princess aurora porn,,0,"0.00,0.00,0.00,0.00,0.00,0.00,0.00,0.00,0.00,0.00,0.00,0.00",,0.00,0.00,,
3d anime rape porn,,0,"0.00,0.00,0.00,0.00,0.00,0.00,0.00,0.00,0.00,0.00,0.00,0.00",,0.00,0.00,,
3d anime raps porn,,0,"0.00,0.00,0.00,0.00,0.00,0.00,0.00,0.00,0.00,0.00,0.00,0.00",,0.00,0.00,,
3d anime realistic porn,,0,"0.00,0.00,0.00,0.00,0.00,0.00,0.00,0.00,0.00,0.00,0.00,0.00",,0.00,0.00,,
3d anime red riding hood and the hunts men porn,,0,"0.00,0.00,0.00,0.00,0.00,0.00,0.00,0.00,0.00,0.00,0.00,0.00",,0.00,0.00,,
3d anime resident evil monster porn,,0,"0.00,0.00,0.00,0.00,0.00,0.00,0.00,0.00,0.00,0.00,0.00,0.00",,0.00,0.00,,
3d anime rose marie throated porn,,0,"0.00,0.00,0.00,0.00,0.00,0.00,0.00,0.00,0.00,0.00,0.00,0.00",,0.00,0.00,,
3d anime rough porn,,0,"0.00,1.00,0.00,0.00,0.00,0.00,0.00,0.00,0.00,0.00,0.00,0.00",,0.00,0.00,,
3d anime school girl porn,,0,"0.00,0.00,0.00,0.00,0.00,0.00,0.00,0.00,0.00,0.00,0.00,0.00",,0.00,0.00,,
3d anime school porn,,0,"0.00,0.00,0.00,0.00,0.00,0.00,0.00,0.00,0.00,0.00,0.00,0.00",,0.00,0.00,,
3d anime schoolgirl porn,,0,"0.00,0.00,0.00,0.00,0.00,0.00,0.00,0.00,0.00,0.00,0.00,0.00",,0.00,0.00,,
3d anime sdfm sexual viloence porn,,0,"0.00,0.00,0.00,0.00,0.00,0.00,0.00,0.00,0.00,0.00,0.00,0.00",,0.00,0.00,,
3d anime sewer porn,,0,"0.00,0.00,0.00,0.00,0.00,0.00,0.00,0.00,0.00,0.00,0.00,0.00",,0.00,0.00,,
3d anime sex porn fuck anal gif,,0,"0.00,0.00,0.00,0.00,0.00,0.00,0.00,0.00,0.00,0.00,0.00,0.00",,0.00,0.00,,
3d anime sex porno,,0,"0.00,0.00,0.00,0.00,0.00,0.00,0.00,0.00,0.00,0.00,0.00,0.00",,0.00,0.00,,
3d anime sexual viloence porn,,0,"0.00,0.00,0.00,0.00,0.00,0.00,0.00,0.00,0.00,0.00,0.00,0.00",,0.00,0.00,,
3d anime sexual violence porn,,0,"0.00,0.00,0.00,0.00,0.00,0.00,0.00,0.00,0.00,0.00,0.00,0.00",,0.00,0.00,,
3d anime sfm porn,,0,"0.00,0.00,0.00,0.00,0.00,0.00,0.00,0.00,0.00,0.00,0.00,0.00",,0.00,0.00,,
3d anime sfm porn dominatrix,,0,"0.00,0.00,0.00,0.00,0.00,0.00,0.00,0.00,0.00,0.00,0.00,0.00",,0.00,0.00,,
3d anime sfm porn video,,0,"0.00,0.00,0.00,0.00,0.00,0.00,0.00,0.00,0.00,0.00,0.00,0.00",,0.00,0.00,,
3d anime sfm porn videos,,0,"0.00,0.00,0.00,0.00,0.00,0.00,0.00,0.00,0.00,0.00,0.00,0.00",,0.00,0.00,,
3d anime shcool girl porn,,0,"0.00,0.00,0.00,0.00,0.00,0.00,0.00,0.00,0.00,0.00,0.00,0.00",,0.00,0.00,,
3d anime shemail rape porn,,0,"0.00,0.00,0.00,0.00,0.00,0.00,0.00,0.00,0.00,0.00,0.00,0.00",,0.00,0.00,,
3d anime shemal porn,,0,"0.00,0.00,0.00,0.00,0.00,0.00,0.00,0.00,0.00,0.00,0.00,0.00",,0.00,0.00,,
3d anime shemale forced porn,,0,"0.00,0.00,0.00,0.00,0.00,0.00,0.00,0.00,0.00,0.00,0.00,0.00",,0.00,0.00,,
3d anime shemales porn,,0,"0.00,0.00,0.00,0.00,0.00,0.00,0.00,0.00,0.00,0.00,0.00,0.00",,0.00,0.00,,
3d anime show porn,,0,"0.00,0.00,0.00,0.00,0.00,0.00,0.00,0.00,0.00,0.00,0.00,0.00",,0.00,0.00,,
3d anime sissy magic girl magic mirror porn,,0,"0.00,0.00,0.00,0.00,0.00,0.00,0.00,0.00,0.00,0.00,0.00,0.00",,0.00,0.00,,
3d anime sissy magic mirror porn,,0,"0.00,0.00,0.00,0.00,0.00,0.00,0.00,0.00,0.00,0.00,0.00,0.00",,0.00,0.00,,
3d anime sissy porn pics trans,,0,"0.00,0.00,0.00,0.00,0.00,0.00,0.00,0.00,0.00,0.00,0.00,0.00",,0.00,0.00,,
3d anime sister porn,,0,"0.00,0.00,0.00,0.00,0.00,0.00,0.00,0.00,0.00,0.00,0.00,0.00",,0.00,0.00,,
3d anime skinny shemale forced porn,,0,"0.00,0.00,0.00,0.00,0.00,0.00,0.00,0.00,0.00,0.00,0.00,0.00",,0.00,0.00,,
3d anime snuff porn,,0,"0.00,0.00,0.00,0.00,0.00,0.00,0.00,0.00,0.00,0.00,0.00,0.00",,0.00,0.00,,
3d anime sports girl porn,,0,"0.00,0.00,0.00,0.00,0.00,0.00,0.00,0.00,0.00,0.00,0.00,0.00",,0.00,0.00,,
3d anime starfire porn,,0,"0.00,0.00,0.00,0.00,0.00,0.00,0.00,0.00,0.00,0.00,0.00,0.00",,0.00,0.00,,
3d anime step mom porn,,0,"0.00,0.00,0.00,0.00,0.00,0.00,0.00,0.00,0.00,0.00,0.00,0.00",,0.00,0.00,,
3d anime story video of son and his family porn,,0,"0.00,0.00,0.00,0.00,0.00,0.00,0.00,0.00,0.00,0.00,0.00,0.00",,0.00,0.00,,
3d anime supet hero gay sex on gay porn hud,,0,"0.00,0.00,0.00,0.00,0.00,0.00,0.00,0.00,0.00,0.00,0.00,0.00",,0.00,0.00,,
3d anime taboo porn,,0,"0.00,0.00,0.00,0.00,0.00,0.00,0.00,0.00,0.00,0.00,0.00,0.00",,0.00,0.33,,
3d anime taboo porn movies,,0,"0.00,0.00,0.00,0.00,0.00,0.00,0.00,0.00,0.00,0.00,0.00,0.00",,0.00,0.00,,
3d anime teen porn,,0,"0.00,0.00,0.00,0.00,0.00,0.00,0.00,0.00,0.00,0.00,0.00,0.00",,0.00,0.00,,
3d anime teen porn video,,0,"0.00,0.00,0.00,0.00,0.00,0.00,0.00,0.00,0.00,0.00,0.00,0.00",,0.00,0.00,,
3d anime teen young porn,,0,"0.00,0.00,0.00,0.00,0.00,0.00,0.00,0.00,0.00,0.00,0.00,0.00",,0.00,0.00,,
3d anime tentical porn,,0,"0.00,0.00,0.00,0.00,0.00,0.00,0.00,0.00,0.00,0.00,0.00,0.00",,0.00,0.00,,
3d anime tg porn,,0,"0.00,0.00,0.00,0.00,0.00,0.00,0.00,0.00,0.00,0.00,0.00,0.00",,0.00,0.00,,
3d anime the hunted porn,,0,"0.00,0.00,0.00,0.00,0.00,0.00,0.00,0.00,0.00,0.00,0.00,0.00",,0.00,0.00,,
3d anime the silent porn,,0,"0.00,0.00,0.00,0.00,0.00,0.00,0.00,0.00,0.00,0.00,0.00,0.00",,0.00,0.00,,
3d anime throat fuck blowjob porn,,0,"0.00,0.00,0.00,0.00,0.00,0.00,0.00,0.00,0.00,0.00,0.00,0.00",,0.00,0.00,,
3d anime throatfucked porn,,0,"0.00,0.00,0.00,0.00,0.00,0.00,0.00,0.00,0.00,0.00,0.00,0.00",,0.00,0.00,,
3d anime tiddeis porn,,0,"0.00,0.00,0.00,0.00,0.00,0.00,0.00,0.00,0.00,0.00,0.00,0.00",,0.00,0.00,,
3d anime train rape porn,,0,"0.00,0.00,0.00,0.00,0.00,0.00,0.00,0.00,0.00,0.00,0.00,0.00",,0.00,0.00,,
3d anime tranny porn,,0,"0.00,0.00,0.00,0.00,0.00,0.00,0.00,0.00,0.00,0.00,0.00,0.00",,0.00,0.00,,
3d anime trans porn,,0,"0.00,0.00,0.00,0.00,0.00,0.00,0.00,0.00,0.00,0.00,0.00,0.00",,0.00,0.00,,
3d anime uncensored porn,,0,"0.00,0.00,0.00,0.00,0.00,0.00,0.00,0.00,0.00,0.00,0.00,0.00",,0.00,0.00,,
3d anime unny girl porn,,0,"0.00,0.00,0.00,0.00,0.00,0.00,0.00,0.00,0.00,0.00,0.00,0.00",,0.00,0.00,,
3d anime unny girl porn whire hair,,0,"0.00,0.00,0.00,0.00,0.00,0.00,0.00,0.00,0.00,0.00,0.00,0.00",,0.00,0.00,,
3d anime vore porn,,0,"0.00,0.00,0.00,0.00,0.00,0.00,0.00,0.00,0.00,0.00,0.00,0.00",,0.00,0.00,,
3d anime werewolf porn,,0,"0.00,0.00,0.00,0.00,0.00,0.00,0.00,0.00,0.00,0.00,0.00,0.00",,0.00,0.00,,
3d anime women lose clothes porn,,0,"0.00,0.00,0.00,0.00,0.00,0.00,0.00,0.00,0.00,0.00,0.00,0.00",,0.00,0.00,,
3d anime wonder woman porn move,,0,"0.00,0.00,0.00,0.00,0.00,0.00,0.00,0.00,0.00,0.00,0.00,0.00",,0.00,0.00,,
3d anime xxx monster movie porn,,0,"0.00,0.00,0.00,0.00,0.00,0.00,0.00,0.00,0.00,0.00,0.00,0.00",,0.00,0.00,,
3d anime xxx monster porn,,0,"0.00,0.00,0.00,0.00,0.00,0.00,0.00,0.00,0.00,0.00,0.00,0.00",,0.00,0.00,,
3d anime xxx porn,,0,"0.00,0.00,0.00,0.00,0.00,0.00,0.00,0.00,0.00,0.00,0.00,0.00",,0.00,0.00,,
3d anime xxxx brutal movie porn,,0,"0.00,0.00,0.00,0.00,0.00,0.00,0.00,0.00,0.00,0.00,0.00,0.00",,0.00,0.00,,
3d anime young porn,,0,"0.00,0.00,0.00,0.00,0.00,0.00,0.00,0.00,0.00,0.00,0.00,0.00",,0.00,0.00,,
3d anime youngest porn,,0,"0.00,0.00,0.00,0.00,0.00,0.00,0.00,0.00,0.00,0.00,0.00,0.00",,0.00,0.00,,
3d anime.porn,,0,"0.00,0.00,0.00,0.00,0.00,0.00,0.00,0.00,0.00,0.00,0.00,0.00",,0.00,0.00,,
3d animeation porn,,0,"0.00,0.00,0.00,0.00,0.00,0.00,0.00,0.00,0.00,0.00,0.00,0.00",,0.00,0.00,,
3d animed music porn video,,0,"0.00,0.00,0.00,0.00,0.00,0.00,0.00,0.00,0.00,0.00,0.00,0.00",,0.00,0.00,,
3d animed porn,,0,"0.00,0.00,0.00,0.00,0.00,0.00,0.00,0.00,1.00,0.00,0.00,0.00",,0.00,0.33,,
3d animes porn,,0,"0.00,0.00,0.00,0.00,0.00,0.00,0.00,0.00,0.00,0.00,0.00,0.00",,0.00,0.00,,
3d animé porn,,0,"0.00,0.00,0.00,0.00,0.00,0.00,0.00,0.00,0.00,0.00,0.00,0.00",,0.00,0.00,,
3d art animation milkmaid porn,,0,"0.00,0.00,0.00,0.00,0.00,0.00,0.00,0.00,0.00,0.00,0.00,0.00",,0.00,0.00,,
3d babes animated porn pic,,0,"0.00,0.00,0.00,0.00,0.00,0.00,0.00,0.00,0.00,0.00,0.00,0.00",,0.00,0.00,,
3d bad dog porn animation,,0,"0.00,0.00,0.00,0.00,0.00,0.00,0.00,0.00,0.00,0.00,0.00,0.00",,0.00,0.00,,
3d bare ass caning animated gifs porno,,0,"0.00,0.00,0.00,0.00,0.00,0.00,0.00,0.00,0.00,0.00,0.00,0.00",,0.00,0.00,,
3d bbc animation porn,,0,"0.00,0.00,1.00,0.00,0.00,0.00,0.00,0.00,0.00,0.00,0.00,0.00",,0.00,0.00,,
3d bbw animated porn,,0,"0.00,0.00,0.00,0.00,0.00,0.00,0.00,0.00,0.00,0.00,0.00,0.00",,0.00,0.00,,
3d bdsm animated gifs porno,,0,"0.00,0.00,0.00,0.00,0.00,0.00,0.00,0.00,0.00,0.00,0.00,0.00",,0.00,0.00,,
3d beast hmv mix animation porn,,0,"0.00,0.00,0.00,0.00,0.00,0.00,0.00,0.00,0.00,0.00,0.00,0.00",,0.00,0.00,,
3d beast porno 3d animal sex free 3d monster porn,,0,"0.00,0.00,0.00,0.00,0.00,0.00,0.00,0.00,0.00,0.00,0.00,0.00",,0.00,0.00,,
3d beastiality animated girl fucking dogs porn tube,,0,"0.00,0.00,0.00,0.00,0.00,0.00,0.00,0.00,0.00,0.00,0.00,0.00",,0.00,0.00,,
3d beastiality blonde dog knot cartoon animated porn,,0,"0.00,0.00,0.00,0.00,0.00,0.00,0.00,0.00,0.00,0.00,0.00,0.00",,0.00,0.00,,
3d beastiality bunny blonde dog knot cartoon animated porn,,0,"0.00,0.00,0.00,0.00,0.00,0.00,0.00,0.00,0.00,0.00,0.00,0.00",,0.00,0.00,,
3d beastiality satan jennyblonde dog knot cartoon animated porn,,0,"0.00,0.00,0.00,0.00,0.00,0.00,0.00,0.00,0.00,0.00,0.00,0.00",,0.00,0.00,,
3d best animated porn,,0,"0.00,0.00,0.00,0.00,0.00,0.00,0.00,0.00,0.00,0.00,0.00,0.00",,0.00,0.00,,
3d best animation porn,,0,"0.00,0.00,0.00,0.00,0.00,0.00,0.00,0.00,0.00,0.00,0.00,0.00",,0.00,0.00,,
3d big ass animation porn,,0,"0.00,0.00,0.00,0.00,1.00,0.00,0.00,0.00,0.00,0.00,0.00,0.00",,0.00,0.00,,
3d big ass anime porn,,0,"0.00,0.00,0.00,0.00,0.00,0.00,0.00,0.00,0.00,0.00,0.00,0.00",,0.00,0.00,,
3d big tits animation porn,,0,"0.00,0.00,0.00,0.00,0.00,0.00,0.00,0.00,0.00,0.00,0.00,0.00",,0.00,0.00,,
3d big tits anime porn,,0,"0.00,0.00,0.00,0.00,0.00,0.00,0.00,0.00,0.00,0.00,0.00,0.00",,0.00,0.00,,
3d bikini anime babes porn,,0,"0.00,0.00,0.00,0.00,0.00,0.00,0.00,0.00,0.00,0.00,0.00,0.00",,0.00,0.00,,
3d bj porn animation,,0,"0.00,0.00,0.00,0.00,0.00,0.00,0.00,0.00,0.00,0.00,0.00,0.00",,0.00,0.00,,
3d blowjob animation porn,,0,"0.00,0.00,0.00,0.00,0.00,0.00,0.00,0.00,0.00,0.00,0.00,0.00",,0.00,0.00,,
3d bondage blowjob animated gifs porno,,0,"0.00,0.00,0.00,0.00,0.00,0.00,0.00,0.00,0.00,0.00,0.00,0.00",,0.00,0.00,,
3d brother sister porn animation,,0,"0.00,0.00,0.00,0.00,0.00,0.00,0.00,0.00,0.00,0.00,0.00,0.00",,0.00,0.00,,
3d cartoon animal sex porn,,0,"0.00,0.00,0.00,0.00,0.00,0.00,0.00,0.00,0.00,0.00,0.00,0.00",,0.00,0.00,,
3d cartoon animation boring royal party blonde porn,,0,"0.00,0.00,0.00,0.00,0.00,0.00,0.00,0.00,0.00,0.00,0.00,0.00",,0.00,0.00,,
3d cartoon animation incest porn,,0,"0.00,0.00,0.00,0.00,0.00,0.00,0.00,0.00,0.00,0.00,0.00,0.00",,0.00,0.00,,
3d cartoon animation porn sites,,0,"0.00,0.00,0.00,0.00,0.00,0.00,0.00,0.00,0.00,0.00,0.00,0.00",,0.00,0.00,,
3d cartoon animation porn tubes,,0,"0.00,0.00,0.00,0.00,0.00,0.00,0.00,0.00,0.00,0.00,0.00,0.00",,0.00,0.00,,
3d cartoon anime porn young boy older mom,,0,"0.00,0.00,0.00,0.00,0.00,0.00,0.00,0.00,0.00,0.00,0.00,0.00",,0.00,0.00,,
3d cartoon girl fucks animal porn,,0,"0.00,0.00,0.00,0.00,0.00,0.00,0.00,0.00,0.00,0.00,0.00,0.00",,0.00,0.00,,
3d cartoon porn animation,,0,"0.00,0.00,0.00,0.00,0.00,0.00,0.00,0.00,0.00,0.00,0.00,0.00",,0.00,0.00,,
3d cartoon porn animations late night shower,,0,"0.00,0.00,0.00,0.00,0.00,0.00,0.00,0.00,0.00,0.00,0.00,0.00",,0.00,0.00,,
3d cartoon porn disney animation,,0,"0.00,0.00,0.00,0.00,0.00,0.00,0.00,0.00,0.00,0.00,0.00,0.00",,0.00,0.00,,
3d centaur animation porn,,0,"0.00,0.00,0.00,0.00,0.00,0.00,0.00,0.00,0.00,0.00,0.00,0.00",,0.00,0.00,,
3d cg xxx animation porn,,0,"0.00,0.00,0.00,0.00,0.00,0.00,0.00,0.00,0.00,0.00,0.00,0.00",,0.00,0.00,,
3d cgi animated monster invades throat porn,,0,"0.00,0.00,0.00,0.00,0.00,0.00,0.00,0.00,0.00,0.00,0.00,0.00",,0.00,0.00,,
3d cgi animated porn,,0,"0.00,0.00,0.00,0.00,0.00,0.00,0.00,0.00,0.00,0.00,0.00,0.00",,0.00,0.00,,
3d cgi animation blowjob porn video,,0,"0.00,0.00,0.00,0.00,0.00,0.00,0.00,0.00,0.00,0.00,0.00,0.00",,0.00,0.00,,
3d cgi animation forced porn video,,0,"0.00,0.00,0.00,0.00,0.00,0.00,0.00,0.00,0.00,0.00,0.00,0.00",,0.00,0.00,,
3d cgi animation forced sex porn video,,0,"0.00,0.00,0.00,0.00,0.00,0.00,0.00,0.00,0.00,0.00,0.00,0.00",,0.00,0.00,,
3d cgi anime dog porn,,0,"0.00,0.00,0.00,0.00,0.00,0.00,0.00,0.00,0.00,0.00,0.00,0.00",,0.00,0.00,,
3d cgi anime female dog monster rape porn,,0,"0.00,0.00,0.00,0.00,0.00,0.00,0.00,0.00,0.00,0.00,0.00,0.00",,0.00,0.00,,
3d cgi anime female orc dog monster rape porn,,0,"0.00,0.00,0.00,0.00,0.00,0.00,0.00,0.00,0.00,0.00,0.00,0.00",,0.00,0.00,,
3d cgi anime female orc monster rape porn,,0,"0.00,0.00,0.00,0.00,0.00,0.00,0.00,0.00,0.00,0.00,0.00,0.00",,0.00,0.00,,
3d cgi anime hardcore porn,,0,"0.00,0.00,0.00,0.00,0.00,0.00,0.00,0.00,0.00,0.00,0.00,0.00",,0.00,0.00,,
3d cgi anime porn,,0,"0.00,0.00,0.00,0.00,0.00,0.00,0.00,0.00,0.00,0.00,0.00,0.00",,0.00,0.00,,
3d cgi lara with animals porn,,0,"0.00,0.00,0.00,0.00,0.00,0.00,0.00,0.00,0.00,0.00,0.00,0.00",,0.00,0.00,,
3d character porn good animation,,0,"0.00,0.00,0.00,0.00,0.00,0.00,0.00,0.00,0.00,0.00,0.00,0.00",,0.00,0.00,,
3d comics animal porn,,0,"0.00,0.00,0.00,0.00,0.00,0.00,0.00,0.00,0.00,0.00,0.00,0.00",,0.00,0.00,,
3d computer anime teen porn,,0,"0.00,0.00,0.00,0.00,0.00,0.00,0.00,0.00,0.00,0.00,0.00,0.00",,0.00,0.00,,
3d computer graphic animation porn,,0,"0.00,0.00,0.00,0.00,0.00,0.00,0.00,0.00,0.00,0.00,0.00,0.00",,0.00,0.00,,
3d computer-animated hd porn,,0,"0.00,0.00,0.00,0.00,0.00,0.00,0.00,0.00,0.00,0.00,0.00,0.00",,0.00,0.00,,
3d cum animation porn,,0,"0.00,0.00,0.00,0.00,0.00,0.00,0.00,0.00,0.00,0.00,0.00,0.00",,0.00,0.00,,
3d cute anime porn,,0,"0.00,0.00,0.00,0.00,0.00,0.00,0.00,0.00,0.00,0.00,0.00,0.00",,0.00,0.00,,
3d disney animal porn,,0,"0.00,0.00,0.00,0.00,0.00,0.00,0.00,0.00,0.00,0.00,0.00,0.00",,0.00,0.00,,
3d dog porn animation,,0,"0.00,0.00,0.00,0.00,0.00,0.00,0.00,0.00,0.00,0.00,0.00,0.00",,0.00,0.00,,
3d donkey sex animation porn,,0,"0.00,0.00,0.00,0.00,0.00,0.00,0.00,0.00,0.00,0.00,0.00,0.00",,0.00,0.00,,
3d elsa frozen animated porn gif,,0,"0.00,0.00,0.00,0.00,0.00,0.00,0.00,0.00,0.00,0.00,0.00,0.00",,0.00,0.00,,
3d english speaking hd anime porn,,0,"0.00,0.00,0.00,0.00,0.00,0.00,0.00,0.00,0.00,0.00,0.00,0.00",,0.00,0.00,,
3d evil animated porn tumblr,,0,"0.00,0.00,0.00,0.00,0.00,0.00,0.00,0.00,0.00,0.00,0.00,0.00",,0.00,0.00,,
3d expansion animation art growth porn dillan,,0,"0.00,0.00,0.00,0.00,0.00,0.00,0.00,0.00,0.00,0.00,0.00,0.00",,0.00,0.00,,
3d family fun animated porn,,0,"0.00,0.00,0.00,0.00,0.00,0.00,0.00,0.00,0.00,0.00,0.00,0.00",,0.00,0.00,,
3d fantasy animated porn,,0,"0.00,0.00,0.00,0.00,0.00,0.00,0.00,0.00,0.00,0.00,0.00,0.00",,0.00,0.00,,
3d father loves daughter animated porn,,0,"0.00,0.00,0.00,0.00,0.00,0.00,0.00,0.00,0.00,0.00,0.00,0.00",,0.00,0.00,,
3d father loves teen daughter animated porn,,0,"0.00,0.00,0.00,0.00,0.00,0.00,0.00,0.00,0.00,0.00,0.00,0.00",,0.00,0.00,,
3d female animal porn,,0,"0.00,0.00,0.00,0.00,0.00,0.00,0.00,0.00,0.00,0.00,0.00,0.00",,0.00,0.00,,
3d femboy animation porn,,0,"0.00,0.00,0.00,0.00,0.00,0.00,0.00,0.00,0.00,0.00",,0.00,0.00,,
3d flat chest anime porn,,0,"0.00,0.00,0.00,0.00,0.00,0.00,0.00,0.00,0.00,0.00,0.00,0.00",,0.00,0.00,,
3d forbidden porn gifs animation,,0,"0.00,0.00,0.00,0.00,0.00,0.00,0.00,0.00,0.00,0.00,0.00,0.00",,0.00,0.00,,
3d forced blowjob animated gifs porno,,0,"0.00,0.00,0.00,0.00,0.00,0.00,0.00,0.00,0.00,0.00,0.00,0.00",,0.00,0.00,,
3d free hd anim porn,,0,"0.00,0.00,0.00,0.00,0.00,0.00,0.00,0.00,0.00,0.00,0.00,0.00",,0.00,0.00,,
3d free hd anime porn,,0,"0.00,0.00,0.00,0.00,0.00,0.00,0.00,0.00,0.00,0.00,0.00,0.00",,0.00,0.00,,
3d frozen animated porn gif,,0,"0.00,0.00,0.00,0.00,0.00,0.00,0.00,0.00,0.00,0.00,0.00,0.00",,0.00,0.00,,
3d fuck machine cartoon anime hentai big tits porn,,0,"0.00,0.00,0.00,0.00,0.00,0.00,0.00,0.00,0.00,0.00,0.00,0.00",,0.00,0.00,,
3d funari animated porn tube,,0,"0.00,0.00,0.00,0.00,0.00,0.00,0.00,0.00,0.00,0.00,0.00,0.00",,0.00,0.00,,
3d furry animation porn,,0,"0.00,0.00,0.00,0.00,0.00,0.00,0.00,0.00,0.00,0.00,0.00,0.00",,0.00,0.00,,
3d furry porn animated growth,,0,"0.00,0.00,0.00,0.00,0.00,0.00,0.00,0.00,0.00,0.00,0.00,0.00",,0.00,0.00,,
3d furry porn animation,,0,"0.00,0.00,0.00,0.00,0.00,0.00,0.00,0.00,0.00,0.00,0.00,1.00",,0.00,0.00,,
3d furry porn animations,,0,"0.00,0.00,0.00,0.00,0.00,0.00,0.00,0.00,0.00,0.00,0.00,0.00",,0.00,0.00,,
3d furry student coach red underwear porn animation,,0,"0.00,0.00,0.00,0.00,0.00,0.00,0.00,0.00,0.00,0.00,0.00,0.00",,0.00,0.00,,
3d furry student coach red underwear porn animation gay,,0,"0.00,0.00,0.00,0.00,0.00,0.00,0.00,0.00,0.00,0.00,0.00,0.00",,0.00,0.00,,
3d furry yiffalious porn animations,,0,"0.00,0.00,0.00,0.00,0.00,0.00,0.00,0.00,0.00,0.00,0.00,0.00",,0.00,0.00,,
3d futa animal porn,,0,"0.00,0.00,0.00,0.00,0.00,0.00,0.00,0.00,0.00,0.00,0.00,0.00",,0.00,0.00,,
3d futa animated porn,,0,"0.00,0.00,0.00,0.00,0.00,0.00,0.00,0.00,0.00,0.00,0.00,0.00",,0.00,0.00,,
3d futa animation cumshots porn,,0,"0.00,0.00,0.00,0.00,0.00,0.00,0.00,0.00,0.00,0.00,0.00,0.00",,0.00,0.00,,
3d futa anime porn,,0,"1.00,0.00,0.00,0.00,0.00,0.00,1.00,0.00,0.00,0.00,0.00,0.00",,0.00,0.00,,
3d futa cartoon e animation porn,,0,"0.00,0.00,0.00,0.00,0.00,0.00,0.00,0.00,0.00,0.00,0.00,0.00",,0.00,0.00,,
3d futa cartoon threesome animation porn,,0,"0.00,0.00,0.00,0.00,0.00,0.00,0.00,0.00,0.00,0.00,0.00,0.00",,0.00,0.00,,
3d futa porn animal cock,,0,"0.00,0.00,0.00,0.00,0.00,0.00,0.00,0.00,0.00,0.00,0.00,0.00",,0.00,0.00,,
3d futa porn animations,,0,"0.00,0.00,0.00,0.00,0.00,0.00,0.00,0.00,0.00,0.00,0.00",,0.00,0.00,,
3d futa porn anime,,0,"0.00,0.00,0.00,0.00,0.00,0.00,0.00,0.00,0.00,0.00,0.00,0.00",,0.00,0.00,,
3d futa taboo cartoon threesome animation porn,,0,"0.00,0.00,0.00,0.00,0.00,0.00,0.00,0.00,0.00,0.00,0.00,0.00",,0.00,0.00,,
3d futanari anime porn,,0,"0.00,0.00,0.00,0.00,0.00,1.00,0.00,0.00,0.00,0.00,0.00,0.00",,0.00,0.00,,
3d futanari porn animated gif,,0,"0.00,0.00,0.00,0.00,0.00,0.00,0.00,0.00,0.00,0.00,0.00,0.00",,0.00,0.00,,
3d futanari porn animation,,0,"0.00,0.00,0.00,0.00,0.00,0.00,0.00,0.00,1.00,0.00,0.00,0.00",,0.00,0.00,,
3d futanari sex in sauna - animation porn video,,0,"0.00,0.00,0.00,0.00,0.00,0.00,0.00,0.00,0.00,0.00,0.00,0.00",,0.00,0.00,,
3d futanari shemale family porn animation,,0,"0.00,0.00,0.00,0.00,0.00,0.00,0.00,0.00,0.00,0.00,0.00,0.00",,0.00,0.00,,
3d futuristic femdom porn animated,,0,"0.00,0.00,0.00,0.00,0.00,0.00,0.00,0.00,0.00,0.00,0.00,0.00",,0.00,0.00,,
3d game animation porn,,0,"0.00,0.00,0.00,0.00,0.00,0.00,0.00,0.00,0.00,0.00,0.00,0.00",,0.00,0.00,,
3d game porn animation,,0,"0.00,0.00,0.00,0.00,0.00,0.00,0.00,0.00,0.00,0.00,0.00,0.00",,0.00,0.00,,
3d gay animal porn,,0,"0.00,0.00,0.00,0.00,0.00,0.00,0.00,0.00,0.00,0.00,0.00,0.00",,0.00,0.00,,
3d gay animated cartoon porn,,0,"0.00,0.00,0.00,0.00,0.00,0.00,0.00,0.00,0.00,0.00,0.00,0.00",,0.00,0.00,,
3d gay animation porn penis monster,,0,"0.00,0.00,0.00,0.00,0.00,0.00,0.00,0.00,0.00,0.00,0.00,0.00",,0.00,0.00,,
3d gay daddy porn animated,,0,"0.00,0.00,0.00,0.00,0.00,0.00,0.00,0.00,0.00,0.00,0.00,0.00",,0.00,0.00,,
3d gay demon porn anime,,0,"0.00,0.00,0.00,0.00,0.00,0.00,0.00,0.00,0.00,0.00,0.00,0.00",,0.00,0.00,,
3d gay male porn dragon age gif sfm animated,,0,"0.00,0.00,0.00,0.00,0.00,0.00,0.00,0.00,0.00,0.00,0.00,0.00",,0.00,0.00,,
3d gay porn animal,,0,"0.00,0.00,0.00,0.00,0.00,0.00,0.00,0.00,0.00,0.00,0.00,0.00",,0.00,0.00,,
3d gay porn animations,,0,"0.00,0.00,0.00,0.00,0.00,0.00,0.00,0.00,0.00,0.00,0.00,0.00",,0.00,0.00,,
3d gay teen porn animation,,0,"0.00,0.00,0.00,0.00,0.00,0.00,0.00,0.00,0.00,0.00,0.00,0.00",,0.00,0.00,,
3d giant lips animated porn,,0,"0.00,0.00,0.00,0.00,0.00,0.00,0.00,0.00,0.00,0.00,0.00,0.00",,0.00,0.00,,
3d gif animated porn,,0,"0.00,0.00,0.00,0.00,0.00,0.00,0.00,0.00,0.00,0.00,0.00,0.00",,0.00,0.00,,
3d gif animation porn,,0,"0.00,0.00,0.00,0.00,0.00,0.00,0.00,0.00,0.00,0.00,0.00,0.00",,0.00,0.00,,
3d gif animation shemale porn,,0,"0.00,0.00,0.00,0.00,0.00,0.00,0.00,0.00,0.00,0.00,0.00,0.00",,0.00,0.00,,
3d girl animated deviiant porn gif,,0,"0.00,0.00,0.00,0.00,0.00,0.00,0.00,0.00,0.00,0.00,0.00,0.00",,0.00,0.00,,
3d girl blowjob close up animated gifs porno,,0,"0.00,0.00,0.00,0.00,0.00,0.00,0.00,0.00,0.00,0.00,0.00,0.00",,0.00,0.00,,
3d girl masturbates watching anime porn,,0,"0.00,0.00,0.00,0.00,0.00,0.00,0.00,0.00,0.00,0.00,0.00,0.00",,0.00,0.00,,
3d grandma animation porn,,0,"0.00,0.00,0.00,0.00,0.00,0.00,0.00,0.00,0.00,0.00,0.00,0.00",,0.00,0.00,,
3d graphic animal porn,,0,"0.00,0.00,0.00,0.00,0.00,0.00,0.00,0.00,0.00,0.00,0.00,0.00",,0.00,0.00,,
3d gym anime babe porn,,0,"0.00,0.00,0.00,0.00,0.00,0.00,0.00,0.00,0.00,0.00,0.00,0.00",,0.00,0.00,,
3d gym anime babe porn xvideos,,0,"0.00,0.00,0.00,0.00,0.00,0.00,0.00,0.00,0.00,0.00,0.00,0.00",,0.00,0.00,,
3d hardcore anime porn,,0,"0.00,0.00,0.00,0.00,0.00,0.00,0.00,0.00,0.00,0.00,0.00,1.00",,0.00,0.00,,
3d hd animation hard core porn movi,,0,"0.00,0.00,0.00,0.00,0.00,0.00,0.00,0.00,0.00,0.00,0.00,0.00",,0.00,0.00,,
3d hd animation hard core porn movy,,0,"0.00,0.00,0.00,0.00,0.00,0.00,0.00,0.00,0.00,0.00,0.00,0.00",,0.00,0.00,,
3d hd animation porn,,0,"0.00,0.00,0.00,0.00,0.00,0.00,0.00,0.00,0.00,0.00,0.00,0.00",,0.00,0.33,,
3d hd gay anime porn,,0,"0.00,0.00,0.00,0.00,0.00,0.00,0.00,0.00,0.00,0.00,0.00,0.00",,0.00,0.00,,
3d hd hentai anime porn,,0,"0.00,0.00,0.00,0.00,0.00",,0.00,0.00,,
3d henia animated porn tube,,0,"0.00,0.00,0.00,0.00,0.00,0.00,0.00,0.00,0.00,0.00,0.00,0.00",,0.00,0.00,,
3d hentai animal porn,,0,"0.00,0.00,0.00,0.00,0.00,0.00,0.00,0.00,0.00,0.00,0.00,0.00",,0.00,0.00,,
3d hentai animal porn xxx,,0,"0.00,0.00,0.00,0.00,0.00,0.00,0.00,0.00,0.00,0.00,0.00,0.00",,0.00,0.00,,
3d hentai animated porn,,0,"0.00,0.00,0.00,0.00,0.00,0.00,0.00,0.00,0.00,0.00,0.00,0.00",,0.00,0.00,,
3d hentai animated porn sites,,0,"1.00,0.00",,0.00,0.00,,
3d hentai animation porn,,0,"0.00,0.00,0.00,0.00,0.00,0.00,0.00,0.00,0.00,0.00,0.00,0.00",,0.00,0.00,,
3d hentai anime assistant porn,,0,"0.00,0.00,0.00,0.00,0.00,0.00,0.00,0.00,0.00,0.00,0.00,0.00",,0.00,0.00,,
3d hentai anime brother sister porn videos,,0,"0.00,0.00,0.00,0.00,0.00,0.00,0.00,0.00,0.00,0.00,0.00,0.00",,0.00,0.00,,
3d hentai anime porn,,0,"0.00,0.00,0.00,0.00,0.00,0.00,0.00,0.00,0.00,0.00,0.00,0.00",,0.00,0.00,,
3d hentai anime porn mom,,0,"0.00,0.00,0.00,0.00,0.00,0.00,0.00,0.00,0.00,0.00,0.00,0.00",,0.00,0.00,,
3d hentai anime porn movies,,0,"0.00,0.00,0.00,0.00,0.00,0.00,0.00,0.00,0.00,0.00,0.00,0.00",,0.00,0.00,,
3d hentai anime porn shemale,,0,"0.00,0.00,0.00,0.00,0.00,0.00,0.00,0.00,0.00,0.00,0.00,0.00",,0.00,0.00,,
3d hentai anime porno,,0,"0.00,0.00,0.00,0.00,0.00,0.00,0.00,0.00,0.00,0.00,0.00,0.00",,0.00,0.00,,
3d hentai brutal anime porn,,0,"0.00,0.00,0.00,0.00,0.00,0.00,0.00,0.00,0.00,0.00,0.00,0.00",,0.00,0.00,,
3d hentai lolicon animated dog porn,,0,"0.00,0.00,0.00,0.00,0.00,0.00,0.00,0.00,0.00,0.00,0.00,0.00",,0.00,0.00,,
3d hentai porn animation,,0,"0.00,0.00,0.00,0.00,1.00,0.00,0.00,0.00,0.00,0.00,0.00,0.00",,0.00,0.00,,
3d hentai porn anime,,0,"0.00,0.00,0.00,0.00,0.00,0.00,0.00,0.00,0.00,0.00,0.00,0.00",,0.00,0.00,,
3d hentai porn big boobs tits anime maid,,0,"0.00,0.00,0.00,0.00,0.00,0.00,0.00,0.00,0.00,0.00,0.00,0.00",,0.00,0.00,,
3d hentai porn big boobs tits anime titfuck,,0,"0.00,0.00,0.00,0.00,0.00,0.00,0.00,0.00,0.00,0.00,0.00,0.00",,0.00,0.00,,
3d hentaiporn free dead or alive porn anime xxx fil,,0,"0.00,0.00,0.00,0.00,0.00,0.00,0.00,0.00,0.00,0.00,0.00,0.00",,0.00,0.00,,
3d hentia bound blowjob animated gifs porno,,0,"0.00,0.00,0.00,0.00,0.00,0.00,0.00,0.00,0.00,0.00,0.00,0.00",,0.00,0.00,,
3d hentia crying anal pain porno animated gifs,,0,"0.00,0.00,0.00,0.00,0.00,0.00,0.00,0.00,0.00,0.00,0.00,0.00",,0.00,0.00,,
3d hentia crying forced anal porno animated gifs,,0,"0.00,0.00,0.00,0.00,0.00,0.00,0.00,0.00,0.00,0.00,0.00,0.00",,0.00,0.00,,
3d hentia dominatrix animated gifs porno,,0,"0.00,0.00,0.00,0.00,0.00,0.00,0.00,0.00,0.00,0.00,0.00,0.00",,0.00,0.00,,
3d hentia face fuck animated gifs porno,,0,"0.00,0.00,0.00,0.00,0.00,0.00,0.00,0.00,0.00,0.00,0.00,0.00",,0.00,0.00,,
3d hentia femdom animated gifs porno,,0,"0.00,0.00,0.00,0.00,0.00,0.00,0.00,0.00,0.00,0.00,0.00,0.00",,0.00,0.00,,
3d hentia forcec sex animated gifs porno,,0,"0.00,0.00,0.00,0.00,0.00,0.00,0.00,0.00,0.00,0.00,0.00,0.00",,0.00,0.00,,
3d hentia forced anal porno animated gifs,,0,"0.00,0.00,0.00,0.00,0.00,0.00,0.00,0.00,0.00,0.00,0.00,0.00",,0.00,0.00,,
3d hentia forced blowjob animated gifs porno,,0,"0.00,0.00,0.00,0.00,0.00,0.00,0.00,0.00,0.00,0.00,0.00,0.00",,0.00,0.00,,
3d hentia ring gagged animated gifs porno,,0,"0.00,0.00,0.00,0.00,0.00,0.00,0.00,0.00,0.00,0.00,0.00,0.00",,0.00,0.00,,
3d hentia tface fuck animated gifs porno,,0,"0.00,0.00,0.00,0.00,0.00,0.00,0.00,0.00,0.00,0.00,0.00,0.00",,0.00,0.00,,
3d hentia tied up face fuck animated gifs porno,,0,"0.00,0.00,0.00,0.00,0.00,0.00,0.00,0.00,0.00,0.00,0.00,0.00",,0.00,0.00,,
3d hot anime porn,,0,"0.00,0.00,0.00,0.00,0.00,0.00,0.00,0.00,0.00,0.00,0.00,0.00",,0.00,0.00,,
3d huge animal cock fucks tiny pussy video porn,,0,"0.00,0.00,0.00,0.00,0.00,0.00,0.00,0.00,0.00,0.00,0.00,0.00",,0.00,0.00,,
3d human animal porn,,0,"0.00,0.00,0.00,0.00,0.00,0.00,0.00,0.00,0.00,0.00,0.00,0.00",,0.00,0.00,,
3d huntai animal porn,,0,"0.00,0.00,0.00,0.00,0.00,0.00,0.00,0.00,0.00,0.00,0.00,0.00",,0.00,0.00,,
3d incest animated porn,,0,"0.00,0.00,0.00,0.00,0.00,0.00,0.00,0.00,0.00,0.00,0.00,0.00",,0.00,0.00,,
3d incest animation porn,,0,"0.00,0.00,0.00,0.00,0.00,0.00,0.00,0.00,0.00,0.00,0.00,0.00",,0.00,0.00,,
3d incest anime porn,,0,"0.00,0.00,0.00,0.00,0.00,0.00,0.00,0.00,0.00,0.00,0.00,0.00",,0.00,0.00,,
3d incest porn animated,,0,"0.00,0.00,0.00,0.00,0.00,0.00,0.00,0.00,0.00,0.00,0.00,0.00",,0.00,0.00,,
3d incest porn animation,,0,"0.00,0.00,0.00,0.00,0.00,0.00,0.00,0.00,0.00,0.00,0.00,0.00",,0.00,0.00,,
3d japanese porn animation,,0,"0.00,0.00,0.00,0.00,0.00,0.00,0.00,0.00,0.00,0.00,0.00,0.00",,0.00,0.00,,
3d kinky animated porn,,0,"0.00,0.00,0.00,0.00,0.00,0.00,0.00,0.00,0.00,0.00,0.00,0.00",,0.00,0.00,,
3d kinky animated porn besties,,0,"0.00,0.00,0.00,0.00,0.00,0.00,0.00,0.00,0.00,0.00,0.00,0.00",,0.00,0.00,,
3d knight anime porn,,0,"0.00,0.00,0.00,0.00,0.00,0.00,0.00,0.00,0.00,0.00,0.00,0.00",,0.00,0.00,,
3d lara croft anime porn,,0,"0.00,0.00,0.00,0.00,0.00,0.00,0.00,0.00,0.00,0.00,0.00,0.00",,0.00,0.00,,
3d lara croft porn animal,,0,"0.00,0.00,0.00,0.00,0.00,0.00,0.00,0.00,0.00,0.00,0.00,0.00",,0.00,0.00,,
3d lesbian animated porn,,0,"0.00,0.00,0.00,0.00,0.00,0.00,0.00,0.00,0.00,0.00,0.00,0.00",,0.00,0.00,,
3d lesbian animation hard porn,,0,"0.00,0.00,0.00,0.00,0.00,0.00,0.00,0.00,0.00,0.00,0.00,0.00",,0.00,0.00,,
3d lesbian animation porn,,0,"0.00,0.00,0.00,0.00,0.00,0.00,0.00,0.00,0.00,0.00,0.00,0.00",,0.00,0.00,,
3d lesbian animation seductiin hard porn,,0,"0.00,0.00,0.00,0.00,0.00,0.00,0.00,0.00,0.00,0.00,0.00,0.00",,0.00,0.00,,
3d lesbian animation seduction hard porn,,0,"0.00,0.00,0.00,0.00,0.00,0.00,0.00,0.00,0.00,0.00,0.00,0.00",,0.00,0.00,,
3d lesbian anime porn uncensored,,0,"0.00,0.00,0.00,0.00,0.00,0.00,0.00,0.00,0.00,0.00,0.00,0.00",,0.00,0.00,,
3d lesbian anime porno,,0,"0.00,0.00,0.00,0.00,0.00,0.00,0.00,0.00,0.00,0.00,0.00,0.00",,0.00,0.00,,
3d lesbian anime toon porn,,0,"0.00,0.00,0.00,0.00,0.00,0.00,0.00,0.00,0.00,0.00,0.00,0.00",,0.00,0.00,,
3d lesbian porn animated,,0,"0.00,0.00,0.00,0.00,0.00,0.00,0.00,0.00,0.00,0.00,0.00,0.00",,0.00,0.00,,
3d lesbian porn animated gif,,0,"0.00,0.00,0.00,0.00,0.00,0.00,0.00,0.00,0.00,0.00,0.00,0.00",,0.00,0.00,,
3d lesbian porn trib animated gif,,0,"0.00,0.00,0.00,0.00,0.00,0.00,0.00,0.00,0.00,0.00,0.00,0.00",,0.00,0.00,,
3d lesbian strapon animation porn,,0,"0.00,0.00,0.00,0.00,0.00,0.00,0.00,0.00,0.00,0.00,0.00,0.00",,0.00,0.00,,
3d lezdom animated gifs porno,,0,"0.00,0.00,0.00,0.00,0.00,0.00,0.00,0.00,0.00,0.00,0.00,0.00",,0.00,0.00,,
3d little boy porn animated,,0,"0.00,0.00,0.00,0.00,0.00,0.00,0.00,0.00,0.00,0.00,0.00,0.00",,0.00,0.00,,
3d loli animated porn,,0,"0.00,0.00,0.00,0.00,0.00,0.00,0.00,0.00,0.00,0.00,0.00,0.00",,0.00,0.00,,
3d loli animation hentai porn,,0,"0.00,0.00,0.00,0.00,0.00,0.00,0.00,0.00,0.00,0.00,0.00,0.00",,0.00,0.00,,
3d loli animation porn,,0,"0.00,0.00,0.00,0.00,0.00,0.00,0.00,0.00,0.00,0.00,0.00,0.00",,0.00,0.00,,
3d loli anime porn,,0,"0.00,0.00,0.00,0.00,0.00,0.00,0.00,0.00,0.00,0.00,0.00,0.00",,0.00,0.00,,
3d loli hentai animation porn,,0,"0.00,0.00,0.00,0.00,0.00,0.00,0.00,0.00,0.00,0.00,0.00,0.00",,0.00,0.00,,
3d lolicon animated porn,,0,"0.00,0.00,0.00,0.00,0.00,0.00,0.00,0.00,0.00,0.00,0.00,0.00",,0.00,0.00,,
3d lolicon animated porn gif,,0,"0.00,0.00,0.00,0.00,0.00,0.00,0.00,0.00,0.00,0.00,0.00,0.00",,0.00,0.00,,
3d lolicon anime porn,,0,"0.00,0.00,0.00,0.00,0.00,0.00,0.00,0.00,0.00,0.00,0.00,0.00",,0.00,0.00,,
3d lora croft porn animal,,0,"0.00,0.00,0.00,0.00,0.00,0.00,0.00,0.00,0.00,0.00,0.00,0.00",,0.00,0.00,,
3d milf animation porn,,0,"0.00,0.00,0.00,0.00,0.00,0.00,0.00,0.00,0.00,0.00,0.00,0.00",,0.00,0.00,,
3d milf porn animation,,0,"0.00,0.00,0.00,0.00,0.00,0.00,0.00,0.00,0.00,0.00,0.00,0.00",,0.00,0.00,,
3d missionary animation porn,,0,"0.00,0.00,0.00,0.00,0.00,0.00,0.00,0.00,0.00,0.00,0.00,0.00",,0.00,0.00,,
3d modles for porn animators,,0,"0.00,0.00,0.00,0.00,0.00,0.00,0.00,0.00,0.00,0.00,0.00,0.00",,0.00,0.00,,
3d mom anime porn,,0,"0.00,0.00,0.00,0.00,0.00,0.00,0.00,0.00,0.00,0.00,0.00,0.00",,0.00,0.00,,
3d monster anima porn,,0,"0.00,0.00,0.00,0.00,0.00,0.00,0.00,0.00,0.00,0.00,0.00,0.00",,0.00,0.00,,
3d monster animal porn,,0,"0.00,0.00,0.00,0.00,0.00,0.00,0.00,0.00,0.00,0.00,0.00,0.00",,0.00,0.00,,
3d monster fuck vore animation porn,,0,"0.00,0.00,0.00,0.00,0.00,0.00,0.00,0.00,0.00,0.00,0.00,0.00",,0.00,0.00,,
3d monster gislea anime porn tumblr,,0,"0.00,0.00,0.00,0.00,0.00,0.00,0.00,0.00,0.00,0.00,0.00,0.00",,0.00,0.00,,
3d monster insect fuck vore animation porn,,0,"0.00,0.00,0.00,0.00,0.00,0.00,0.00,0.00,0.00,0.00,0.00,0.00",,0.00,0.00,,
3d monster porn animated gif,,0,"0.00,0.00,0.00,0.00,0.00,0.00,0.00,0.00,0.00,0.00,0.00,0.00",,0.00,0.00,,
3d monster porn animations,,0,"0.00,0.00,0.00,0.00,0.00,0.00,0.00,0.00,0.00,0.00,0.00,0.00",,0.00,0.00,,
3d monster porn anime,,0,"0.00,0.00,0.00,0.00,0.00,0.00,0.00,0.00,0.00,0.00,0.00,0.00",,0.00,0.00,,
3d movies like porn silence animated,,0,"0.00,0.00,0.00,0.00,0.00,0.00,0.00,0.00,0.00,0.00,0.00,0.00",,0.00,0.00,,
3d og anime porn,,0,"0.00,0.00,0.00,0.00,0.00,0.00,0.00,0.00,0.00,0.00,0.00,0.00",,0.00,0.00,,
3d ogre anime porn,,0,"0.00,0.00,0.00,0.00,0.00,0.00,0.00,0.00,0.00,0.00,0.00,0.00",,0.00,0.00,,
3d over lord anime porn video,,0,"0.00,0.00,0.00,0.00,0.00,0.00,0.00,0.00,0.00,0.00,0.00,0.00",,0.00,0.00,,
3d overwatch animated porn,,0,"0.00,0.00,0.00,0.00,0.00,0.00,0.00,0.00,0.00,0.00,0.00,0.00",,0.00,0.00,,
3d penetration anime porn,,0,"0.00,0.00,0.00,0.00,0.00,0.00,0.00,0.00,0.00,0.00,0.00,0.00",,0.00,0.00,,
3d penis animation porn,,0,"0.00,0.00,0.00,0.00,0.00,0.00,0.00,0.00,0.00,0.00,0.00,0.00",,0.00,0.00,,
3d petite women animated porn,,0,"0.00,0.00,0.00,0.00,0.00,0.00,0.00,0.00,0.00,0.00,0.00,0.00",,0.00,0.00,,
3d pooping animation porn video,,0,"0.00,0.00,0.00,0.00,0.00,0.00,0.00,0.00,0.00,0.00,0.00,0.00",,0.00,0.00,,
3d porn and evil horror anim,,0,"0.00,0.00,0.00,0.00,0.00,0.00,0.00,0.00,0.00,0.00,0.00,0.00",,0.00,0.00,,
3d porn and evil horror anime,,0,"0.00,0.00,0.00,0.00,0.00,0.00,0.00,0.00,0.00,0.00,0.00,0.00",,0.00,0.00,,
3d porn anim,,0,"0.00,0.00,0.00,0.00,0.00,0.00,0.00,0.00,0.00,0.00,0.00,1.00",,0.00,0.00,,
3d porn anima,,0,"0.00,0.00,0.00,0.00,0.00,0.00,0.00,0.00,0.00,0.00,0.00,0.00",,0.00,0.00,,
3d porn animal comics,,0,"0.00,0.00,0.00,0.00,0.00,0.00,0.00,0.00,0.00,0.00,0.00,0.00",,0.00,0.00,,
3d porn animal porn,,0,"0.00,0.00,0.00,0.00,0.00,0.00,0.00,0.00,0.00,0.00,0.00,0.00",,0.00,0.00,,
3d porn animate,,0,"0.00,0.00,0.00,0.00,0.00,0.00,0.00,0.00,0.00,0.00,0.00,0.00",,0.00,0.00,,
3d porn animated fullmetal,,0,"0.00,0.00,0.00,0.00,0.00,0.00,0.00,0.00,0.00,0.00,0.00,0.00",,0.00,0.00,,
3d porn animated game,,0,"0.00,0.00,0.00,0.00,0.00,0.00,0.00,0.00,0.00,0.00,0.00,0.00",,0.00,0.00,,
3d porn animated games,,0,"0.00,0.00,0.00,1.00,0.00,0.00,0.00,0.00,0.00,0.00,0.00,0.00",,0.00,0.00,,
3d porn animated games android,,0,"0.00,0.00,0.00,0.00,0.00,0.00,0.00,0.00,0.00,0.00,0.00,0.00",,0.00,0.00,,
3d porn animated gif,,0,"0.00,0.00,0.00,0.00,0.00,0.00,0.00,0.00,0.00,0.00,0.00,0.00",,0.00,0.00,,
3d porn animated gif sara,,0,"0.00,0.00,0.00,0.00,0.00,0.00,0.00,0.00,0.00,0.00,0.00,0.00",,0.00,0.00,,
3d porn animated gifs,,0,"0.00,0.00,0.00,0.00,0.00,0.00,0.00,0.00,0.00,0.00,0.00,0.00",,0.00,0.00,,
3d porn animated most realistic porn,,0,"0.00,0.00,0.00,0.00,0.00,0.00,0.00,0.00,0.00,0.00,0.00,0.00",,0.00,0.00,,
3d porn animated sombra,,0,"0.00,0.00,0.00,0.00,0.00,0.00,0.00,0.00,0.00,0.00,0.00,0.00",,0.00,0.00,,
3d porn animated winry,,0,"0.00,0.00,0.00,0.00,0.00,0.00,0.00,0.00,0.00,0.00,0.00,0.00",,0.00,0.00,,
3d porn animated witches conneticut yankee,,0,"0.00,0.00,0.00,0.00,0.00,0.00,0.00,0.00,0.00,0.00,0.00,0.00",,0.00,0.00,,
3d porn animated witches hang connecticut yankee,,0,"0.00,0.00,0.00,0.00,0.00,0.00,0.00,0.00,0.00,0.00,0.00,0.00",,0.00,0.00,,
3d porn animated witches hang conneticut yankee,,0,"0.00,0.00,0.00,0.00,0.00,0.00,0.00,0.00,0.00,0.00,0.00,0.00",,0.00,0.00,,
3d porn animation - mother's warmth,,0,"0.00,0.00,0.00,0.00,0.00,0.00,0.00,0.00,0.00,0.00,0.00,0.00",,0.00,0.00,,
3d porn animation - mother's warmth chapter 3,,0,"0.00,0.00,0.00,0.00,0.00,0.00,0.00,0.00,0.00,0.00,0.00,0.00",,0.00,0.00,,
3d porn animation ad,,0,"0.00,0.00,0.00,0.00,0.00,0.00,0.00,0.00,0.00,0.00,0.00,0.00",,0.00,0.00,,
3d porn animation ai,,0,0.00,,0.00,0.00,,
3d porn animation arab chicks,,0,"0.00,0.00,0.00,0.00,0.00,0.00,0.00,0.00,0.00,0.00,0.00,0.00",,0.00,0.00,,
3d porn animation artists,,0,"0.00,0.00,0.00,0.00,0.00,0.00,0.00,0.00,0.00,0.00,0.00,0.00",,0.00,0.00,,
3d porn animation back car dress carseat,,0,"0.00,0.00,0.00,0.00,0.00,0.00,0.00,0.00,0.00,0.00,0.00,0.00",,0.00,0.00,,
3d porn animation creampie,,0,"0.00,0.00,0.00,0.00,0.00,0.00,0.00,0.00,0.00,0.00,0.00,0.00",,0.00,0.00,,
3d porn animation cum,,0,"0.00,0.00,0.00,0.00,0.00,0.00,0.00,0.00,0.00,0.00,0.00,0.00",,0.00,0.00,,
3d porn animation deamon devil ritual,,0,"0.00,0.00,0.00,0.00,0.00,0.00,0.00,0.00,0.00,0.00,0.00,0.00",,0.00,0.00,,
3d porn animation demon devil ritual,,0,"0.00,0.00,0.00,0.00,0.00,0.00,0.00,0.00,0.00,0.00,0.00,0.00",,0.00,0.00,,
3d porn animation download,,0,"0.00,0.00,0.00,0.00,0.00,0.00,0.00,0.00,0.00,0.00,0.00,0.00",,0.00,0.00,,
3d porn animation forum,,0,"0.00,0.00,0.00,0.00,0.00,0.00,0.00,0.00,0.00,0.00,0.00,0.00",,0.00,0.00,,
3d porn animation full,,0,"0.00,0.00,0.00,0.00,0.00,0.00,0.00,0.00,0.00,0.00,0.00,0.00",,0.00,0.00,,
3d porn animation games,,0,"0.00,0.00,0.00,0.00,0.00,0.00,0.00,0.00,0.00,0.00,0.00,0.00",,0.00,0.00,,
3d porn animation games android,,0,"0.00,0.00,0.00,0.00,0.00,0.00,0.00,0.00,0.00,0.00,0.00,0.00",,0.00,0.00,,
3d porn animation gay,,0,"0.00,0.00,0.00,0.00,0.00,0.00,0.00,0.00,0.00,0.00,0.00,0.00",,0.00,0.00,,
3d porn animation gif,,0,"0.00,0.00,0.00,0.00,0.00,0.00,0.00,0.00,0.00,0.00,0.00,0.00",,0.00,0.00,,
3d porn animation gifs,,0,"0.00,0.00,0.00,0.00,0.00,0.00,0.00,0.00,0.00,0.00,0.00,0.00",,0.00,0.00,,
3d porn animation hd,,0,"0.00,0.00,0.00,0.00,0.00,0.00,0.00,0.00,0.00,0.00,0.00,0.00",,0.00,0.00,,
3d porn animation hentai,,0,"0.00,0.00,0.00,0.00,0.00,0.00,0.00,0.00,0.00,0.00,0.00,0.00",,0.00,0.00,,
3d porn animation incest,,0,"1.00,0.00,0.00,0.00,0.00,0.00,0.00,0.00,0.00",,0.00,0.00,,
3d porn animation interracial,,0,"0.00,0.00,0.00,0.00,0.00,0.00,0.00,0.00,0.00,0.00,0.00,0.00",,0.00,0.00,,
3d porn animation milf,,0,"0.00,0.00,0.00,0.00,0.00,0.00,0.00,0.00,0.00,0.00,0.00,0.00",,0.00,0.00,,
3d porn animation movie,,0,"0.00,0.00,0.00,1.00,0.00,0.00,0.00,0.00,0.00,0.00,0.00,0.00",,0.00,0.00,,
3d porn animation music video,,0,"0.00,0.00,0.00,0.00,0.00,0.00,0.00,0.00,0.00,0.00,0.00,0.00",,0.00,0.00,,
3d porn animation pov,,0,"0.00,0.00,0.00,0.00,0.00,0.00,0.00,0.00,0.00,0.00,0.00,0.00",,0.00,0.00,,
3d porn animation reddit,,0,"0.00,0.00,0.00,0.00,0.00,0.00,0.00,0.00,0.00,0.00,0.00,0.00",,0.00,0.00,,
3d porn animation sam,,0,"0.00,0.00,0.00,0.00,0.00,0.00,0.00,0.00,0.00,0.00,0.00,0.00",,0.00,0.00,,
3d porn animation site,,0,"0.00,0.00,0.00,0.00,0.00,0.00,0.00,0.00,0.00,0.00,0.00,0.00",,0.00,0.00,,
3d porn animation sites,,0,"0.00,0.00,0.00,0.00,0.00,0.00,0.00,0.00,0.00,0.00,0.00,0.00",,0.00,0.00,,
3d porn animation story,,0,"0.00,0.00,0.00,0.00,0.00,0.00,0.00,0.00,0.00,0.00,0.00,0.00",,0.00,0.00,,
3d porn animation studio,,0,"0.00,0.00,0.00,0.00,0.00,0.00,0.00,0.00,0.00,0.00,0.00,0.00",,0.00,0.00,,
3d porn animation team,,0,"0.00,0.00,0.00,0.00,0.00,0.00,0.00,0.00,0.00,0.00,0.00,0.00",,0.00,0.00,,
3d porn animation telegram,,0,"0.00,0.00,0.00,0.00,0.00,0.00,0.00,0.00,0.00,0.00",,0.00,0.00,,
3d porn animation the groupies,,0,"0.00,0.00,0.00,0.00,0.00,0.00,0.00,0.00,0.00,0.00,0.00,0.00",,0.00,0.00,,
3d porn animation tumblr,,0,"0.00,0.00,0.00,0.00,0.00,0.00,0.00,0.00,0.00,0.00,0.00,0.00",,0.00,0.00,,
3d porn animation tutorial,,0,"0.00,0.00,0.00,0.00,0.00,0.00,0.00,0.00,0.00,0.00,0.00,0.00",,0.00,0.00,,
3d porn animation vidios,,0,"0.00,0.00,0.00,0.00,0.00,0.00,0.00,0.00,0.00,0.00,0.00,0.00",,0.00,0.00,,
3d porn animation vidios lol,,0,"0.00,0.00,0.00,0.00,0.00,0.00,0.00,0.00,0.00,0.00,0.00,0.00",,0.00,0.00,,
3d porn animation vidios lolicon,,0,"0.00,0.00,0.00,0.00,0.00,0.00,0.00,0.00,0.00,0.00,0.00,0.00",,0.00,0.00,,
3d porn animator lucrative,,0,"0.00,0.00,0.00,0.00,0.00,0.00,0.00,0.00,0.00,0.00,0.00,0.00",,0.00,0.00,,
3d porn animator team,,0,"0.00,0.00,0.00,0.00,0.00,0.00,0.00,0.00,0.00,0.00,0.00,0.00",,0.00,0.00,,
3d porn anime game,,0,"0.00,0.00,0.00,0.00,0.00,0.00,0.00,0.00,0.00,0.00,0.00,0.00",,0.00,0.00,,
3d porn anime gif,,0,"0.00,0.00,0.00,0.00,0.00",,0.00,0.00,,
3d porn anime hentai,,0,"0.00,0.00,0.00,0.00,0.00,0.00,0.00,0.00,0.00,0.00,0.00,0.00",,0.00,0.00,,
3d porn anime hentai porn videos,,0,"0.00,0.00,0.00,0.00,0.00,0.00,0.00,0.00,0.00,0.00,0.00,0.00",,0.00,0.00,,
3d porn anime incest,,0,"0.00,0.00,0.00,0.00,0.00,0.00,0.00,0.00,0.00,0.00,0.00,0.00",,0.00,0.00,,
3d porn anime public nudity,,0,"0.00,0.00,0.00,0.00,0.00,0.00,0.00,0.00,0.00,0.00,0.00,0.00",,0.00,0.00,,
3d porn anime realistic,,0,"0.00,0.00,0.00,0.00,0.00,0.00,0.00,0.00,0.00,0.00,0.00,0.00",,0.00,0.00,,
3d porn best animation,,0,"0.00,0.00,0.00,0.00,0.00,0.00,0.00,0.00,0.00,0.00,0.00,0.00",,0.00,0.00,,
3d porn clips not animated,,0,"0.00,0.00,0.00,0.00,0.00,0.00,0.00,0.00,0.00,0.00,0.00,0.00",,0.00,0.00,,
3d porn comic animal,,0,"0.00,0.00,0.00,0.00,0.00,0.00,0.00,0.00,0.00,0.00,0.00,0.00",,0.00,0.00,,
3d porn game animated,,0,"0.00,0.00,0.00,0.00,0.00,0.00,0.00,0.00,0.00,0.00,0.00,0.00",,0.00,0.00,,
3d porn game with animal,,0,"0.00,0.00,0.00,0.00,0.00,0.00,0.00,0.00,0.00,0.00,0.00,0.00",,0.00,0.00,,
3d porn game with animation,,0,"0.00,0.00,0.00,0.00,0.00,0.00,0.00,0.00,0.00,0.00,0.00,0.00",,0.00,0.00,,
3d porn games animated,,0,"0.00,0.00,0.00,1.00,0.00,0.00,0.00,0.00,0.00,0.00,0.00,0.00",,0.00,0.00,,
3d porn games animation,,0,"0.00,0.00,0.00,0.00,0.00,0.00,0.00,0.00,0.00,0.00,0.00,0.00",,0.00,0.00,,
3d porn games anime,,0,"0.00,0.00,0.00,0.00,0.00,0.00,0.00,0.00,0.00,0.00,0.00,0.00",,0.00,0.00,,
3d porn games that are fully animated,,0,"0.00,0.00,0.00,0.00,0.00,0.00,0.00,0.00,0.00,0.00,0.00,0.00",,0.00,0.00,,
3d porn games with animals,,0,"0.00,0.00,0.00,0.00,0.00,0.00,0.00,0.00,0.00,0.00,0.00,0.00",,0.00,0.00,,
3d porn games with animation,,0,"0.00,0.00,0.00,0.00,0.00,0.00,0.00,0.00,0.00,0.00,0.00,0.00",,0.00,0.00,,
3d porn games with animation download,,0,"0.00,0.00,0.00,0.00,0.00,0.00,0.00,0.00,0.00,0.00,0.00,0.00",,0.00,0.00,,
3d porn gay animal,,0,"0.00,0.00,0.00,0.00,0.00,0.00,0.00,0.00,0.00,0.00,0.00,0.00",,0.00,0.00,,
3d porn gay animal first time,,0,"0.00,0.00,0.00,0.00,0.00,0.00,0.00,0.00,0.00,0.00,0.00,0.00",,0.00,0.00,,
3d porn hentai anime,,0,"0.00,0.00,0.00,0.00,0.00,0.00,0.00,0.00,0.00,0.00,0.00,0.00",,0.00,0.00,,
3d porn penis gay anime,,0,"0.00,0.00,0.00,0.00,0.00,0.00,0.00,0.00,0.00,0.00,0.00,0.00",,0.00,0.00,,
3d porn samantha's sleepless nights horror sex animation full clip,,0,"0.00,0.00,0.00,0.00,0.00,0.00,0.00,0.00,0.00,0.00,0.00,0.00",,0.00,0.00,,
3d porn sex hentai anime movies,,0,"0.00,0.00,0.00,0.00,0.00,0.00,0.00,0.00,0.00,0.00,0.00,0.00",,0.00,0.00,,
3d porn toons the mayor animation,,0,"0.00,0.00,0.00,0.00,0.00,0.00,0.00,0.00,0.00,0.00,0.00,0.00",,0.00,0.00,,
3d porn tube daddy little girl animation,,0,"0.00,0.00,0.00,0.00,0.00,0.00,0.00,0.00,0.00,0.00,0.00,0.00",,0.00,0.00,,
3d porn videos anime,,0,"0.00,0.00,0.00,0.00,0.00,0.00,0.00,0.00,0.00,0.00,0.00",,0.00,0.00,,
3d porn women animation,,0,"0.00,0.00,0.00,0.00,0.00,0.00,0.00,0.00,0.00,0.00,0.00,0.00",,0.00,0.00,,
3d porn xxx animated,,0,"0.00,0.00,0.00,0.00,0.00,0.00,0.00,0.00,0.00,0.00,0.00,0.00",,0.00,0.00,,
3d porn.animation,,0,"0.00,0.00,0.00,0.00,0.00,0.00,0.00,0.00,0.00,0.00,0.00,0.00",,0.00,0.00,,
3d porno animal,,0,"0.00,0.00,0.00,0.00,0.00,0.00,0.00,0.00,0.00,0.00,0.00,0.00",,0.00,0.00,,
3d porno animal horse,,0,"0.00,0.00,0.00,0.00,0.00,0.00,0.00,0.00,0.00,0.00,0.00,0.00",,0.00,0.00,,
3d porno animal horse anal,,0,"0.00,0.00,0.00,0.00,0.00,0.00,0.00,0.00,0.00,0.00,0.00,0.00",,0.00,0.00,,
3d porno animated,,0,"0.00,0.00,0.00,0.00,0.00,0.00,0.00,0.00,0.00,0.00,0.00,0.00",,0.00,0.00,,
3d porno animation,,0,"0.00,0.00,0.00,0.00,0.00,0.00,0.00,0.00,0.00,0.00,0.00,0.00",,0.00,0.00,,
3d porno animations,,0,"0.00,0.00,0.00,0.00,0.00,0.00,0.00,0.00,0.00,0.00,0.00,0.00",,0.00,0.00,,
3d porno anime,,0,"0.00,0.00,0.00,0.00,0.00,0.00,0.00,0.00,0.00,0.00,0.00,0.00",,0.00,0.00,,
3d porno anime hentai,,0,"0.00,0.00,0.00,0.00,0.00,0.00,0.00,0.00",,0.00,0.00,,
3d pov porn animation,,0,"0.00,0.00,0.00,0.00,0.00,0.00,0.00,0.00,0.00,0.00,0.00,0.00",,0.00,0.00,,
3d power rangers anime porn,,0,"0.00,0.00,0.00,0.00,0.00,0.00,0.00,0.00,0.00,0.00,0.00,0.00",,0.00,0.00,,
3d pro porn animations,,0,"0.00,0.00,0.00,0.00,0.00,0.00,0.00,0.00,0.00,0.00,0.00,0.00",,0.00,0.00,,
3d rape porn animation,,0,"0.00,0.00,0.00,0.00,0.00,0.00,0.00,0.00,0.00,0.00,0.00,0.00",,0.00,0.00,,
3d real animation porn,,0,"0.00,0.00,0.00,0.00,0.00,0.00,0.00,0.00,0.00,0.00,0.00,0.00",,0.00,0.00,,
3d realistic anima porn,,0,"0.00,0.00,0.00,0.00,0.00,0.00,0.00,0.00,0.00,0.00,0.00,0.00",,0.00,0.00,,
3d realistic animation anal porn videos,,0,"1.00,0.00,0.00,0.00,0.00",,0.00,0.00,,
3d realistic anime xxx porn,,0,"0.00,0.00,0.00,0.00,0.00,0.00,0.00,0.00,0.00,0.00,0.00,0.00",,0.00,0.00,,
3d ring gagged animated gifs porno,,0,"0.00,0.00,0.00,0.00,0.00,0.00,0.00,0.00,0.00,0.00,0.00,0.00",,0.00,0.00,,
3d secret animal porn,,0,"0.00,0.00,0.00,0.00,0.00,0.00,0.00,0.00,0.00,0.00,0.00,0.00",,0.00,0.00,,
3d sex animation porn,,0,"0.00,0.00,0.00,0.00,0.00,0.00,0.00,0.00,0.00,0.00,0.00,0.00",,0.00,0.00,,
3d sex anime porn,,0,"0.00,0.00,0.00,0.00,0.00,0.00,0.00,0.00,0.00,0.00,0.00,0.00",,0.00,0.00,,
3d sex porn anime,,0,"0.00,0.00,0.00,0.00,0.00,0.00,0.00,0.00,0.00,0.00,0.00,0.00",,0.00,0.00,,
3d sfm animated porn,,0,"0.00,0.00,0.00,0.00,0.00,0.00,0.00,0.00,0.00,0.00,0.00,0.00",,0.00,0.00,,
3d sfm animation porn,,0,"0.00,0.00,1.00,0.00,0.00,0.00,0.00,0.00,0.00,0.00,0.00,0.00",,0.00,0.00,,
3d sfm anime porn video,,0,"0.00,0.00,0.00,0.00,0.00,0.00,0.00,0.00,0.00,0.00,0.00,0.00",,0.00,0.00,,
3d sfm gay porn animation,,0,"0.00,0.00,0.00,0.00,0.00,0.00,0.00,0.00,0.00,0.00,0.00,0.00",,0.00,0.00,,
3d sfm porn animations,,0,"0.00,0.00,0.00,0.00,0.00,0.00,0.00,0.00,0.00,0.00,0.00,0.00",,0.00,0.00,,
3d shemale animal porn,,0,"0.00,0.00,0.00,0.00,0.00,1.00,0.00,0.00,0.00,0.00,0.00,0.00",,0.00,0.00,,
3d shemale animal porn. horse and trans have sex,,0,"0.00,0.00,0.00,0.00,0.00,0.00,0.00,0.00,0.00,0.00,0.00,0.00",,0.00,0.00,,
3d shemale animated porn,,0,"0.00,0.00,0.00,0.00,0.00,0.00,0.00,0.00,0.00,0.00,0.00,0.00",,0.00,0.00,,
3d shemale animation porn,,0,"0.00,0.00,0.00,0.00,0.00,0.00,1.00,0.00,1.00,0.00,0.00,0.00",,0.00,0.00,,
3d shemale anime porn,,0,"0.00,0.00,1.00,0.00,0.00,0.00,1.00,0.00,1.00,0.00,0.00,0.00",,0.00,0.00,,
3d shemale cum filled anime porn,,0,"0.00,0.00,0.00,0.00,0.00,0.00,0.00,0.00,0.00,0.00,0.00,0.00",,0.00,0.00,,
3d shemale porn animation,,0,"0.00,0.00,0.00,0.00,0.00,0.00,0.00,0.00,0.00,0.00,0.00,0.00",,0.00,0.00,,
3d shemales animated porn,,0,"0.00,0.00,0.00,0.00,0.00,0.00,0.00,0.00,0.00,0.00,0.00,0.00",,0.00,0.00,,
3d shota animation porn,,0,"0.00,0.00,0.00,0.00,0.00,0.00,0.00,0.00,0.00,0.00,0.00,0.00",,0.00,0.00,,
3d skyrim animated porn,,0,"0.00,0.00,0.00,0.00,0.00,0.00,0.00,0.00,0.00,0.00,0.00,0.00",,0.00,0.00,,
3d small girl anime naked porn,,0,"0.00,0.00,0.00,0.00,0.00,0.00,0.00,0.00,0.00,0.00,0.00,0.00",,0.00,0.00,,
3d space alien animated porn,,0,"0.00,0.00,0.00,0.00,0.00,0.00,0.00,0.00,0.00,0.00,0.00,0.00",,0.00,0.00,,
3d step moms and milfs in animated sex porn,,0,"0.00,0.00,0.00,0.00,0.00,0.00,0.00,0.00,0.00,0.00,0.00,0.00",,0.00,0.00,,
3d stepmom animation porn,,0,"1.00,0.00,0.00,0.00,0.00,0.00,0.00,0.00,0.00",,0.00,0.00,,
3d stepmom porn animation,,0,"0.00,0.00,0.00,0.00,0.00,0.00,0.00,0.00,0.00,0.00,0.00,0.00",,0.00,0.00,,
3d taboo animation porn,,0,"0.00,0.00,0.00,0.00,0.00,0.00,0.00,0.00,0.00,0.00,0.00,0.00",,0.00,0.00,,
3d teen animated porn,,0,"0.00,0.00,0.00,0.00,0.00,0.00,0.00,0.00,0.00,0.00,0.00,0.00",,0.00,0.00,,
3d teen animation porn,,0,"0.00,0.00,0.00,0.00,0.00,0.00,0.00,0.00,0.00,0.00,0.00,0.00",,0.00,0.00,,
3d teen anime porn,,0,"0.00,0.00,0.00,0.00,0.00,0.00,0.00,0.00,0.00,0.00,0.00,0.00",,0.00,0.00,,
3d teen porn animation,,0,"0.00,0.00,0.00,0.00,0.00,0.00,0.00,0.00,0.00,0.00,0.00,0.00",,0.00,0.00,,
3d tentacle animation porn,,0,"0.00,0.00,0.00,0.00,0.00,0.00,0.00,0.00,0.00,0.00,0.00,0.00",,0.00,0.00,,
3d tentacle anime hentai porn,,0,"0.00,0.00,0.00,0.00,0.00,0.00,0.00,0.00,0.00,0.00,0.00,0.00",,0.00,0.00,,
3d tentacle cartoon anime hentai big tits porn,,0,"0.00,0.00,0.00,0.00,0.00,0.00,0.00,0.00,0.00,0.00,0.00,0.00",,0.00,0.00,,
3d text animation porn comment tumblr,,0,"0.00,0.00,0.00,0.00,0.00,0.00,0.00,0.00,0.00,0.00,0.00,0.00",,0.00,0.00,,
3d thick anime interracial porn,,0,"0.00,0.00,0.00,0.00,0.00,0.00,0.00,0.00,0.00,0.00,0.00,0.00",,0.00,0.00,,
3d thick anime latina bbc porn,,0,"0.00,0.00,0.00,0.00,0.00,0.00,0.00,0.00,0.00,0.00,0.00,0.00",,0.00,0.00,,
3d threesome with toy animated porn,,0,"0.00,0.00,0.00,0.00,0.00,0.00,0.00,0.00,0.00,0.00,0.00,0.00",,0.00,0.00,,
3d threesome with toys animated porn,,0,"0.00,0.00,0.00,0.00,0.00,0.00,0.00,0.00,0.00,0.00,0.00,0.00",,0.00,0.00,,
3d timestop porn animation,,0,"0.00,0.00,0.00,0.00,0.00,0.00,0.00,0.00,0.00,0.00,0.00,0.00",,0.00,0.00,,
3d toon animal teen schoolgirl porn,,0,"0.00,0.00,0.00,0.00,0.00,0.00,0.00,0.00,0.00,0.00,0.00,0.00",,0.00,0.00,,
3d toon porn animals,,0,"0.00,0.00,0.00,0.00,0.00,0.00,0.00,0.00,0.00,0.00,0.00,0.00",,0.00,0.00,,
3d toon porn animations,,0,"0.00,0.00,0.00,0.00,0.00,0.00,0.00,0.00,0.00,0.00,0.00,0.00",,0.00,0.00,,
3d toon schoolgirl animal porn,,0,"0.00,0.00,0.00,0.00,0.00,0.00,0.00,0.00,0.00,0.00,0.00,0.00",,0.00,0.00,,
3d tranie animation porn,,0,"0.00,0.00,0.00,0.00,0.00,0.00,0.00,0.00,0.00,0.00,0.00,0.00",,0.00,0.00,,
3d twerk animation porn,,0,"0.00,0.00,0.00,0.00,0.00,0.00,0.00,0.00,0.00,0.00,0.00,0.00",,0.00,0.00,,
3d uncensored anime porn,,0,"0.00,0.00,0.00,0.00,0.00,0.00,0.00,0.00,0.00,0.00,0.00,0.00",,0.00,0.33,,
3d vampire academy anime porn,,0,"0.00,0.00,0.00,0.00,0.00,0.00,0.00,0.00,0.00,0.00,0.00,0.00",,0.00,0.00,,
3d vampire animated porn,,0,"0.00,0.00,0.00,0.00,0.00,0.00,0.00,0.00,0.00,0.00,0.00,0.00",,0.00,0.00,,
3d viking anime porn,,0,"0.00,0.00,0.00,0.00,0.00,0.00,0.00,0.00,0.00,0.00,0.00,0.00",,0.00,0.00,,
3d vimper anime porn,,0,"0.00,0.00,0.00,0.00,0.00,0.00,0.00,0.00,0.00,0.00,0.00,0.00",,0.00,0.00,,
3d vr animated porn,,0,"0.00,0.00,0.00,0.00,0.00,0.00,0.00,0.00,0.00,0.00,0.00,0.00",,0.00,0.00,,
3d vr animation porn,,0,"0.00,0.00,0.00,0.00,0.00,0.00,0.00,0.00,0.00,0.00,0.00,0.00",,0.00,0.00,,
3d vr porn animated,,0,"0.00,0.00,0.00,0.00,0.00,0.00,0.00,0.00,0.00,0.00,0.00,0.00",,0.00,0.00,,
3d vr porn animation,,0,"0.00,0.00,0.00,0.00,0.00,0.00,0.00,0.00,0.00,0.00,0.00,0.00",,0.00,0.00,,
3d vr porn anime,,0,"0.00,0.00,0.00,0.00,0.00,0.00,0.00,0.00,0.00,0.00,0.00,0.00",,0.00,0.00,,
3d warriors academy anime porn,,0,"0.00,0.00,0.00,0.00,0.00,0.00,0.00,0.00,0.00,0.00,0.00,0.00",,0.00,0.00,,
3d warriors anime porn,,0,"0.00,0.00,0.00,0.00,0.00,0.00,0.00,0.00,0.00,0.00,0.00,0.00",,0.00,0.00,,
3d werewolf animation porn,,0,"0.00,0.00,0.00,0.00,0.00,0.00,0.00,0.00,0.00,0.00,0.00,0.00",,0.00,0.00,,
3d xray deep throat animated gjfs porno,,0,"0.00,0.00,0.00,0.00,0.00,0.00,0.00,0.00,0.00,0.00,0.00,0.00",,0.00,0.00,,
3d young animated porn,,0,"0.00,0.00,0.00,0.00,0.00,0.00,0.00,0.00,0.00,0.00,0.00,0.00",,0.00,0.00,,
3d young anime lesbian toon porn,,0,"0.00,0.00,0.00,0.00,0.00,0.00,0.00,0.00,0.00,0.00,0.00,0.00",,0.00,0.00,,
3d young anime porn,,0,"0.00,0.00,0.00,0.00,0.00,0.00,0.00,0.00,0.00,0.00,0.00,0.00",,0.00,0.00,,
3d young anime taken by tentacles porn,,0,"0.00,0.00,0.00,0.00,0.00,0.00,0.00,0.00,0.00,0.00,0.00,0.00",,0.00,0.00,,
3d young girl animation porn,,0,"0.00,0.00,0.00,0.00,0.00,0.00,0.00,0.00,0.00,0.00,0.00,0.00",,0.00,0.00,,
3d young lesbian anime toon porn,,0,"0.00,0.00,0.00,0.00,0.00,0.00,0.00,0.00,0.00,0.00,0.00,0.00",,0.00,0.00,,
3d young old anime toon porn,,0,"0.00,0.00,0.00,0.00,0.00,0.00,0.00,0.00,0.00,0.00,0.00,0.00",,0.00,0.00,,
3d+animation+porn,,0,"0.00,0.00,0.00,0.00,0.00,0.00,0.00,0.00,0.00,0.00,0.00,0.00",,0.00,0.00,,
3d-anime-porno.robot,,0,"0.00,0.00,0.00,0.00,0.00,0.00,0.00,0.00,0.00,0.00,0.00,0.00",,0.00,0.00,,
3d.animated porn,,0,"0.00,0.00,0.00,0.00,0.00,0.00,0.00,0.00,0.00,0.00,0.00,0.00",,0.00,0.00,,
3d.animation porn,,0,"0.00,0.00,0.00,0.00,0.00,0.00,0.00,0.00,0.00,0.00,0.00,0.00",,0.00,0.00,,
3d.anime porn,,0,"0.00,0.00,0.00,0.00,0.00,0.00,0.00,0.00,0.00,0.00,0.00,0.00",,0.00,0.00,,
3dgspot 3d animated porn videos,,0,"0.00,0.00,0.00,0.00,0.00,0.00,0.00,0.00,0.00,0.00,0.00,0.00",,0.00,0.00,,
4chan 3d animation porn,,0,"0.00,0.00,0.00,0.00,0.00,0.00,0.00,0.00,0.00,0.00,0.00,0.00",,0.00,0.00,,
4k 3d animated porn,,0,"1.00,0.00,0.00,0.00,0.00,0.00,0.00,0.00,0.00,0.00,0.00,0.00",,0.00,0.00,,
4k 3d animation shemale porn,,0,"0.00,0.00,0.00,0.00,0.00,0.00,0.00,0.00,0.00,0.00,0.00,0.00",,0.00,0.00,,
4k 3d anime porn,,0,"0.00,0.00,0.00,0.00,0.00,0.00,0.00,0.00,0.00,0.00,0.00,0.00",,0.00,0.00,,
4k cgi 3d animated porn,,0,"0.00,0.00,0.00,0.00,0.00,0.00,0.00,0.00,0.00,0.00,0.00,0.00",,0.00,0.00,,
4k cgi 60fps 3d animated porn,,0,"0.00,0.00,0.00,0.00,0.00,0.00,0.00,0.00,0.00,0.00,0.00,0.00",,0.00,0.00,,
4k futa animation 3d porn,,0,"0.00,0.00,0.00,0.00,0.00,0.00,0.00,0.00,0.00,0.00,0.00,0.00",,0.00,0.00,,
4k sfm animation 3d porn,,0,"0.00,0.00,0.00,0.00,0.00,0.00,0.00,0.00,0.00,0.00,0.00,0.00",,0.00,0.00,,
4k shemale animation 3d porn,,0,"0.00,0.00,0.00,0.00,0.00,0.00,0.00,0.00,0.00,0.00,0.00,0.00",,0.00,0.00,,
4k star wars animation 3d porn,,0,"0.00,0.00,0.00,0.00,0.00,0.00,0.00,0.00,0.00,0.00,0.00,0.00",,0.00,0.00,,
60 fps 3d animated porn,,0,"0.00,0.00,0.00,0.00,0.00,0.00,0.00,0.00,0.00,0.00,0.00,0.00",,0.00,0.00,,
8muses animal porn comic 3d,,0,"0.00,0.00,0.00,0.00,0.00,0.00,0.00,0.00,0.00,0.00,0.00,0.00",,0.00,0.00,,
adventure time 3d anime porn,,0,"0.00,0.00,0.00,0.00,0.00,0.00,0.00,0.00,0.00,0.00,0.00,0.00",,0.00,0.00,,
adventure time was a 3d anime porn,,0,"0.00,0.00,0.00,0.00,0.00,0.00,0.00,0.00,0.00,0.00,0.00,0.00",,0.00,0.00,,
affect 3d animated porn,,0,"0.00,0.00,0.00,0.00,0.00,0.00,0.00,0.00,0.00,0.00,0.00,0.00",,0.00,0.00,,
affect 3d animation cartoon porn,,0,"0.00,0.00,0.00,0.00,0.00,0.00,0.00,0.00,0.00,0.00,0.00,0.00",,0.00,0.00,,
affect 3d animation porn,,0,"0.00,0.00,0.00,0.00,0.00,0.00,0.00,0.00,0.00,0.00,0.00,0.00",,0.00,0.00,,
affect 3d porn animation,,0,"0.00,0.00,0.00,0.00,0.00,0.00,0.00,0.00,0.00,0.00,0.00,0.00",,0.00,0.00,,
ai 3d animated porn,,0,"0.00,0.00,0.00,0.00,0.00,0.00,0.00,0.00,0.00,0.00,0.00,0.00",,0.00,0.00,,
ai 3d anime porn,,0,0.00,,0.00,0.00,,
ai 3d porn animation,,0,0.00,,0.00,0.00,,
ai animated 3d porn,,0,0.00,,0.00,0.00,,
ai animation 3d porn,,0,0.00,,0.00,0.00,,
alien 3d animation porn,,0,"0.00,0.00,0.00,0.00,0.00,0.00,0.00,0.00,0.00,0.00,0.00,0.00",,0.00,0.00,,
alien porn 3d animated gifs,,0,"0.00,0.00,0.00,0.00,0.00,0.00,0.00,0.00,0.00,0.00,0.00,0.00",,0.00,0.00,,
all new 3d animated porn,,0,"0.00,0.00,0.00,0.00,0.00,0.00,0.00,0.00,0.00,0.00,0.00,0.00",,0.00,0.00,,
amanda porn 3d animation,,0,"0.00,0.00,0.00,0.00,0.00,0.00,0.00,0.00,0.00,0.00,0.00,0.00",,0.00,0.00,,
amanda porn 3d animation hitchhike,,0,"0.00,0.00,0.00,0.00,0.00,0.00,0.00,0.00,0.00,0.00,0.00,0.00",,0.00,0.00,,
amazing 3d animated porn,,0,"0.00,0.00,0.00,0.00,0.00,0.00,0.00,0.00,0.00,0.00,0.00,0.00",,0.00,0.00,,
amazing 3d animation porn,,0,"0.00,0.00,0.00,0.00,0.00,0.00,0.00,0.00,0.00,0.00,0.00,0.00",,0.00,0.00,,
amazing 3d anime vr porn,,0,"0.00,0.00,0.00,0.00,0.00,0.00,0.00,0.00,0.00,0.00,0.00,0.00",,0.00,0.00,,
amazing 3d porn animation,,0,"0.00,0.00,0.00,0.00,0.00,0.00,0.00,0.00,0.00,0.00,0.00,0.00",,0.00,0.00,,
amazing realistic 3d animation porn,,0,"0.00,0.00,0.00,0.00,0.00,0.00,0.00,0.00,0.00,0.00,0.00,0.00",,0.00,0.00,,
among us 3d porn animation,,0,"0.00,0.00,0.00,0.00,0.00,0.00,0.00,0.00,0.00,0.00,0.00,0.00",,0.00,0.00,,
android 3d animation porn games,,0,"0.00,0.00,0.00,0.00,0.00,0.00,0.00,0.00,0.00,0.00,0.00,0.00",,0.00,0.00,,
anim 3d porn,,0,"0.00,0.00,0.00,0.00,0.00,0.00,0.00,0.00,0.00,0.00,0.00,0.00",,0.00,0.00,,
anim porn 3d,,0,"0.00,0.00,0.00,0.00,0.00,0.00,0.00,0.00,0.00,0.00,0.00,0.00",,0.00,0.00,,
anima 3d commander rape by beast porn,,0,"0.00,0.00,0.00,0.00,0.00,0.00,0.00,0.00,0.00,0.00,0.00,0.00",,0.00,0.00,,
anima 3d porn,,0,"0.00,0.00,0.00,0.00,0.00,0.00,0.00,0.00,0.00,0.00,0.00,0.00",,0.00,0.00,,
anima 3d trolled rape porn,,0,"0.00,0.00,0.00,0.00,0.00,0.00,0.00,0.00,0.00,0.00,0.00,0.00",,0.00,0.00,,
anima porn 3d,,0,"0.00,0.00,0.00,0.00,0.00,0.00,0.00,0.00,0.00,0.00,0.00,0.00",,0.00,0.00,,
animal 3d gif porn,,0,"0.00,0.00,0.00,0.00,0.00,0.00,0.00,0.00,0.00,0.00,0.00,0.00",,0.00,0.00,,
animal 3d porn video,,0,"0.00,0.00,0.00,0.00,0.00,0.00,0.00,0.00,0.00,0.00,0.00,0.00",,0.00,0.00,,
animal crossing ankha porn 3d,,0,"0.00,0.00,0.00,0.00,0.00,0.00,0.00,0.00,0.00,0.00,0.00,0.00",,0.00,0.00,,
animal girl cartoon porn 3d,,0,"0.00,0.00,0.00,0.00,0.00,0.00,0.00,0.00,0.00,0.00,0.00,0.00",,0.00,0.00,,
animal hentai 3d porn,,0,"0.00,0.00,0.00,0.00,0.00,0.00,0.00,0.00,0.00,0.00,0.00,0.00",,0.00,0.00,,
animal porn 3d animated,,0,"0.00,0.00,0.00,0.00,0.00,0.00,0.00,0.00,0.00,0.00,0.00,0.00",,0.00,0.00,,
animal porn 3d animation,,0,"0.00,0.00,0.00,0.00,0.00,0.00,0.00,0.00,0.00,0.00,0.00,0.00",,0.00,0.00,,
animal porn 3d pictures,,0,"0.00,0.00,0.00,0.00,0.00,0.00,0.00,0.00,0.00,0.00,0.00,0.00",,0.00,0.00,,
animal porn blowjob 3d,,0,"0.00,0.00,0.00,0.00,0.00,0.00,0.00,0.00,0.00,0.00,0.00,0.00",,0.00,0.00,,
animal porno 3d,,0,"0.00,0.00,0.00,0.00,0.00,0.00,0.00,0.00,0.00,0.00,0.00,0.00",,0.00,0.00,,
animal sex 3d porn,,0,"0.00,0.00,0.00,0.00,0.00,0.00,0.00,0.00,0.00,0.00,0.00,0.00",,0.00,0.00,,
animal top porno 3d,,0,"0.00,0.00,0.00,0.00,0.00,0.00,0.00,0.00,0.00,0.00,0.00,0.00",,0.00,0.00,,
animal zoo 3d porn,,0,"0.00,0.00,0.00,0.00,0.00,0.00,0.00,0.00,0.00,0.00,0.00,0.00",,0.00,0.00,,
animate 3d porn,,0,"0.00,0.00,0.00,0.00,0.00,0.00,0.00,0.00,0.00,0.00,0.00,0.00",,0.00,0.00,,
animate 3d porn in blender tutorial,,0,"0.00,0.00,0.00,0.00,0.00,0.00,0.00,0.00,0.00,0.00,0.00,0.00",,0.00,0.00,,
animated 3d adult porn sex gif,,0,"0.00,0.00,0.00,0.00,0.00,0.00,0.00,0.00,0.00,0.00,0.00,0.00",,0.00,0.00,,
animated 3d alien girl porn,,0,"0.00,0.00,0.00,0.00,0.00,0.00,0.00,0.00,0.00,0.00,0.00,0.00",,0.00,0.00,,
animated 3d alien porn,,0,"0.00,0.00,0.00,0.00,0.00,0.00,0.00,0.00,0.00,0.00,0.00,0.00",,0.00,0.00,,
animated 3d bbc curvy porn,,0,"0.00,0.00,0.00,0.00,0.00,0.00,0.00,0.00,0.00,0.00,0.00,0.00",,0.00,0.00,,
animated 3d cartoon anus asshole suck porn,,0,"0.00,0.00,0.00,0.00,0.00,0.00,0.00,0.00,0.00,0.00,0.00,0.00",,0.00,0.00,,
animated 3d cartoon bushy black pussy anal porn,,0,"0.00,0.00,0.00,0.00,0.00,0.00,0.00,0.00,0.00,0.00,0.00,0.00",,0.00,0.00,,
animated 3d cartoon horse porn sex fuck,,0,"0.00,0.00,0.00,0.00,0.00,0.00,0.00,0.00,0.00,0.00,0.00,0.00",,0.00,0.00,,
animated 3d cartoon mom and son anal porn,,0,"0.00,0.00,0.00,0.00,0.00,0.00,0.00,0.00,0.00,0.00,0.00,0.00",,0.00,0.00,,
animated 3d cartoon porn,,0,"0.00,0.00,0.00,0.00,0.00,0.00,0.00,0.00,0.00,0.00,0.00,0.00",,0.00,0.00,,
animated 3d cartoon puffy anus porn,,0,"0.00,0.00,0.00,0.00,0.00,0.00,0.00,0.00,0.00,0.00,0.00,0.00",,0.00,0.00,,
animated 3d celebs porn gifs,,0,"0.00,0.00,0.00,0.00,0.00,0.00,0.00,0.00,0.00,0.00,0.00,0.00",,0.00,0.00,,
animated 3d cheerleader porn,,0,"0.00,0.00,0.00,0.00,0.00,0.00,0.00,0.00,0.00,0.00,0.00,0.00",,0.00,0.00,,
animated 3d comic porn,,0,"0.00,0.00,0.00,0.00,0.00,0.00,0.00,0.00,0.00,0.00,0.00,0.00",,0.00,0.00,,
animated 3d comics porn,,0,"0.00,0.00,0.00,0.00,0.00,0.00,0.00,0.00,0.00,0.00,0.00,0.00",,0.00,0.00,,
animated 3d daughter handjobs porn,,0,"0.00,0.00,0.00,0.00,0.00,0.00,0.00,0.00,0.00,0.00,0.00,0.00",,0.00,0.00,,
animated 3d dog porn,,0,"0.00,0.00,0.00,0.00,0.00,0.00,0.00,0.00,0.00,0.00,0.00,0.00",,0.00,0.00,,
animated 3d dog slam porn,,0,"0.00,0.00,0.00,0.00,0.00,0.00,0.00,0.00,0.00,0.00,0.00,0.00",,0.00,0.00,,
animated 3d furry porn,,0,"0.00,0.00,0.00,0.00,0.00,0.00,0.00,0.00,0.00,0.00,0.00,0.00",,0.00,0.00,,
animated 3d gif porn,,0,"0.00,0.00,0.00,0.00,0.00,0.00,0.00,0.00,0.00,0.00,0.00,0.00",,0.00,0.00,,
animated 3d halo porn,,0,"0.00,0.00,0.00,0.00,0.00,0.00,0.00,0.00,0.00,0.00,0.00,0.00",,0.00,0.00,,
animated 3d hd dick girls porn,,0,"0.00,0.00,0.00,0.00,0.00,0.00,0.00,0.00,0.00,0.00,0.00,0.00",,0.00,0.00,,
animated 3d hd taboo xxx porn cartoon lara croft,,0,"0.00,0.00,0.00,0.00,0.00,0.00,0.00,0.00,0.00,0.00,0.00,0.00",,0.00,0.00,,
animated 3d hd xxx taboo cartoon porn,,0,"0.00,0.00,0.00,0.00,0.00,0.00,0.00,0.00,0.00,0.00,0.00,0.00",,0.00,0.00,,
animated 3d hd xxx taboo incest porn comics,,0,"0.00,0.00,0.00,0.00,0.00,0.00,0.00,0.00,0.00,0.00,0.00,0.00",,0.00,0.00,,
animated 3d hd xxx taboo porn,,0,"0.00,0.00,0.00,0.00,0.00,0.00,0.00,0.00,0.00,0.00,0.00,0.00",,0.00,0.00,,
animated 3d hd xxx taboo shemale incest porn comics,,0,"0.00,0.00,0.00,0.00,0.00,0.00,0.00,0.00,0.00,0.00,0.00,0.00",,0.00,0.00,,
animated 3d hentai porn,,0,"0.00,0.00,0.00,0.00,0.00,0.00,0.00,0.00,0.00,0.00,0.00,0.00",,0.00,0.00,,
animated 3d horse porn,,0,"0.00,0.00,0.00,0.00,0.00,0.00,0.00,0.00,0.00,0.00,0.00,0.00",,0.00,0.00,,
animated 3d incest porn,,0,"0.00,0.00,0.00,1.00,1.00,0.00,0.00,0.00,1.00,0.00,1.00,1.00",,0.00,0.00,,
animated 3d jizz shots porn,,0,"0.00,0.00,0.00,0.00,0.00,0.00,0.00,0.00,0.00,0.00,0.00,0.00",,0.00,0.00,,
animated 3d kids porn,,0,"0.00,0.00,0.00,0.00,0.00,0.00,0.00,0.00,0.00,0.00,0.00,0.00",,0.00,0.00,,
animated 3d lebian porn,,0,"0.00,0.00,0.00,0.00,0.00,0.00,0.00,0.00,0.00,0.00,0.00,0.00",,0.00,0.00,,
animated 3d lesbian deepthroat porn gifs,,0,"0.00,0.00,0.00,0.00,0.00,0.00,0.00,0.00,0.00,0.00,0.00,0.00",,0.00,0.00,,
animated 3d lesbian porn gifs,,0,"0.00,0.00,0.00,0.00,0.00,0.00,0.00,0.00,0.00,0.00,0.00,0.00",,0.00,0.00,,
animated 3d mature boy hotel porn,,0,"0.00,0.00,0.00,0.00,0.00,0.00,0.00,0.00,0.00,0.00,0.00,0.00",,0.00,0.00,,
animated 3d milf porn,,0,"0.00,0.00,0.00,0.00,0.00,0.00,0.00,0.00,0.00,0.00,0.00,0.00",,0.00,0.00,,
animated 3d mom big ass porn,,0,"0.00,0.00,0.00,0.00,0.00,0.00,0.00,0.00,0.00,0.00,0.00,0.00",,0.00,0.00,,
animated 3d mom porn,,0,"0.00,0.00,0.00,0.00,0.00,0.00,0.00,0.00,0.00,0.00,0.00,0.00",,0.00,0.00,,
animated 3d monster snuff porn,,0,"0.00,0.00,0.00,0.00,0.00,0.00,0.00,0.00,0.00,0.00,0.00,0.00",,0.00,0.00,,
animated 3d mpother son porn stories,,0,"0.00,0.00,0.00,0.00,0.00,0.00,0.00,0.00,0.00,0.00,0.00,0.00",,0.00,0.00,,
animated 3d porn boys,,0,"0.00,0.00,0.00,0.00,0.00,0.00,0.00,0.00,0.00,0.00,0.00,0.00",,0.00,0.00,,
animated 3d porn cartoons,,0,"0.00,0.00,0.00,0.00,0.00,0.00,0.00,0.00,0.00,0.00,0.00,0.00",,0.00,0.00,,
animated 3d porn clips,,0,"0.00,0.00,0.00,0.00,0.00,0.00,0.00,0.00,0.00,0.00,0.00,0.00",,0.00,0.00,,
animated 3d porn comics,,0,"0.00,0.00,0.00,1.00,1.00,0.00,1.00,0.00,0.00,1.00,0.00,0.00",,0.00,0.00,,
animated 3d porn cum clips,,0,"0.00,0.00,0.00,0.00,0.00,0.00,0.00,0.00,0.00,0.00,0.00,0.00",,0.00,0.00,,
animated 3d porn deep throat,,0,"0.00,0.00,0.00,0.00,0.00,0.00,0.00,0.00,0.00,0.00,0.00,0.00",,0.00,0.00,,
animated 3d porn deep throat tranny,,0,"0.00,0.00,0.00,0.00,0.00,0.00,0.00,0.00,0.00,0.00,0.00,0.00",,0.00,0.00,,
animated 3d porn dickgirl,,0,"0.00,0.00,0.00,0.00,0.00,0.00,0.00,0.00,0.00,0.00,0.00,0.00",,0.00,0.00,,
animated 3d porn english dubbed,,0,"0.00,0.00,0.00,0.00,0.00,0.00,0.00,0.00,0.00,0.00,0.00,0.00",,0.00,0.00,,
animated 3d porn fuck movies,,0,"0.00,0.00,0.00,0.00,0.00,0.00,0.00,0.00,0.00,0.00,0.00,0.00",,0.00,0.00,,
animated 3d porn game,,0,"0.00,0.00,0.50,1.00,0.00,0.50,0.50,0.00,0.00,0.00,0.00,0.00",,0.00,0.33,,
animated 3d porn gay,,0,"0.00,0.00,0.00,0.00,0.00,0.00,0.00,0.00,0.00,0.00,0.00,0.00",,0.00,0.00,,
animated 3d porn girlfriends,,0,"0.00,0.00,0.00,0.00,0.00,0.00,0.00,0.00,0.00,0.00,0.00,0.00",,0.00,0.00,,
animated 3d porn japanese,,0,"0.00,0.00,0.00,0.00,0.00,0.00,0.00,0.00,0.00,0.00,0.00,0.00",,0.00,0.00,,
animated 3d porn maker,,0,"0.00,0.00,0.00,0.00,0.00,0.00,0.00,0.00,0.00,0.00,0.00,0.00",,0.00,0.00,,
animated 3d porn mom,,0,"0.00,0.00,0.00,0.00,0.00,0.00,0.00,0.00,0.00,0.00,0.00,0.00",,0.00,0.00,,
animated 3d porn monsters,,0,"0.00,0.00,0.00,0.00,0.00,0.00,0.00,0.00,0.00,0.00,0.00,0.00",,0.00,0.00,,
animated 3d porn movie,,0,"0.00,0.00,0.00,1.00,0.00,0.00,0.00,0.00,0.00,0.00,0.00,0.00",,0.00,0.00,,
animated 3d porn photos,,0,"0.00,0.00,0.00,0.00,0.00,0.00,0.00,0.00,0.00,0.00,0.00,0.00",,0.00,0.00,,
animated 3d porn pics,,0,"0.00,0.00,0.00,0.00,0.00,0.00,0.00,0.00,0.00,0.00,0.00,0.00",,0.00,0.00,,
animated 3d porn pornhub,,0,"0.00,0.00,0.00,0.00,0.00,0.00,0.00,0.00,0.00,0.00,0.00,0.00",,0.00,0.00,,
animated 3d porn princess,,0,"0.00,0.00,0.00,0.00,0.00,0.00,0.00,0.00,0.00,0.00,0.00,0.00",,0.00,0.00,,
animated 3d porn queen,,0,"0.00,0.00,0.00,0.00,0.00,0.00,0.00,0.00,0.00,0.00,0.00,0.00",,0.00,0.00,,
animated 3d porn sarah,,0,"0.00,0.00,0.00,0.00,0.00,0.00,0.00,0.00,0.00,0.00,0.00,0.00",,0.00,0.00,,
animated 3d porn sex gif,,0,"0.00,0.00,0.00,0.00,0.00,0.00,0.00,0.00,0.00,0.00,0.00,0.00",,0.00,0.00,,
animated 3d porn transform,,0,"0.00,0.00,0.00,0.00,0.00,0.00,0.00,0.00,0.00,0.00,0.00,0.00",,0.00,0.00,,
animated 3d porn transformation,,0,"0.00,0.00,0.00,0.00,0.00,0.00,0.00,0.00,0.00,0.00,0.00,0.00",,0.00,0.00,,
animated 3d porn tumblr,,0,"0.00,0.00,0.00,0.00,0.00,0.00,0.00,0.00,0.00,0.00,0.00,0.00",,0.00,0.00,,
animated 3d porn tween boys,,0,"0.00,0.00,0.00,0.00,0.00,0.00,0.00,0.00,0.00,0.00,0.00,0.00",,0.00,0.00,,
animated 3d porn uncensored,,0,"0.00,0.00,0.00,0.00,0.00,0.00,0.00,0.00,0.00,0.00,0.00,0.00",,0.00,0.00,,
animated 3d porn vids,,0,"0.00,0.00,0.00,0.00,0.00,0.00,0.00,0.00,0.00,0.00,0.00,0.00",,0.00,0.00,,
animated 3d porn women orgasm,,0,"0.00,0.00,0.00,0.00,0.00,0.00,0.00,0.00,0.00,0.00,0.00,0.00",,0.00,0.00,,
animated 3d porno,,0,"0.00,0.00,0.00,0.00,0.00,0.00,0.00,0.00,0.00,0.00,0.00,0.00",,0.00,0.00,,
animated 3d porno gif,,0,"0.00,0.00,0.00,0.00,0.00,0.00,0.00,0.00,0.00,0.00,0.00,0.00",,0.00,0.00,,
animated 3d porno videos,,0,"0.00,0.00,0.00,0.00,0.00,0.00,0.00,0.00,0.00,0.00,0.00,0.00",,0.00,0.00,,
animated 3d rape porn,,0,"0.00,0.00,0.00,0.00,0.00,0.00,0.00,0.00,0.00,0.00,0.00,0.00",,0.00,0.00,,
animated 3d shemale porn,,0,"0.00,1.00,1.00,0.00,0.00,0.00,0.00,0.00,0.00,0.00,0.00,0.00",,0.00,0.00,,
animated 3d spandex porn,,0,"0.00,0.00,0.00,0.00,0.00,0.00,0.00,0.00,0.00,0.00,0.00,0.00",,0.00,0.00,,
animated 3d teen horse porn,,0,"0.00,0.00,0.00,0.00,0.00,0.00,0.00,0.00,0.00,0.00,0.00,0.00",,0.00,0.00,,
animated 3d teen porn,,0,"0.00,0.00,0.00,0.00,0.00,0.00,0.00,0.00,0.00,0.00,0.00,0.00",,0.00,0.00,,
animated 3d teen porn videos,,0,"0.00,0.00,0.00,0.00,0.00,0.00,0.00,0.00,0.00,0.00,0.00,0.00",,0.00,0.00,,
animated 3d teens porn,,0,"0.00,0.00,0.00,0.00,0.00,0.00,0.00,0.00,0.00,0.00,0.00,0.00",,0.00,0.00,,
animated 3d tentacle porn,,0,"0.00,0.00,0.00,0.00,0.00,0.00,0.00,0.00,0.00,0.00,0.00,0.00",,0.00,0.00,,
animated 3d tgirl and girl porn,,0,"0.00,0.00,0.00,0.00,0.00,0.00,0.00,0.00,0.00,0.00,0.00,0.00",,0.00,0.00,,
animated 3d videos mom and son porn,,0,"0.00,0.00,0.00,0.00,0.00,0.00,0.00,0.00,0.00,0.00,0.00,0.00",,0.00,0.00,,
animated 3d xxx taboo porn,,0,"0.00,0.00,0.00,0.00,0.00,0.00,0.00,0.00,0.00,0.00,0.00,0.00",,0.00,0.00,,
animated 3d young porn videos,,0,"0.00,0.00,0.00,0.00,0.00,0.00,0.00,0.00,0.00,0.00,0.00,0.00",,0.00,0.00,,
animated balls swinging 3d porn,,0,"0.00,0.00,0.00,0.00,0.00,0.00,0.00,0.00,0.00,0.00,0.00,0.00",,0.00,0.00,,
animated birth porn 3d,,0,"0.00,0.00,0.00,0.00,0.00,0.00,0.00,0.00,0.00,0.00,0.00,0.00",,0.00,0.00,,
animated cartoon 3d porn,,0,"0.00,0.00,0.00,0.00,0.00,0.00,0.00,0.00,0.00,0.00,0.00,0.00",,0.00,0.00,,
animated cartoon porn 3d,,0,"0.00,0.00,0.00,0.00,0.00,0.00,0.00,0.00,0.00,0.00,0.00,0.00",,0.00,0.00,,
animated cartoon xxx 3d hd shemale taboo porn,,0,"0.00,0.00,0.00,0.00,0.00,0.00,0.00,0.00,0.00,0.00,0.00,0.00",,0.00,0.00,,
animated cartoon xxx 3d hd taboo porn,,0,"0.00,0.00,0.00,0.00,0.00,0.00,0.00,0.00,0.00,0.00,0.00,0.00",,0.00,0.00,,
animated cgi 3d porn,,0,"0.00,0.00,0.00,0.00,0.00,0.00,0.00,0.00,0.00,0.00,0.00,0.00",,0.00,0.00,,
animated hentai 3d incest porn,,0,"0.00,0.00,0.00,0.00,0.00,0.00,0.00,0.00,0.00,0.00,0.00,0.00",,0.00,0.00,,
animated hentai 3d incest porn free,,0,"0.00,0.00,0.00,0.00,0.00,0.00,0.00,0.00,0.00,0.00,0.00,0.00",,0.00,0.00,,
animated horse 3d porn,,0,"0.00,0.00,0.00,0.00,0.00,0.00,0.00,0.00,0.00,0.00,0.00,0.00",,0.00,0.00,,
animated incest breakfast for james 3d porn comic,,0,"0.00,0.00,0.00,0.00,0.00,0.00,0.00,0.00,0.00,0.00,0.00,0.00",,0.00,0.00,,
animated m&m 3d porn,,0,"0.00,0.00,0.00,0.00,0.00,0.00,0.00,0.00,0.00,0.00,0.00,0.00",,0.00,0.00,,
animated porn 3d wife nightmare,,0,"0.00,0.00,0.00,0.00,0.00,0.00,0.00,0.00,0.00,0.00,0.00,0.00",,0.00,0.00,,
animated porn 3d wwe video,,0,"0.00,0.00,0.00,0.00,0.00,0.00,0.00,0.00,0.00,0.00,0.00,0.00",,0.00,0.00,,
animated porn gif 3d,,0,"0.00,0.00,0.00,0.00,0.00,0.00,0.00,0.00,0.00,0.00,0.00,0.00",,0.00,0.00,,
animated porn gif 3d overwatch,,0,"0.00,0.00,0.00,0.00,0.00,0.00,0.00,0.00,0.00,0.00,0.00,0.00",,0.00,0.00,,
animated porn videos 3d,,0,"0.00,0.00,0.00,0.00,0.00,0.00,0.00,0.00,0.00,0.00,0.00,0.00",,0.00,0.00,,
animated selfsuck 3d porn,,0,"0.00,0.00,0.00,0.00,0.00,0.00,0.00,0.00,0.00,0.00,0.00,0.00",,0.00,0.00,,
animated sex porn 3d,,0,"0.00,0.00,0.00,0.00,0.00,0.00,0.00,0.00,0.00,0.00,0.00,0.00",,0.00,0.00,,
animated sfm blender rule 34 hentai compilation porn 3d hentai,,0,"0.00,0.00,0.00,0.00,0.00,0.00,0.00,0.00,0.00,0.00,0.00,0.00",,0.00,0.00,,
animated shemales 3d porn,,0,"0.00,0.00,0.00,0.00,0.00,0.00,0.00,0.00,0.00,0.00,0.00,0.00",,0.00,0.00,,
animated statue futanari 3d porn,,0,"0.00,0.00,0.00,0.00,0.00,0.00,0.00,0.00,0.00,0.00,0.00,0.00",,0.00,0.00,,
animated strapon lesbians 3d porn,,0,"0.00,0.00,0.00,0.00,0.00,0.00,0.00,0.00,0.00,0.00,0.00,0.00",,0.00,0.00,,
animated trap 3d porn,,0,"0.00,0.00,0.00,0.00,0.00,0.00,0.00,0.00,0.00,0.00,0.00,0.00",,0.00,0.00,,
animated vagina porn 3d,,0,"0.00,0.00,0.00,0.00,0.00,0.00,0.00,0.00,0.00,0.00,0.00,0.00",,0.00,0.00,,
animated young 3d porn,,0,"0.00,0.00,0.00,0.00,0.00,0.00,0.00,0.00,0.00,0.00,0.00,0.00",,0.00,0.00,,
animates 3d porn,,0,"0.00,0.00,0.00,0.00,0.00,0.00,0.00,0.00,0.00,0.00,0.00,0.00",,0.00,0.00,,
animating 3d porn,,0,"0.00,0.00,0.00,0.00,0.00,0.00,0.00,0.00,0.00,0.00,0.00,0.00",,0.00,0.00,,
animating 3d porn tutorial,,0,"0.00,0.00,0.00,0.00,0.00,0.00,0.00,0.00,0.00,0.00,0.00,0.00",,0.00,0.00,,
animating porn 3d,,0,"0.00,0.00,0.00,0.00,0.00,0.00,0.00,0.00,0.00,0.00,0.00,0.00",,0.00,0.00,,
animating porn 3d tutorial,,0,"0.00,0.00,0.00,0.00,0.00,0.00,0.00,0.00,0.00,0.00,0.00,0.00",,0.00,0.00,,
animation 3d big booty porn,,0,"0.00,0.00,0.00,0.00,0.00,0.00,0.00,0.00,0.00,0.00,0.00,0.00",,0.00,0.00,,
animation 3d con porn daddys angel,,0,"0.00,0.00,0.00,0.00,0.00,0.00,0.00,0.00,0.00,0.00,0.00,0.00",,0.00,0.00,,
animation 3d futa porn,,0,"0.00,0.00,0.00,0.00,0.00,0.00,0.00,0.00,0.00,0.00,0.00",,0.00,0.00,,
animation 3d hd porn,,0,"0.00,0.00,0.00,0.00,0.00,0.00,0.00,0.00,0.00,0.00,0.00,0.00",,0.00,0.00,,
animation 3d lesbian porn,,0,"0.00,0.00,0.00,0.00,0.00,0.00,0.00,0.00,0.00,0.00,0.00,0.00",,0.00,0.00,,
animation 3d porn con,,0,"0.00,0.00,0.00,0.00,0.00,0.00,0.00,0.00,0.00,0.00,0.00,0.00",,0.00,0.00,,
animation 3d porn con daughter,,0,"0.00,0.00,0.00,0.00,0.00,0.00,0.00,0.00,0.00,0.00,0.00,0.00",,0.00,0.00,,
animation 3d porn daddy,,0,"0.00,0.00,0.00,0.00,0.00,0.00,0.00,0.00,0.00,0.00,0.00,0.00",,0.00,0.00,,
animation 3d porn daddy gay,,0,"0.00,0.00,0.00,0.00,0.00,0.00,0.00,0.00,0.00,0.00,0.00,0.00",,0.00,0.00,,
animation 3d porn daddys angel,,0,"0.00,0.00,0.00,0.00,0.00,0.00,0.00,0.00,0.00,0.00,0.00,0.00",,0.00,0.00,,
animation 3d porn daddys lil angel,,0,"0.00,0.00,0.00,0.00,0.00,0.00,0.00,0.00,0.00,0.00,0.00,0.00",,0.00,0.00,,
animation 3d porn futa,,0,"0.00,0.00,0.00,0.00,0.00,0.00,0.00,0.00,0.00,0.00,0.00,0.00",,0.00,0.00,,
animation 3d porn game,,0,"0.00,1.00,0.00,0.00,0.00,0.00,0.00,0.00,0.00,0.00,0.00,0.00",,0.00,0.00,,
animation 3d porn monster,,0,"0.00,0.00,0.00,0.00,0.00,0.00,0.00,0.00,0.00,0.00,0.00,0.00",,0.00,0.00,,
animation 3d porn movie,,0,"0.00,0.00,0.00,0.00,0.00,0.00,0.00,0.00,0.00,0.00,0.00,0.00",,0.00,0.00,,
animation 3d porn movies,,0,"0.00,0.00,0.00,0.00,0.00,0.00,0.00,0.00,0.00,0.00,0.00,0.00",,0.00,0.00,,
animation 3d porn roadkill,,0,"0.00,0.00,0.00,0.00,0.00,0.00,0.00,0.00,0.00,0.00,0.00,0.00",,0.00,0.00,,
animation 3d porn roadkill con,,0,"0.00,0.00,0.00,0.00,0.00,0.00,0.00,0.00,0.00,0.00,0.00,0.00",,0.00,0.00,,
animation 3d porn roadkill daughter,,0,"0.00,0.00,0.00,0.00,0.00,0.00,0.00,0.00,0.00,0.00,0.00,0.00",,0.00,0.00,,
animation 3d porn roadkill little,,0,"0.00,0.00,0.00,0.00,0.00,0.00,0.00,0.00,0.00,0.00,0.00,0.00",,0.00,0.00,,
animation 3d porn succubus,,0,"0.00,0.00,0.00,0.00,0.00,0.00,0.00,0.00,0.00,0.00,0.00,0.00",,0.00,0.00,,
animation 3d porno,,0,"0.00,0.00,0.00,0.00,0.00,0.00,0.00,1.00,0.00,0.00,0.00,1.00",,0.00,0.00,,
animation 3d sex porn,,0,"0.00,0.00,0.00,0.00,0.00,0.00,0.00,0.00,0.00,0.00,0.00,0.00",,0.00,0.00,,
animation anime 3d porn,,0,"0.00,0.00,0.00,0.00,0.00,0.00,0.00,0.00,0.00,0.00,0.00,0.00",,0.00,0.00,,
animation gay porn 3d,,0,"0.00,0.00,0.00,0.00,0.00,0.00,0.00,0.00,0.00,0.00,0.00,0.00",,0.00,0.00,,
animation porn affect 3d,,0,"0.00,0.00,0.00,0.00,0.00,0.00,0.00,0.00,0.00,0.00,0.00,0.00",,0.00,0.00,,
animation porn videos 3d,,0,"0.00,0.00,0.00,0.00,0.00,0.00,0.00,0.00,0.00,0.00,0.00,0.00",,0.00,0.00,,
animation porno 3d,,0,"0.00,0.00,0.00,0.00,0.00,0.00,0.00,0.00,0.00,0.00,0.00,0.00",,0.00,0.00,,
animation tutorial for 3d porn,,0,"0.00,0.00,0.00,0.00,0.00,0.00,0.00,0.00,0.00,0.00,0.00,0.00",,0.00,0.00,,
animations 3d porn,,0,"0.00,0.00,0.00,0.00,0.00,0.00,0.00,0.00,0.00,0.00,0.00,0.00",,0.00,0.00,,
anime 3d anal porn,,0,"0.00,0.00,0.00,0.00,0.00,0.00,0.00,0.00,0.00,0.00,0.00,0.00",,0.00,0.00,,
anime 3d anal porn video,,0,"0.00,0.00,0.00,0.00,0.00,0.00,0.00,0.00,0.00,0.00,0.00,0.00",,0.00,0.00,,
anime 3d big tits porn hd,,0,"0.00,0.00,0.00,0.00,0.00,0.00,0.00,0.00,0.00,0.00,0.00,0.00",,0.00,0.00,,
anime 3d bunny girl porn,,0,"0.00,0.00,0.00,0.00,0.00,0.00,0.00,0.00,0.00,0.00,0.00,0.00",,0.00,0.00,,
anime 3d cartoon porn,,0,"0.00,0.00,0.00,0.00,0.00,0.00,0.00,0.00,0.00,0.00,0.00,0.00",,0.00,0.00,,
anime 3d creampie porn,,0,"0.00,0.00,0.00,0.00,0.00,0.00,0.00,0.00,0.00,0.00,0.00,0.00",,0.00,0.00,,
anime 3d family porn,,0,"0.00,0.00,0.00,0.00,0.00,0.00,0.00,0.00,0.00,0.00,0.00,0.00",,0.00,0.00,,
anime 3d feet porn,,0,"0.00,0.00,0.00,0.00,0.00,0.00,0.00,0.00,0.00,0.00,0.00,0.00",,0.00,0.00,,
anime 3d fuck agent and zombie porn,,0,"0.00,0.00,0.00,0.00,0.00,0.00,0.00,0.00,0.00,0.00,0.00,0.00",,0.00,0.00,,
anime 3d girl porn,,0,"0.00,0.00,0.00,0.00,0.00,0.00,0.00,0.00,0.00,0.00,0.00,0.00",,0.00,0.00,,
anime 3d girls halloween porn,,0,"0.00,0.00,0.00,0.00,0.00,0.00,0.00,0.00,0.00,0.00,0.00,0.00",,0.00,0.00,,
anime 3d girls semi nude porn,,0,"0.00,0.00,0.00,0.00,0.00,0.00,0.00,0.00,0.00,0.00,0.00,0.00",,0.00,0.00,,
anime 3d hardcore porn,,0,"0.00,0.00,0.00,0.00,0.00,0.00,0.00,0.00,0.00,0.00,0.00,0.00",,0.00,0.00,,
anime 3d harley quinn porn,,0,"0.00,0.00,0.00,0.00,0.00,0.00,0.00,0.00,0.00,0.00,0.00,0.00",,0.00,0.00,,
anime 3d hentai porn,,0,"0.00,0.00,0.00,0.00,0.00,0.00,0.00,0.00,0.00,0.00,0.00,0.00",,0.00,0.00,,
anime 3d horse porn,,0,"0.00,0.00,0.00,0.00,0.00,0.00,0.00,0.00,0.00,0.00,0.00,0.00",,0.00,0.00,,
anime 3d incest porn,,0,"0.00,0.00,0.00,0.00,0.00,0.00,0.00,0.00,0.00,0.00,0.00,0.00",,0.00,0.00,,
anime 3d loli porn,,0,"0.00,0.00,0.00,0.00,0.00,0.00,0.00,0.00,0.00,0.00,0.00,0.00",,0.00,0.00,,
anime 3d milf porn,,0,"0.00,0.00,0.00,0.00,0.00,0.00,0.00,0.00,0.00,0.00,0.00,0.00",,0.00,0.00,,
anime 3d model porn,,0,"0.00,0.00,0.00,0.00,0.00,0.00,0.00,0.00,0.00,0.00,0.00,0.00",,0.00,0.00,,
anime 3d monster porn,,0,"0.00,0.00,0.00,0.00,0.00,0.00,1.00,0.00,0.00,0.00,1.00,0.00",,0.00,0.00,,
anime 3d porn .com,,0,"0.00,0.00,0.00,0.00,0.00,0.00,0.00,0.00,0.00,0.00,0.00,0.00",,0.00,0.33,,
anime 3d porn anal,,0,"0.00,0.00,0.00,0.00,0.00,0.00,0.00,0.00,0.00,0.00,0.00,0.00",,0.00,0.00,,
anime 3d porn animation,,0,"0.00,0.00,0.00,0.00,0.00,0.00,0.00,0.00,0.00,0.00,0.00,0.00",,0.00,0.00,,
anime 3d porn blowjob pulsating,,0,"0.00,0.00,0.00,0.00,0.00,0.00,0.00,0.00,0.00,0.00,0.00,0.00",,0.00,0.00,,
anime 3d porn car,,0,"0.00,0.00,0.00,0.00,0.00,0.00,0.00,0.00,0.00,0.00,0.00,0.00",,0.00,0.00,,
anime 3d porn comic,,0,"0.00,0.00,0.00,0.00,0.00,0.00,0.00,0.00,0.00,0.00,0.00,0.00",,0.00,0.00,,
anime 3d porn cum inflation,,0,"0.00,0.00,0.00,0.00,0.00,0.00,0.00,0.00,0.00,0.00,0.00,0.00",,0.00,0.00,,
anime 3d porn docking,,0,"0.00,0.00,0.00,0.00,0.00,0.00,0.00,0.00,0.00,0.00,0.00,0.00",,0.00,0.00,,
anime 3d porn dvd,,0,"0.00,0.00,0.00,0.00,0.00,0.00,0.00,0.00,0.00,0.00,0.00,0.00",,0.00,0.00,,
anime 3d porn free,,0,"0.00,0.00,0.00,0.00,0.00,0.00,0.00,0.00,0.00,0.00,0.00,0.00",,0.00,0.00,,
anime 3d porn full movi,,0,"0.00,0.00,0.00,0.00,0.00,0.00,0.00,0.00,0.00,0.00,0.00,0.00",,0.00,0.00,,
anime 3d porn full muovi,,0,"0.00,0.00,0.00,0.00,0.00,0.00,0.00,0.00,0.00,0.00,0.00,0.00",,0.00,0.00,,
anime 3d porn futa,,0,"0.00,0.00,0.00,0.00,0.00,0.00,0.00,0.00,0.00,0.00,0.00,0.00",,0.00,0.00,,
anime 3d porn games,,0,"0.00,1.00,0.00,0.00,0.00,0.00,1.00,0.00,0.00,0.00,0.00,0.00",,0.00,0.33,,
anime 3d porn gifs,,0,"0.00,0.00,0.00,0.00,0.00,0.00,0.00",,0.00,0.00,,
anime 3d porn hentai,,0,"0.00,0.00,0.00,0.00,0.00,0.00,0.00,0.00,0.00",,0.00,0.00,,
anime 3d porn horse outside,,0,"0.00,0.00,0.00,0.00,0.00,0.00,0.00,0.00,0.00,0.00,0.00,0.00",,0.00,0.00,,
anime 3d porn model,,0,"0.00,0.00,0.00,0.00,0.00,0.00,0.00,0.00,0.00,0.00,0.00,0.00",,0.00,0.00,,
anime 3d porn movie,,0,"0.00,0.00,0.00,0.00,0.00,0.00,1.00,0.00,0.00,0.00,0.00,0.00",,0.00,0.00,,
anime 3d porn overwatch,,0,"0.00,0.00,0.00,0.00,0.00,0.00,0.00,0.00,0.00,0.00,0.00,0.00",,0.00,0.00,,
anime 3d porn showing boobs gif,,0,"0.00,0.00,0.00,0.00,0.00,0.00,0.00,0.00,0.00,0.00,0.00,0.00",,0.00,0.00,,
anime 3d porn site,,0,"0.00,0.00,0.00,0.00,0.00,0.00,0.00,0.00",,0.00,0.00,,
anime 3d porn skyrim,,0,"0.00,0.00,0.00,0.00,0.00,0.00,0.00,0.00,0.00,0.00,0.00,0.00",,0.00,0.00,,
anime 3d porn tube,,0,"0.00,1.00,0.00,0.00,0.00,0.00,0.66,0.00,0.00,0.00,0.00,0.00",,0.00,0.00,,
anime 3d porn uncensored,,0,"0.00,0.00,0.00,0.00,0.00,0.00,0.00,0.00,0.00,0.00,0.00,0.00",,0.00,0.00,,
anime 3d porn uncle dick,,0,"0.00,0.00,0.00,0.00,0.00,0.00,0.00,0.00,0.00,0.00,0.00,0.00",,0.00,0.00,,
anime 3d porn vampires,,0,"0.00,0.00,0.00,0.00,0.00,0.00,0.00,0.00,0.00,0.00,0.00,0.00",,0.00,0.00,,
anime 3d porn vampires devant art,,0,"0.00,0.00,0.00,0.00,0.00,0.00,0.00,0.00,0.00,0.00,0.00,0.00",,0.00,0.00,,
anime 3d porn vampires deviantart,,0,"0.00,0.00,0.00,0.00,0.00,0.00,0.00,0.00,0.00,0.00,0.00,0.00",,0.00,0.00,,
anime 3d porn vide,,0,"0.00,0.00,0.00,0.00,0.00,0.00,0.00,0.00,0.00,0.00,0.00,0.00",,0.00,0.00,,
anime 3d porn video mom,,0,"0.00,0.00,0.00,0.00,0.00,0.00,0.00,0.00,0.00,0.00,0.00,0.00",,0.00,0.00,,
anime 3d porn xvideo,,0,"0.00,0.00,0.00,0.00,0.00,0.00,0.00,0.00,0.00,0.00,0.00,0.00",,0.00,0.00,,
anime 3d porn xxx,,0,"0.00,0.00,0.00,0.00,0.00,0.00,0.00,0.00,0.00,0.00,0.00,0.00",,0.00,0.00,,
anime 3d porn.,,0,"0.00,0.00,0.00,0.00,0.00,0.00,0.00,0.00,0.00,0.00,0.00,0.00",,0.00,0.00,,
anime 3d porno,,0,"0.00,0.00,0.00,0.00,0.00,0.00,0.00,0.00,0.00,0.00,0.00,0.00",,0.00,0.00,,
anime 3d porno video,,0,"0.00,0.00,0.00,0.00,0.00,0.00,0.00,0.00,0.00,0.00,0.00,0.00",,0.00,0.00,,
anime 3d porns,,0,"0.00,0.00,0.00,0.00,0.00,0.00,0.00,0.00,0.00,0.00,0.00,0.00",,0.00,0.00,,
anime 3d prisoner porn,,0,"0.00,0.00,0.00,0.00,0.00,0.00,0.00,0.00,0.00,0.00,0.00,0.00",,0.00,0.00,,
anime 3d rape porn,,0,"0.00,0.00,0.00,0.00,0.00,0.00,0.00,0.00,0.00,0.00,0.00,0.00",,0.00,0.00,,
anime 3d sfm porn,,0,"0.00,0.00,0.00,0.00,0.00,0.00,0.00,0.00,0.00,0.00,0.00,0.00",,0.00,0.00,,
anime 3d sfm porn videos,,0,"0.00,0.00,0.00,0.00,0.00,0.00,0.00,0.00,0.00,0.00,0.00,0.00",,0.00,0.00,,
anime 3d shemale porn,,0,"0.00,0.00,0.00,0.00,0.00,0.00,0.00,0.00,0.00,0.00,0.00,0.00",,0.00,0.00,,
anime 3d teen porn,,0,"0.00,0.00,0.00,0.00,0.00,0.00,0.00,0.00,0.00,0.00,0.00,0.00",,0.00,0.00,,
anime 3d tentacle porn,,0,"0.00,0.00,0.00,0.00,0.00,0.00,0.00,0.00,0.00,0.00,0.00,0.00",,0.00,0.00,,
anime 3d trans porn,,0,"0.00,0.00,0.00,0.00,0.00,0.00,0.00",,0.00,0.00,,
anime 3d troll rape porn,,0,"0.00,0.00,0.00,0.00,0.00,0.00,0.00,0.00,0.00,0.00,0.00,0.00",,0.00,0.00,,
anime 3d vr porn,,0,"0.00,0.00,0.00,0.00,0.00,0.00,0.00,0.00,0.00,0.00,0.00,0.00",,0.00,0.00,,
anime 3d young porn,,0,"0.00,0.00,0.00,0.00,0.00,0.00,0.00,0.00,0.00,0.00,0.00,0.00",,0.00,0.00,,
anime 3d zelda ass porn,,0,"0.00,0.00,0.00,0.00,0.00,0.00,0.00,0.00,0.00,0.00,0.00,0.00",,0.00,0.00,,
anime 3d.porn,,0,"0.00,0.00,0.00,0.00,0.00,0.00,0.00,0.00,0.00,0.00,0.00,0.00",,0.00,0.00,,
anime ai 3d porn,,0,0.00,,0.00,0.00,,
anime animation 3d porn,,0,"0.00,0.00,0.00,0.00,0.00,0.00,0.00,0.00,0.00,0.00,0.00,0.00",,0.00,0.00,,
anime big tits 3d porn,,0,"0.00,0.00,0.00,0.00,0.00,0.00,0.00,0.00,0.00,0.00,0.00,0.00",,0.00,0.00,,
anime cartoon 3d avengers porn,,0,"0.00,0.00,0.00,0.00,0.00,0.00,0.00,0.00,0.00,0.00,0.00,0.00",,0.00,0.00,,
anime cartoon 3d avengers porn gay,,0,"0.00,0.00,0.00,0.00,0.00,0.00,0.00,0.00,0.00,0.00,0.00,0.00",,0.00,0.00,,
anime cartoon 3d captain america porn gay,,0,"0.00,0.00,0.00,0.00,0.00,0.00,0.00,0.00,0.00,0.00,0.00,0.00",,0.00,0.00,,
anime cartoon 3d cuckquean porn,,0,"0.00,0.00,0.00,0.00,0.00,0.00,0.00,0.00,0.00,0.00,0.00,0.00",,0.00,0.00,,
anime cartoon 3d daddy daughter abuse porn,,0,"0.00,0.00,0.00,0.00,0.00,0.00,0.00,0.00,0.00,0.00,0.00,0.00",,0.00,0.00,,
anime cartoon 3d porn,,0,"0.00,0.00,0.00,0.00,0.00,0.00,0.00,0.00,0.00,0.00,0.00,0.00",,0.00,0.00,,
anime cowgirl porn gif 3d,,0,"0.00,0.00,0.00,0.00,0.00,0.00,0.00,0.00,0.00,0.00,0.00,0.00",,0.00,0.00,,
anime de 3d culonas porno,,0,"0.00,0.00,0.00,0.00,0.00,0.00,0.00,0.00,0.00,0.00,0.00,0.00",,0.00,0.00,,
anime de porno 3d,,0,"0.00,0.00,0.00,0.00,0.00,0.00,0.00,0.00,0.00,0.00,0.00,0.00",,0.00,0.00,,
anime en 3d culonas porno,,0,"0.00,0.00,0.00,0.00,0.00,0.00,0.00,0.00,0.00,0.00,0.00,0.00",,0.00,0.00,,
anime fart porn battle 3d,,0,"0.00,0.00,0.00,0.00,0.00,0.00,0.00,0.00,0.00,0.00,0.00,0.00",,0.00,0.00,,
anime female naked pussy hentai porn 3d absurd res,,0,"0.00,0.00,0.00,0.00,0.00,0.00,0.00,0.00,0.00,0.00,0.00,0.00",,0.00,0.00,,
anime female naked pussy hentai porn 3d absurd res censored,,0,"0.00,0.00,0.00,0.00,0.00,0.00,0.00,0.00,0.00,0.00,0.00,0.00",,0.00,0.00,,
anime fingering 3d porn gif,,0,"0.00,0.00,0.00,0.00,0.00,0.00,0.00,0.00,0.00,0.00,0.00,0.00",,0.00,0.00,,
anime futa 3d porn,,0,"0.00,0.00,0.00,0.00,0.00,0.00,0.00,0.00,0.00,0.00,0.00,0.00",,0.00,0.00,,
anime futa porn 3d,,0,"0.00,0.00,0.00,0.00,0.00,0.00,0.00,0.00,0.00,0.00,0.00,0.00",,0.00,0.00,,
anime futurama herm 3d xxx porn,,0,"0.00,0.00,0.00,0.00,0.00,0.00,0.00,0.00,0.00,0.00,0.00,0.00",,0.00,0.00,,
anime gif porno en 3d,,0,"0.00,0.00,0.00,0.00,0.00,0.00,0.00,0.00,0.00,0.00,0.00,0.00",,0.00,0.00,,
anime gif porno en 3d gay,,0,"0.00,0.00,0.00,0.00,0.00,0.00,0.00,0.00,0.00,0.00,0.00,0.00",,0.00,0.00,,
anime girl 3d porn,,0,"0.00,0.00,0.00,0.00,0.00,0.00,0.00,0.00,0.00,0.00,0.00,0.00",,0.00,0.00,,
anime girl boob 3d porn,,0,"0.00,0.00,0.00,0.00,0.00,0.00,0.00,0.00,0.00,0.00,0.00,0.00",,0.00,0.00,,
anime girl full horse cum 3d porn,,0,"0.00,0.00,0.00,0.00,0.00,0.00,0.00,0.00,0.00,0.00,0.00,0.00",,0.00,0.00,,
anime girl porn 3d,,0,"0.00,0.00,0.00,0.00,0.00,0.00,0.00,0.00,0.00,0.00,0.00,0.00",,0.00,0.00,,
anime girl porn 3d pictures,,0,"0.00,0.00,0.00,0.00,0.00,0.00,0.00,0.00,0.00,0.00,0.00,0.00",,0.00,0.00,,
anime girl stuck in the park 3d porn,,0,"0.00,0.00,0.00,0.00,0.00,0.00,0.00,0.00,0.00,0.00,0.00,0.00",,0.00,0.00,,
anime girls 3d porn,,0,"0.00,0.00,0.00,0.00,0.00,0.00,0.00,0.00,0.00,0.00,0.00,0.00",,0.00,0.00,,
anime harley quinn 3d porn,,0,"0.00,0.00,0.00,0.00,0.00,0.00,0.00,0.00,0.00,0.00,0.00,0.00",,0.00,0.00,,
anime hentai 3d porn,,0,"0.00,0.00,0.00,0.00,0.00,0.00,0.00,0.00,0.00,0.00,0.00,0.00",,0.00,0.00,,
anime hentai 3d porno,,0,"0.00,0.00,0.00,0.00,0.00,0.00,0.00,0.00,0.00,0.00,0.00,0.00",,0.00,0.00,,
anime hentai porn 3d,,0,"0.00,0.00,0.00,0.00,0.00,0.00,0.00,0.00,0.00,0.00,0.00,0.00",,0.00,0.00,,
anime hentai porno 3d,,0,"0.00,0.00,0.00,0.00",,0.00,0.00,,
anime interracial hentai 3d quick pregnant porn,,0,"0.00,0.00,0.00,0.00,0.00,0.00,0.00,0.00,0.00,0.00,0.00,0.00",,0.00,0.00,,
anime mangle porn 3d,,0,"0.00,0.00,0.00,0.00,0.00,0.00,0.00,0.00,0.00,0.00,0.00,0.00",,0.00,0.00,,
anime mom 3d sex porn hub,,0,"0.00,0.00,0.00,0.00,0.00,0.00,0.00,0.00,0.00,0.00,0.00,0.00",,0.00,0.00,,
anime monster 3d rape porn videos,,0,"0.00,0.00,0.00,0.00,0.00,0.00,0.00,0.00,0.00,0.00,0.00,0.00",,0.00,0.00,,
anime monster porn 3d,,0,"0.00,0.00,0.00,0.00,0.00,0.00,0.00,0.00,0.00,0.00,0.00,0.00",,0.00,0.00,,
anime monster rape porn 3d,,0,"0.00,0.00,0.00,0.00,0.00,0.00,0.00,0.00,0.00,0.00,0.00,0.00",,0.00,0.00,,
anime porn 3d big tits,,0,"0.00,0.00,0.00,0.00,0.00,0.00,0.00,0.00,0.00,0.00,0.00,0.00",,0.00,0.00,,
anime porn 3d cum,,0,"0.00,0.00,0.00,0.00,0.00,0.00,0.00,0.00,0.00,0.00,0.00,0.00",,0.00,0.00,,
anime porn 3d fantasy,,0,"0.00,0.00,0.00,0.00,0.00,0.00,0.00,0.00,0.00,0.00,0.00,0.00",,0.00,0.00,,
anime porn 3d fantasy horse sex,,0,"0.00,0.00,0.00,0.00,0.00,0.00,0.00,0.00,0.00,0.00,0.00,0.00",,0.00,0.00,,
anime porn 3d fucked fromm behind,,0,"0.00,0.00,0.00,0.00,0.00,0.00,0.00,0.00,0.00,0.00,0.00,0.00",,0.00,0.00,,
anime porn 3d futa,,0,"0.00,0.00,0.00,0.00,0.00,0.00,0.00,0.00,0.00,0.00,0.00,0.00",,0.00,0.00,,
anime porn 3d gay,,0,"0.00,0.00,0.00,0.00,0.00,0.00,0.00,0.00,0.00,0.00,0.00,0.00",,0.00,0.00,,
anime porn 3d gif,,0,"0.00,0.00,0.00,0.00,0.00,0.00,0.00,0.00,0.00,0.00,0.00,0.00",,0.00,0.00,,
anime porn 3d gisela tia skyla,,0,"0.00,0.00,0.00,0.00,0.00,0.00,0.00,0.00,0.00,0.00,0.00,0.00",,0.00,0.00,,
anime porn 3d hanter,,0,"0.00,0.00,0.00,0.00,0.00,0.00,0.00,0.00,0.00,0.00,0.00,0.00",,0.00,0.00,,
anime porn 3d hentai,,0,"0.00,0.00,0.00,0.00,0.00,0.00,0.00,0.00,0.00,0.00,0.00,0.00",,0.00,0.00,,
anime porn 3d inflation,,0,"0.00,0.00,0.00,0.00,0.00,0.00,0.00,0.00,0.00,0.00,0.00,0.00",,0.00,0.00,,
anime porn 3d law,,0,"0.00,0.00,0.00,0.00,0.00,0.00,0.00,0.00,0.00,0.00,0.00,0.00",,0.00,0.00,,
anime porn 3d lesmians,,0,"0.00,0.00,0.00,0.00,0.00,0.00,0.00,0.00,0.00,0.00,0.00,0.00",,0.00,0.00,,
anime porn 3d lesvians,,0,"0.00,0.00,0.00,0.00,0.00,0.00,0.00,0.00,0.00,0.00,0.00,0.00",,0.00,0.00,,
anime porn 3d little girl,,0,"0.00,0.00,0.00,0.00,0.00,0.00,0.00,0.00,0.00,0.00,0.00,0.00",,0.00,0.00,,
anime porn 3d mom,,0,"0.00,0.00,0.00,1.00,0.00,0.00,0.00,0.00,0.00,0.00,0.00,0.00",,0.00,0.00,,
anime porn 3d pic,,0,"0.00,0.00,0.00,0.00,0.00,0.00,0.00,0.00,0.00,0.00,0.00,0.00",,0.00,0.00,,
anime porn 3d scarlet,,0,"0.00,0.00,0.00,0.00,0.00,0.00,0.00,0.00,0.00,0.00,0.00,0.00",,0.00,0.00,,
anime porn comic 3d,,0,"0.00,0.00,0.00,0.00,0.00,0.00,0.00,0.00,0.00,0.00,0.00,0.00",,0.00,0.00,,
anime porn futa 3d,,0,"0.00,0.00,0.00,0.00,0.00,0.00,0.00,0.00,0.00,0.00,0.00,0.00",,0.00,0.00,,
anime porn game 3d,,0,"1.00,1.00,0.00,0.00,1.00,1.00,0.00,0.00,0.00,0.00,0.00,0.00",,0.00,0.33,,
anime porn hd 3d,,0,"0.00,0.00,0.00,0.00,0.00,0.00,0.00,0.00,0.00,0.00,0.00,0.00",,0.00,0.00,,
anime porn hentai 3d,,0,"0.00,0.00,0.00,0.00,0.00,0.00,0.00,0.00,0.00,0.00,0.00,0.00",,0.00,0.00,,
anime porn in 3d,,0,"0.00,0.00,0.00,0.00,0.00,0.00,0.00,0.00,0.00,0.00,0.00,0.00",,0.00,0.00,,
anime porn shemale 3d,,0,"0.00,0.00,0.00,0.00,0.00,0.00,0.00,0.00,0.00,0.00,0.00,0.00",,0.00,0.00,,
anime porn sites 3d,,0,"0.00,0.00,0.00,0.00,0.00,0.00,0.00,0.00,0.00,0.00,0.00,0.00",,0.00,0.00,,
anime porn uncensored 3d,,0,"0.00,0.00,0.00,0.00,0.00,0.00,0.00,0.00,0.00,0.00,0.00,0.00",,0.00,0.00,,
anime porn video 3d,,0,"0.00,0.00,0.00,0.00,0.00,0.00,0.00,0.00,0.00,0.00,0.00,0.00",,0.00,0.33,,
anime porno 3d de lesbianas con pene,,0,"0.00,0.00,0.00,0.00,0.00,0.00,0.00,0.00,0.00,0.00,0.00,0.00",,0.00,0.00,,
anime porno 3d gratis sin censura,,0,"0.00,0.00,0.00,0.00,0.00,0.00,0.00,0.00,0.00,0.00,0.00,0.00",,0.00,0.00,,
anime porno en 3d,,0,"0.00,0.00,0.00,0.00,0.00,0.00,0.00,0.00,0.00,0.00,0.00,0.00",,0.00,0.00,,
anime porno gay 3d tweter,,0,"0.00,0.00,0.00,0.00,0.00,0.00,0.00,0.00,0.00,0.00,0.00,0.00",,0.00,0.00,,
anime porno hentai 3d,,0,"0.00,0.00,0.00,0.00,0.00,0.00,0.00,0.00,0.00,0.00,0.00,0.00",,0.00,0.00,,
anime porno.3d,,0,"0.00,0.00,0.00,0.00,0.00,0.00,0.00,0.00,0.00,0.00,0.00,0.00",,0.00,0.00,,
anime sex 3d porn,,0,"0.00,0.00,0.00,0.00,0.00,0.00,0.00,0.00,0.00,0.00,0.00,0.00",,0.00,0.00,,
anime shemale 3d porn,,0,"0.00,0.00,0.00,0.00,0.00,0.00,0.00,0.00,0.00,0.00,0.00,0.00",,0.00,0.00,,
anime shemale porn 3d,,0,"0.00,0.00,0.00,0.00,0.00,0.00,0.00,0.00,0.00,0.00,0.00,0.00",,0.00,0.00,,
anime sissy video game 3d art porno,,0,"0.00,0.00,0.00,0.00,0.00,0.00,0.00,0.00,0.00,0.00,0.00,0.00",,0.00,0.00,,
anime teen 3d porn,,0,"0.00,0.00,0.00,0.00,0.00,0.00,0.00,0.00,0.00,0.00,0.00,0.00",,0.00,0.00,,
anime teen porn 3d,,0,"0.00,0.00,0.00,0.00,0.00,0.00,0.00,0.00,0.00,0.00,0.00,0.00",,0.00,0.00,,
anime throat porn 3d,,0,"0.00,0.00,0.00,0.00,0.00,0.00,0.00,0.00,0.00,0.00,0.00,0.00",,0.00,0.00,,
anime tit fuck inflation 3d porn,,0,"0.00,0.00,0.00,0.00,0.00,0.00,0.00,0.00,0.00,0.00,0.00,0.00",,0.00,0.00,,
anime tranny porn 3d,,0,"0.00,0.00,0.00,0.00,0.00,0.00,0.00,0.00,0.00,0.00,0.00,0.00",,0.00,0.00,,
anime young 3d porn,,0,"0.00,0.00,0.00,0.00,0.00,0.00,0.00,0.00,0.00,0.00,0.00,0.00",,0.00,0.00,,
anime.3d porn,,0,"0.00,0.00,0.00,0.00,0.00,0.00,0.00,0.00,0.00,0.00,0.00,0.00",,0.00,0.00,,
animed 3d porn,,0,"0.00,0.00,0.00,0.00,0.00,0.00,0.00,0.00,0.00,0.00,0.00,0.00",,0.00,0.00,,
animed 3d wife share porn,,0,"0.00,0.00,0.00,0.00,0.00,0.00,0.00,0.00,0.00,0.00,0.00,0.00",,0.00,0.00,,
animes 3d porn,,0,"0.00,0.00,0.00,0.00,0.00,0.00,0.00,0.00,0.00,0.00,0.00,0.00",,0.00,0.00,,
animes 3d porno,,0,"0.00,0.00,1.00,0.00,0.00,0.00,0.00,0.00,0.00,0.00,0.00,0.00",,0.00,0.00,,
animes porn 3d,,0,"0.00,0.00,0.00,0.00,0.00,0.00,0.00,0.00,0.00,0.00,0.00,0.00",,0.00,0.00,,
animes real 3d porn movies,,0,"0.00,0.00,0.00,0.00,0.00,0.00,0.00,0.00,0.00,0.00,0.00,0.00",,0.00,0.00,,
animes real uncensorex 3d porn movies,,0,"0.00,0.00,0.00,0.00,0.00,0.00,0.00,0.00,0.00,0.00,0.00,0.00",,0.00,0.00,,
animo porn 3d,,0,"0.00,0.00,0.00,0.00,0.00,0.00,0.00,0.00,0.00,0.00,0.00,0.00",,0.00,0.33,,
animé 3d porno,,0,"0.00,0.00,0.00,0.00,0.00,0.00,0.00,0.00,0.00,0.00,0.00,0.00",,0.00,0.00,,
animé lesbanas porno 3d,,0,"0.00,0.00,0.00,0.00,0.00,0.00,0.00,0.00,0.00,0.00,0.00,0.00",,0.00,0.00,,
ankha 3d animation porn,,0,"0.00,0.00,0.00,0.00,0.00,0.00,0.00,0.00,0.00,0.00,0.00,0.00",,0.00,0.00,,
ankha animal crossing 3d porn,,0,"0.00,0.00,0.00,0.00,0.00,0.00,0.00,0.00,0.00,0.00,0.00,0.00",,0.00,0.00,,
art of ard 3d porn animation,,0,"0.00,0.00,0.00,0.00,0.00,0.00,0.00,0.00,0.00,0.00,0.00,0.00",,0.00,0.00,,
arya stark 3d animation porn,,0,"0.00,0.00,0.00,0.00,0.00,0.00,0.00,0.00,0.00,0.00,0.00,0.00",,0.00,0.00,,
attack on titan 3d animation porn,,0,"0.00,0.00,0.00,0.00,0.00,0.00,0.00,0.00,0.00,0.00,0.00,0.00",,0.00,0.00,,
aunt cass 3d animated porn,,0,"0.00,0.00,0.00,0.00,0.00,0.00,0.00,0.00,0.00,0.00,0.00,0.00",,0.00,0.00,,
aunt cass 3d porn animation,,0,"0.00,0.00,0.00,0.00,0.00,0.00,0.00,0.00,0.00,0.00,0.00,0.00",,0.00,0.00,,
author maybash 3d anime porn,,0,"0.00,0.00,0.00,0.00,0.00,0.00,0.00,0.00,0.00,0.00,0.00,0.00",,0.00,0.00,,
awesome 3d animated porn,,0,"0.00,0.00,0.00,0.00,0.00,0.00,0.00,0.00,0.00,0.00,0.00,0.00",,0.00,0.00,,
bad onion anime porn 3d,,0,"0.00,0.00,0.00,0.00,0.00,0.00,0.00,0.00,0.00,0.00,0.00,0.00",,0.00,0.00,,
barbell 3d animation porn,,0,"0.00,0.00,0.00,0.00,0.00,0.00,0.00,0.00,0.00,0.00,0.00,0.00",,0.00,0.00,,
bbc 3d animated porn,,0,"0.00,0.00,0.00,0.00,0.00,0.00,0.00,0.00,0.00,0.00,0.00,0.00",,0.00,0.00,,
bbw 3d animation porn,,0,"0.00,0.00,0.00,0.00,0.00,0.00,0.00,0.00,0.00,0.00,0.00,0.00",,0.00,0.00,,
bbw 3d animation weight gain porn,,0,"0.00,0.00,0.00,0.00,0.00,0.00,0.00,0.00,0.00,0.00,0.00,0.00",,0.00,0.00,,
be 3d animated porn,,0,"0.00,0.00,0.00,0.00,0.00,0.00,0.00,0.00,0.00,0.00,0.00,0.00",,0.00,0.00,,
beast 3d porn cartoon animation videos free,,0,"0.00,0.00,0.00,0.00,0.00,0.00,0.00,0.00,0.00,0.00,0.00,0.00",,0.00,0.00,,
beastiality 3d animation dogs fucking girls porn tube,,0,"0.00,0.00,0.00,0.00,0.00,0.00,0.00,0.00,0.00,0.00,0.00,0.00",,0.00,0.00,,
beastiality dog 3d animated porn,,0,"0.00,0.00,0.00,0.00,0.00,0.00,0.00,0.00,0.00,0.00,0.00,0.00",,0.00,0.00,,
beerus 3d animated porn,,0,"0.00,0.00,0.00,0.00,0.00,0.00,0.00,0.00,0.00,0.00,0.00,0.00",,0.00,0.00,,
ben 10 3d animation porn,,0,"0.00,0.00,0.00,0.00,0.00,0.00,0.00,0.00,0.00,0.00,0.00,0.00",,0.00,0.00,,
benten 3d anime porn videos,,0,"0.00,0.00,0.00,0.00,0.00,0.00,0.00,0.00,0.00,0.00,0.00,0.00",,0.00,0.00,,
best 3d animal cartoon porn,,0,"0.00,0.00,0.00,0.00,0.00,0.00,0.00,0.00,0.00,0.00,0.00,0.00",,0.00,0.00,,
best 3d animal fuck girls porn,,0,"0.00,0.00,0.00,0.00,0.00,0.00,0.00,0.00,0.00,0.00,0.00,0.00",,0.00,0.00,,
best 3d animated adult furry porn,,0,"0.00,0.00,0.00,0.00,0.00,0.00,0.00,0.00,0.00,0.00,0.00,0.00",,0.00,0.00,,
best 3d animated beastality porn,,0,"0.00,0.00,0.00,0.00,0.00,0.00,0.00,0.00,0.00,0.00,0.00,0.00",,0.00,0.00,,
best 3d animated girl porn,,0,"0.00,0.00,0.00,0.00,0.00,0.00,0.00,0.00,0.00,0.00,0.00,0.00",,0.00,0.00,,
best 3d animated pc porn games,,0,"0.00,0.00,0.00,0.00,0.00,0.00,0.00,0.00,0.00,0.00,0.00,0.00",,0.00,0.00,,
best 3d animated porn 2020,,0,"0.00,0.00,0.00,0.00,0.00,0.00,0.00,0.00,0.00,0.00,0.00,0.00",,0.00,0.00,,
best 3d animated porn creampie,,0,"0.00,0.00,0.00,0.00,0.00,0.00,0.00,0.00,0.00,0.00,0.00,0.00",,0.00,0.00,,
best 3d animated porn game,,0,"0.00,0.00,0.00,0.00,0.00,0.00,0.00,0.00,0.00,0.00,0.00,0.00",,0.00,0.00,,
best 3d animated porn movie,,0,"0.00,0.00,0.00,0.00,0.00,0.00,0.00,0.00,0.00,0.00,0.00,0.00",,0.00,0.00,,
best 3d animated porn qoc,,0,"0.00,0.00,0.00,0.00,0.00,0.00,0.00,0.00,0.00,0.00,0.00,0.00",,0.00,0.00,,
best 3d animated porn reddit,,0,"0.00,0.00,0.00,0.00,0.00,0.00,0.00,0.00,0.00,0.00,0.00,0.00",,0.00,0.00,,
best 3d animated porn site,,0,"0.00,0.00,0.00,0.00,0.00,0.00,0.00,0.00,0.00,0.00,1.00,0.50",,0.00,0.33,,
best 3d animated porn video,,0,"0.00,0.00,0.00,0.00,0.00,0.00,0.00,0.00,0.00,0.00,0.00,0.00",,0.00,0.00,,
best 3d animated porn videos sites,,0,"0.00,0.00,0.00,0.00,0.00,0.00,0.00,0.00,0.00,0.00,0.00,0.00",,0.00,0.00,,
best 3d animated porn websites,,0,"0.00,0.00,0.00,0.00,0.00,0.00,0.00,0.00,0.00,0.00,0.00,0.00",,0.00,0.00,,
best 3d animated real like porn,,0,"0.00,0.00,0.00,0.00,0.00,0.00,0.00,0.00,0.00,0.00,0.00,0.00",,0.00,0.00,,
best 3d animated realistic huge cock anal porn,,0,"0.00,0.00,0.00,0.00,0.00,0.00,0.00,0.00,0.00,0.00,0.00,0.00",,0.00,0.00,,
best 3d animation beastality porn,,0,"0.00,0.00,0.00,0.00,0.00,0.00,0.00,0.00,0.00,0.00,0.00,0.00",,0.00,0.00,,
best 3d animation porn 2017,,0,"0.00,0.00,0.00,0.00,0.00,0.00,0.00,0.00,0.00,0.00,0.00,0.00",,0.00,0.00,,
best 3d animation porn 2021,,0,"0.00,0.00,0.00,0.00,0.00,0.00,0.00,0.00,0.00,0.00,0.00,0.00",,0.00,0.00,,
best 3d animation porn games,,0,"0.00,0.00,0.00,0.00,0.00,0.00,0.00,0.00,0.00,0.00,0.00,0.00",,0.00,0.00,,
best 3d animation porn movies,,0,"0.00,0.00,0.00,0.00,0.00,0.00,0.00,0.00,0.00,0.00,0.00,0.00",,0.00,0.00,,
best 3d animation porn site,,0,"0.00,0.00,0.00,0.00,0.00,0.00,0.00,0.00,0.00,0.00,1.00,0.00",,0.00,0.33,,
best 3d animation porn video,,0,"0.00,0.00,0.00,0.00,0.00,0.00,0.00,0.00,0.00,0.00,0.00,0.00",,0.00,0.00,,
best 3d animation porn websites,,0,"0.00,0.00,0.00,0.00,0.00,0.00,0.00,0.00,0.00,0.00,0.00,0.00",,0.00,0.00,,
best 3d animation porno,,0,"0.00,0.00,0.00,0.00,0.00,0.00,0.00,0.00,0.00,0.00,0.00,0.00",,0.00,0.00,,
best 3d animation realistic porn,,0,"0.00,0.00,0.00,0.00,0.00,0.00,0.00,0.00,0.00,0.00,0.00,0.00",,0.00,0.00,,
best 3d animation vr porn,,0,"0.00,0.00,0.00,0.00,0.00,0.00,0.00,0.00,0.00,0.00,0.00,0.00",,0.00,0.00,,
best 3d animations of 2020 porn,,0,"0.00,0.00,0.00,0.00,0.00,0.00,0.00,0.00,0.00,0.00,0.00,0.00",,0.00,0.00,,
best 3d animations porn,,0,"0.00,0.00,0.00,0.00,0.00,0.00,0.00,0.00,0.00,0.00,0.00,1.00",,0.00,0.00,,
best 3d anime porn game,,0,"0.00,0.00,0.00",,0.00,0.00,,
best 3d anime porn games,,0,"0.00,0.00,0.00,0.00,0.00,0.00,0.00,0.00,0.00,0.00,0.00,0.00",,0.00,0.00,,
best 3d anime porn movies,,0,"0.00,0.00,0.00,0.00,0.00,0.00,0.00,0.00,0.00,0.00,0.00,0.00",,0.00,0.00,,
best 3d anime porn reddit,,0,"0.00,0.00,0.00,0.00,0.00,0.00,0.00,0.00,0.00,1.00,0.00,0.00",,0.00,0.00,,
best 3d anime porn site,,0,"0.00,0.00,0.00,0.00,0.00,0.00,0.00,0.00,0.00,0.00,0.00,0.00",,0.00,0.33,,
best 3d anime porn uncensored,,0,"0.00,0.00,0.00,0.00,0.00,0.00,0.00,0.00,0.00,0.00,0.00,0.00",,0.00,0.00,,
best 3d anime porn videos,,0,"0.00,0.00,0.00,0.00,0.00,0.00,0.00,0.00,0.00,0.00,0.00,0.00",,0.00,0.00,,
best 3d anime porn voideos,,0,"0.00,0.00,0.00,0.00,0.00,0.00,0.00,0.00,0.00,0.00,0.00,0.00",,0.00,0.00,,
best 3d anime porno,,0,"0.00,0.00,0.00,0.00,0.00,0.00,0.00,0.00,0.00,0.00,0.00,0.00",,0.00,0.00,,
best 3d cumshot compilation / 3d sfm porn animations,,0,"0.00,0.00,0.00,0.00,0.00,0.00,0.00,0.00,0.00,0.00,0.00,0.00",,0.00,0.00,,
best 3d porn animation forum,,0,"0.00,0.00,0.00,0.00,0.00,0.00,0.00,0.00,0.00,0.00,0.00,0.00",,0.00,0.00,,
best 3d porn animations 2020,,0,"0.00,0.00,0.00,0.00,0.00,0.00,0.00,0.00,0.00,0.00,0.00,0.00",,0.00,0.00,,
best animated 3d porn toons,,0,"0.00,0.00,0.00,0.00,0.00,0.00,0.00,0.00,0.00,0.00,0.00,0.00",,0.00,0.00,,
best animated 3d porn videos,,0,"0.00,0.00,0.00,0.00,0.00",,0.00,0.00,,
best animated 3d porn vids,,0,"0.00,0.00,0.00,0.00,0.00,0.00,0.00,0.00,0.00,0.00,0.00,0.00",,0.00,0.00,,
best animated porn 3d,,0,"0.00,0.00,0.00,0.00,0.00,0.00,0.00,0.00,0.00,0.00,0.00,0.00",,0.00,0.00,,
best animation porn 3d,,0,"0.00,0.00,0.00,0.00,0.00,0.00,0.00,0.00,0.00,0.00,0.00,0.00",,0.00,0.00,,
best anime 3d porn,,0,"0.00,0.00,0.00,0.00,0.00,0.00,0.00,0.00,0.00,0.00,1.00,0.00",,0.00,0.00,,
best anime 3d porn games,,0,"0.00,0.00,0.00,0.00,0.00,0.00,0.00,0.00,0.00,0.00,0.00,0.00",,0.00,0.00,,
best anime 3d porn videos,,0,"0.00,0.00,0.00,0.00,0.00,0.00,0.00,0.00,0.00,0.00,0.00,0.00",,0.00,0.00,,
best anime 3d porn videos big dildo,,0,"0.00,0.00,0.00,0.00,0.00,0.00,0.00,0.00,0.00,0.00,0.00,0.00",,0.00,0.00,,
best free 3d animated porn games,,0,"0.00,0.00,0.00,0.00,0.00,0.00,0.00,0.00,0.00,0.00,0.00,0.00",,0.00,0.00,,
best free 3d animated porn tube,,0,"0.00,0.00,0.00,0.00,0.00,0.00,0.00,0.00,0.00,0.00,0.00,0.00",,0.00,0.00,,
best free 3d animation for making porn,,0,"0.00,0.00,0.00,0.00,0.00,0.00,0.00,0.00,0.00,0.00,0.00,0.00",,0.00,0.00,,
best free 3d animation for porn,,0,"0.00,0.00,0.00,0.00,0.00,0.00,0.00,0.00,0.00,0.00,0.00,0.00",,0.00,0.00,,
best free 3d animation porn,,0,"0.00,0.00,0.00,0.00,0.00,0.00,0.00,0.00,0.00,0.00,0.00,0.00",,0.00,0.00,,
best free 3d anime porn videos,,0,"0.00,0.00,0.00,0.00,0.00,0.00,0.00,0.00,0.00,0.00,0.00,0.00",,0.00,0.00,,
best free animated 3d porn videos,,0,"0.00,0.00,0.00,0.00,0.00,0.00,0.00,0.00,0.00,0.00,0.00,0.00",,0.00,0.00,,
best gif animated 3d adult porn,,0,"0.00,0.00,0.00,0.00,0.00,0.00,0.00,0.00,0.00,0.00,0.00,0.00",,0.00,0.00,,
best gif animated 3d adult porn cumshot,,0,"0.00,0.00,0.00,0.00,0.00,0.00,0.00,0.00,0.00,0.00,0.00,0.00",,0.00,0.00,,
best high quality 3d porn animation collection,,0,"0.00,0.00,0.00,0.00,0.00,0.00,0.00,0.00,0.00,0.00,0.00,0.00",,0.00,0.00,,
best legit site to buy 3d animation hentai porn videos,,0,"0.00,0.00,0.00,0.00,0.00,0.00,0.00,0.00,0.00,0.00,0.00,0.00",,0.00,0.00,,
best nyl 3d animated porn,,0,"0.00,0.00,0.00,0.00,0.00,0.00,0.00,0.00,0.00,0.00,0.00,0.00",,0.00,0.00,,
best place to watch 3d animated porn,,0,"0.00,0.00,0.00,0.00,0.00,0.00,0.00,0.00,0.00,0.00,0.00,0.00",,0.00,0.00,,
best site for 3d animated porn,,0,"0.00,0.00,0.00,0.00,0.00,0.00,0.00,0.00,0.00,0.00,0.00,0.00",,0.00,0.00,,
bestiality 3d animation porn,,0,"1.00,0.00,0.00,0.00",,0.00,0.00,,
big 3d animated furry expansion porn,,0,"0.00,0.00,0.00,0.00,0.00,0.00,0.00,0.00,0.00,0.00,0.00,0.00",,0.00,0.00,,
big 3d animated furry porn,,0,"0.00,0.00,0.00,0.00,0.00,0.00,0.00,0.00,0.00,0.00,0.00,0.00",,0.00,0.00,,
big ass animation 3d porn,,0,"0.00,0.00,0.00,0.00,0.00,0.00,0.00,0.00,0.00,0.00,0.00,0.00",,0.00,0.00,,
big ass anime 3d porn,,0,"0.00,0.00,0.00,0.00,0.00,0.00,0.00,0.00,0.00,0.00,0.00,0.00",,0.00,0.00,,
big ass porn 3d animated,,0,"0.00,0.00,0.00,0.00,0.00,0.00,0.00,0.00,0.00,0.00,0.00,0.00",,0.00,0.00,,
big boobs 3d porn anime,,0,"0.00,0.00,0.00,0.00,0.00,0.00,0.00,0.00,0.00,0.00,0.00,0.00",,0.00,0.00,,
big booty 3d animated porn,,0,"0.00,0.00,0.00,0.00,0.00,0.00,0.00,0.00,0.00,0.00,0.00,0.00",,0.00,0.00,,
big booty 3d animation porn,,0,"0.00,0.00,0.00,0.00,0.00,0.00,0.00,0.00,0.00,0.00,0.00,0.00",,0.00,0.00,,
big booty 3d anime porn,,0,"0.00,0.00,0.00,0.00,0.00,0.00,0.00,0.00,0.00,0.00,0.00,0.00",,0.00,0.00,,
big booty anime 3d girl porn,,0,"1.00,0.00,0.00,0.00,0.00,0.00,0.00",,0.00,0.00,,
big booty anime 3d girl porn dildo,,0,"1.00,0.00,0.00,0.00,0.00,0.00,0.00",,0.00,0.00,,
big booty furry creampie 3d animation porn,,0,"1.00,0.00,0.00,0.00,0.00",,0.00,0.00,,
big butt porn 3d animation,,0,"0.00,0.00,0.00,0.00,0.00,0.00,0.00,0.00,0.00,0.00,0.00,0.00",,0.00,0.00,,
big porn 3d animated,,0,"0.00,0.00,0.00,0.00,0.00,0.00,0.00,0.00,0.00,0.00,0.00,0.00",,0.00,0.00,,
big tit 3d anime porn,,0,"0.00,0.00,0.00,0.00,0.00,0.00,0.00,0.00,0.00,0.00,0.00,0.00",,0.00,0.00,,
big tits 3d animated porn,,0,"0.00,0.00,0.00,0.00,0.00,0.00,0.00,0.00,0.00,0.00,0.00,0.00",,0.00,0.00,,
big tits 3d animation porn,,0,"0.00,0.00,0.00,0.00,0.00,0.00,0.00,0.00,0.00,0.00,0.00,0.00",,0.00,0.00,,
big tits 3d anime porn,,0,"0.00,0.00,0.00,0.00,0.00,0.00,0.00,0.00,0.00,0.00,0.00,0.00",,0.00,0.00,,
birth 3d animation porn,,0,"0.00,0.00,0.00,0.00,0.00,0.00,0.00,0.00,0.00,0.00,0.00,0.00",,0.00,0.00,,
black adder 3d animated porn,,0,"0.00,0.00,0.00,0.00,0.00,0.00,0.00,0.00,0.00,0.00,0.00,0.00",,0.00,0.00,,
black father and son 3d animation porn,,0,"0.00,0.00,0.00,0.00,0.00,0.00,0.00,0.00,0.00,0.00,0.00,0.00",,0.00,0.00,,
blackadder 3d animated porn,,0,"0.00,0.00,0.00,0.00,0.00,0.00,0.00,0.00,0.00,0.00,0.00,0.00",,0.00,0.00,,
blender 3d furry animation porn,,0,"0.00,0.00,0.00,0.00,0.00,0.00,0.00,0.00,0.00,0.00,0.00,0.00",,0.00,0.00,,
blender 3d porn animation,,0,"0.00,0.00,0.00,0.00,0.00,0.00,0.00,0.00,0.00,0.00,0.00,0.00",,0.00,0.00,,
blood lust vampire ceren spirals down 3d animated porn film,,0,"0.00,0.00,0.00,0.00,0.00,0.00,0.00,0.00,0.00,0.00,0.00,0.00",,0.00,0.00,,
blunder 3d animation porn,,0,"0.00,0.00,0.00,0.00,0.00,0.00,0.00,0.00,0.00,0.00,0.00,0.00",,0.00,0.00,,
boob anime porn 3d,,0,"0.00,0.00,0.00,0.00,0.00,0.00,0.00,0.00,0.00,0.00,0.00,0.00",,0.00,0.00,,
brand new 3d anime porn,,0,"0.00,0.00,0.00,0.00,0.00,0.00,0.00,0.00,0.00,0.00,0.00,0.00",,0.00,0.00,,
brand new futanari 3d animated porn,,0,"0.00,0.00,0.00,0.00,0.00,0.00,0.00,0.00,0.00,0.00,0.00,0.00",,0.00,0.00,,
brother sister 3d animated porn,,0,"0.00,0.00,0.00,0.00,0.00,0.00,0.00,0.00,0.00,0.00,0.00,0.00",,0.00,0.00,,
brutal 3d animation porn,,0,"0.00,0.00,0.00,0.00,0.00,0.00,0.00,0.00,0.00,0.00,0.00,0.00",,0.00,0.00,,
bulk out 1 3d animated porn video,,0,"0.00,0.00,0.00,0.00,0.00,0.00,0.00,0.00,0.00,0.00,0.00,0.00",,0.00,0.00,,
bunny ears beastiality dog 3d animated porn,,0,"0.00,0.00,0.00,0.00,0.00,0.00,0.00,0.00,0.00,0.00,0.00,0.00",,0.00,0.00,,
bunny girl 3d animation porn,,0,"0.00,0.00,0.00,0.00,0.00,0.00,0.00,0.00,0.00,0.00,0.00,0.00",,0.00,0.00,,
busty anime 3d porn,,0,"0.00,0.00,0.00,0.00,0.00,0.00,0.00,0.00,0.00,0.00,0.00,0.00",,0.00,0.00,,
can you make money with 3d animated porn,,0,"0.00,0.00,0.00,0.00,0.00,0.00,0.00,0.00,0.00,0.00,0.00,0.00",,0.00,0.00,,
cartoon 3d animated porn,,0,"0.00,0.00,0.00,0.00,0.00,0.00,0.00,0.00,0.00,0.00,0.00,0.00",,0.00,0.00,,
cartoon 3d animation incest porn,,0,"0.00,0.00,0.00,0.00,0.00,0.00,0.00,0.00,0.00,0.00,0.00,0.00",,0.00,0.00,,
cartoon 3d anime porn,,0,"0.00,0.00,0.00,0.00,0.00,0.00,0.00,0.00,0.00,0.00,0.00,0.00",,0.00,0.00,,
cartoon 3d porn animation,,0,"0.00,0.00,0.00,0.00,0.00,0.00,0.00,0.00,0.00,0.00,0.00,0.00",,0.00,0.00,,
cartoon animated 3d porn,,0,"0.00,0.00,0.00,0.00,0.00,0.00,0.00,0.00,0.00,0.00,0.00,0.00",,0.00,0.00,,
cartoon animation 3d porn,,0,"0.00,0.00,0.00,0.00,0.00,0.00,0.00,0.00,0.00,0.00,0.00,0.00",,0.00,0.00,,
cartoon porn 3d animation,,0,"0.00,0.00,0.00,0.00,0.00,0.00,0.00,0.00,0.00,0.00,0.00,0.00",,0.00,0.00,,
cartoon porn animation 3d,,0,"0.00,0.00,0.00,0.00,0.00,0.00,0.00,0.00,0.00,0.00,0.00,0.00",,0.00,0.00,,
cattleya reina 3d porn animation,,0,"0.00,0.00,0.00,0.00,0.00,0.00,0.00,0.00,0.00,0.00,0.00,0.00",,0.00,0.00,,
caught anime 3d porn,,0,"0.00,0.00,0.00,0.00,0.00,0.00,0.00,0.00,0.00,0.00,0.00,0.00",,0.00,0.00,,
caught anime 3d porn blowjob,,0,"0.00,0.00,0.00,0.00,0.00,0.00,0.00,0.00,0.00,0.00,0.00,0.00",,0.00,0.00,,
celebrity 3d animated porn,,0,"0.00,0.00,0.00,0.00,0.00,0.00,0.00,0.00,0.00,0.00,0.00,0.00",,0.00,0.00,,
cgi 3d animated monster porn,,0,"0.00,0.00,0.00,0.00,0.00,0.00,0.00,0.00,0.00,0.00,0.00,0.00",,0.00,0.00,,
cgi 3d animated porn,,0,"0.00,0.00,0.00,0.00,0.00,0.00,0.00,0.00,0.00,0.00,0.00,0.00",,0.00,0.00,,
cgi 3d animated porn hd,,0,"0.00,0.00,0.00,0.00,0.00,0.00,0.00,0.00,0.00,0.00,0.00,0.00",,0.00,0.00,,
cgi 3d animation porn,,0,"0.00,0.00,0.00,0.00,0.00,0.00,0.00,0.00,0.00,0.00,0.00,0.00",,0.00,0.00,,
chained 3d animated porn,,0,"0.00,0.00,0.00,0.00,0.00,0.00,0.00,0.00,0.00,0.00,0.00,0.00",,0.00,0.00,,
cheating 3d animation porn,,0,"0.00,0.00,0.00,0.00,0.00,0.00,0.00,0.00,0.00,0.00,0.00,0.00",,0.00,0.00,,
cheating wife 3d animation porn,,0,"0.00,0.00,0.00,0.00,0.00,0.00,0.00,0.00,0.00,0.00,0.00,0.00",,0.00,0.00,,
cheating wife 3d porn animation,,0,"0.00,0.00,0.00,0.00,0.00,0.00,0.00,0.00,0.00,0.00,0.00,0.00",,0.00,0.00,,
cheating wife 3d porn animation camp,,0,"0.00,0.00,0.00,0.00,0.00,0.00,0.00,0.00,0.00,0.00,0.00,0.00",,0.00,0.00,,
cheating wife 3d porn animation camping,,0,"0.00,0.00,0.00,0.00,0.00,0.00,0.00,0.00,0.00,0.00,0.00,0.00",,0.00,0.00,,
cheating with bbc 3d animated porn,,0,"0.00,0.00,0.00,0.00,0.00,0.00,0.00,0.00,0.00,0.00,0.00,0.00",,0.00,0.00,,
chicas de anime en 3d porno,,0,"0.00,0.00,0.00,0.00,0.00,0.00,0.00,0.00,0.00,0.00,0.00,0.00",,0.00,0.00,,
chinese 3d animated porn,,0,"0.00,0.00,0.00,0.00,0.00,0.00,0.00,0.00,0.00,0.00,0.00,0.00",,0.00,0.00,,
clinic anime porn 3d,,0,"0.00,0.00,0.00,0.00,0.00,0.00,0.00,0.00,0.00,0.00,0.00,0.00",,0.00,0.00,,
comendo a mae do meu amigo 3d anime porno quadrinhos,,0,"0.00,0.00,0.00,0.00,0.00,0.00,0.00,0.00,0.00,0.00,0.00,0.00",,0.00,0.00,,
coming of age 3d animated porn,,0,"0.00,0.00,0.00,0.00,0.00,0.00,0.00,0.00,0.00,0.00,0.00,0.00",,0.00,0.00,,
controlling porn 3d animated game,,0,"0.00,0.00,0.00,0.00,0.00,0.00,0.00,0.00,0.00,0.00,0.00,0.00",,0.00,0.00,,
cool 3d anime porn gif,,0,"0.00,0.00,0.00,0.00,0.00,0.00,0.00,0.00,0.00,0.00,0.00,0.00",,0.00,0.00,,
create your own 3d animated porn character,,0,"0.00,0.00,0.00,0.00,0.00,0.00,0.00,0.00,0.00,0.00,0.00,0.00",,0.00,0.00,,
create your own 3d animated porn charecter,,0,"0.00,0.00,0.00,0.00,0.00,0.00,0.00,0.00,0.00,0.00,0.00,0.00",,0.00,0.00,,
cross eyed 3d anime porn,,0,"0.00,0.00,0.00,0.00,0.00,0.00,0.00,0.00,0.00,0.00,0.00,0.00",,0.00,0.00,,
cross eyed 3d anime porn gif,,0,"0.00,0.00,0.00,0.00,0.00,0.00,0.00,0.00,0.00,0.00,0.00,0.00",,0.00,0.00,,
cullen dorian gay porn 3d nsfw gif sfm animated,,0,"0.00,0.00,0.00,0.00,0.00,0.00,0.00,0.00,0.00,0.00,0.00,0.00",,0.00,0.00,,
cute 3d anime girl porn,,0,"0.00,0.00,0.00,0.00,0.00,0.00,0.00,0.00,0.00,0.00,0.00,0.00",,0.00,0.00,,
cute animated 3d porn gifs,,0,"0.00,0.00,0.00,0.00,0.00,0.00,0.00,0.00,0.00,0.00,0.00,0.00",,0.00,0.00,,
cute anime 3d porn,,0,"0.00,0.00,0.00,0.00,0.00,0.00,0.00,0.00,0.00,0.00,0.00,0.00",,0.00,0.00,,
cyberpunk edgerunners porn animation 3d,,0,"1.00,0.00,0.00,0.00,0.00,0.00,0.00,0.00,0.00",,0.00,0.00,,
dad daughter 3d animation porn.com,,0,"0.00,0.00,0.00,0.00,0.00,0.00,0.00,0.00,0.00,0.00,0.00,0.00",,0.00,0.00,,
darkside of 3d anime porn,,0,"0.00,0.00,0.00,0.00,0.00,0.00,0.00,0.00,0.00,0.00,0.00,0.00",,0.00,0.00,,
darksoul 3d blackadder animation porn toons,,0,"0.00,0.00,0.00,0.00,0.00,0.00,0.00,0.00,0.00,0.00,0.00,0.00",,0.00,0.00,,
daughter dad porn anime 3d,,0,"0.00,0.00,0.00,0.00,0.00,0.00,0.00,0.00,0.00,0.00,0.00,0.00",,0.00,0.00,,
daughter incest 3d animated porn,,0,"0.00,0.00,0.00,0.00,0.00,0.00,0.00,0.00,0.00,0.00,0.00,0.00",,0.00,0.00,,
daz 3d animating porn,,0,"0.00,0.00,0.00,0.00,0.00,0.00,0.00,0.00,0.00,0.00,0.00,0.00",,0.00,0.00,,
daz 3d animation porn,,0,"0.00,0.00,0.00,0.00,0.00,0.00,0.00,0.00,0.00,0.00,0.00,0.00",,0.00,0.00,,
demon girl 3d anime porn,,0,"0.00,0.00,0.00,0.00,0.00,0.00,0.00,0.00,0.00,0.00,0.00,0.00",,0.00,0.00,,
dessin animé 3d porno,,0,"0.00,0.00",,0.00,0.00,,
dirty beastiality porn real 3d animation,,0,"0.00,0.00,0.00,0.00,0.00,0.00,0.00,0.00,0.00,0.00,0.00,0.00",,0.00,0.00,,
disney 3d animated porn,,0,"0.00,0.00,0.00,0.00,0.00,0.00,0.00,0.00,0.00,0.00,0.00,0.00",,0.00,0.00,,
disney cartoon porn 3d virtual frozen animation,,0,"0.00,0.00,0.00,0.00,0.00,0.00,0.00,0.00,0.00,0.00,0.00,0.00",,0.00,0.00,,
dog animated 3d sf porn,,0,"0.00,0.00,0.00,0.00,0.00,0.00,0.00,0.00,0.00,0.00,0.00,0.00",,0.00,0.00,,
dog animated 3d sfm porn,,0,"0.00,0.00,0.00,0.00,0.00,0.00,0.00,0.00,0.00,0.00,0.00,0.00",,0.00,0.00,,
dog animated 3d sfm porn hotel,,0,"0.00,0.00,0.00,0.00,0.00,0.00,0.00,0.00,0.00,0.00,0.00,0.00",,0.00,0.00,,
dog beastiality sfm 3d animated porn,,0,"0.00,0.00,0.00,0.00,0.00,0.00,0.00,0.00,0.00,0.00,0.00,0.00",,0.00,0.00,,
dog porn 3d animation,,0,"1.00,0.00,0.00,0.00,0.00,0.00,0.00,0.00,0.00,0.00,0.00,0.00",,0.00,0.00,,
download 3d animation porn videos,,0,"0.00,0.00,0.00,0.00,0.00,0.00,0.00,0.00,0.00,0.00,0.00,0.00",,0.00,0.00,,
download animation video game porn 3d free,,0,"0.00,0.00,0.00,0.00,0.00,0.00,0.00,0.00,0.00,0.00,0.00,0.00",,0.00,0.00,,
download porn 3d anime family,,0,"0.00,0.00,0.00,0.00,0.00,0.00,0.00,0.00,0.00,0.00,0.00,0.00",,0.00,0.00,,
dp anime 3d porn,,0,"0.00,0.00,0.00,0.00,0.00,0.00,0.00,0.00,0.00,0.00,0.00,0.00",,0.00,0.00,,
dragon age 2 hawke 3d animated gif sfm gay porn,,0,"0.00,0.00,0.00,0.00,0.00,0.00,0.00,0.00,0.00,0.00,0.00,0.00",,0.00,0.00,,
dragon age 2 male hawke 3d animated gif sfm porn,,0,"0.00,0.00,0.00,0.00,0.00,0.00,0.00,0.00,0.00,0.00,0.00,0.00",,0.00,0.00,,
dragon age 3d animated gif sfm gay porn hawke,,0,"0.00,0.00,0.00,0.00,0.00,0.00,0.00,0.00,0.00,0.00,0.00,0.00",,0.00,0.00,,
dva 3d porn animation,,0,"0.00,0.00,0.00,0.00,0.00,0.00,0.00,0.00,0.00,0.00,0.00,0.00",,0.00,0.00,,
dva animation 3d tripper porn,,0,"0.00,0.00,0.00,0.00,0.00,0.00,0.00,0.00,0.00,0.00,0.00,0.00",,0.00,0.00,,
ebony 3d animated porn,,0,"0.00,0.00,0.00,0.00,0.00,0.00,0.00,0.00,0.00,0.00,0.00,0.00",,0.00,0.00,,
ebony 3d anime porn videos,,0,"0.00,0.00,0.00,0.00,0.00,0.00,0.00,0.00,0.00,0.00,0.00,0.00",,0.00,0.00,,
edge systems 3d animated porn videos,,0,"0.00,0.00,0.00,0.00,0.00,0.00,0.00,0.00,0.00,0.00,0.00,0.00",,0.00,0.00,,
egg impregnation 3d animation porn videos,,0,"0.00,0.00,0.00,0.00,0.00,0.00,0.00,0.00,0.00,0.00,0.00,0.00",,0.00,0.00,,
elf animation 3d big booty porn,,0,"0.00,0.00,0.00,0.00,0.00,0.00,0.00,0.00,0.00,0.00,0.00,0.00",,0.00,0.00,,
elsa 3d animation porn,,0,"0.00,0.00,0.00,0.00,0.00,0.00,0.00,0.00,0.00,0.00,0.00,0.00",,0.00,0.00,,
english dub 3d anime monster porn,,0,"0.00,0.00,0.00,0.00,0.00,0.00,0.00,0.00,0.00,0.00,0.00,0.00",,0.00,0.00,,
english dub 3d anime monster porn uncensored,,0,"0.00,0.00,0.00,0.00,0.00,0.00,0.00,0.00,0.00,0.00,0.00,0.00",,0.00,0.00,,
english dub 3d anime porn,,0,"0.00,0.00,0.00,0.00,0.00,0.00,0.00,0.00,0.00,0.00,0.00,0.00",,0.00,0.00,,
english dub anime 3d porn,,0,"0.00,0.00,0.00,0.00,0.00,0.00,0.00,0.00,0.00,0.00,0.00,0.00",,0.00,0.00,,
english dubed 3d anime porn,,0,"0.00,0.00,0.00,0.00,0.00,0.00,0.00,0.00,0.00,0.00,0.00,0.00",,0.00,0.00,,
english dubed 3d anime porn-teen impregnate by demon,,0,"0.00,0.00,0.00,0.00,0.00,0.00,0.00,0.00,0.00,0.00,0.00,0.00",,0.00,0.00,,
erotic 3d animations porn,,0,"0.00,0.00,0.00,0.00,0.00,0.00,0.00,0.00,0.00,0.00,0.00,0.00",,0.00,0.00,,
erotic 3d animations porn high quality,,0,"0.00,0.00,0.00,0.00,0.00,0.00,0.00,0.00,0.00,0.00,0.00,0.00",,0.00,0.00,,
erotic art 3d animation porno videos pages,,0,"0.00,0.00,0.00,0.00,0.00,0.00,0.00,0.00,0.00,0.00,0.00,0.00",,0.00,0.00,,
exga 3d hentai animated porn,,0,"0.00,0.00,0.00,0.00,0.00,0.00,0.00,0.00,0.00,0.00,0.00,0.00",,0.00,0.00,,
expensive 3d animated porn,,0,"0.00,0.00,0.00,0.00,0.00,0.00,0.00,0.00,0.00,0.00,0.00,0.00",,0.00,0.00,,
expinsove 3d animated porn,,0,"0.00,0.00,0.00,0.00,0.00,0.00,0.00,0.00,0.00,0.00,0.00,0.00",,0.00,0.00,,
fantasy 3d animation porn,,0,"0.00,0.00,0.00,0.00,0.00,0.00,0.00,0.00,0.00,0.00,0.00,0.00",,0.00,0.00,,
female muscle 3d animation porn,,0,"0.00,0.00,0.00,0.00,0.00,0.00,0.00,0.00,0.00,0.00,0.00,0.00",,0.00,0.00,,
feral animal 3d porn,,0,"0.00,0.00,0.00,0.00,0.00,0.00,0.00,0.00,0.00,0.00,0.00,0.00",,0.00,0.00,,
ffree 3d animation porn,,0,"0.00,0.00,0.00,0.00,0.00,0.00,0.00,0.00,0.00,0.00,0.00,0.00",,0.00,0.00,,
ffx rikku 3d animated free hentai porn video 65 xhamster,,0,"0.00,0.00,0.00,0.00,0.00,0.00,0.00,0.00,0.00,0.00,0.00,0.00",,0.00,0.00,,
first sex of wakana 3d animated porn,,0,"0.00,0.00,0.00,0.00,0.00,0.00,0.00,0.00,0.00,0.00,0.00,0.00",,0.00,0.00,,
five nights at animes porn 3d modles,,0,"0.00,0.00,0.00,0.00,0.00,0.00,0.00,0.00,0.00,0.00,0.00,0.00",,0.00,0.00,,
fluttershy 3d porn animation,,0,"0.00,0.00,0.00,0.00,0.00,0.00,0.00,0.00,0.00,0.00,0.00,0.00",,0.00,0.00,,
fnaf 3d animated porn,,0,"0.00,0.00,0.00,0.00,0.00,0.00,0.00,0.00,0.00,0.00,0.00,0.00",,0.00,0.00,,
fnaf 3d porn animation,,0,"0.00,0.00,0.00,0.00,0.00,0.00,0.00,0.00,0.00,0.00,0.00,0.00",,0.00,0.00,,
fnaf porn 3d animation,,0,"0.00,0.00,0.00,0.00,0.00,0.00,0.00,0.00,0.00,0.00,0.00,0.00",,0.00,0.00,,
fnaf vanessa 3d animation porn,,0,"0.00,0.00,0.00,0.00,0.00,0.00,0.00,0.00,0.00,0.00,0.00,0.00",,0.00,0.00,,
fnaf vanessa 3d porn animation,,0,"0.00,0.00,0.00,0.00,0.00,0.00,0.00,0.00,0.00,0.00,0.00,0.00",,0.00,0.00,,
fnaf vanessa porn 3d animation,,0,"0.00,0.00,0.00,0.00,0.00,0.00,0.00,0.00,0.00,0.00,0.00,0.00",,0.00,0.00,,
forced blowjob 3d hentia animated gifs porno,,0,"0.00,0.00,0.00,0.00,0.00,0.00,0.00,0.00,0.00,0.00,0.00,0.00",,0.00,0.00,,
fortnite 3d porn animation,,0,0.00,,0.00,0.00,,
fortnite lynx porn 3d animation,,0,"0.00,0.00,0.00,0.00,0.00,0.00,0.00,0.00,0.00,0.00,0.00,0.00",,0.00,0.00,,
free 3d animal porn videos,,0,"0.00,0.00,0.00,0.00,0.00,0.00,0.00,0.00,0.00,0.00,0.00,0.00",,0.00,0.33,,
free 3d animated porn game,,0,"0.00,0.00,0.00,0.00,0.00,0.00,0.00,0.00,0.00,0.00,0.00,0.00",,0.00,0.00,,
free 3d animated porn movies no credit card,,0,"0.00,0.00,0.00,0.00,0.00,0.00,0.00,0.00,0.00,0.00,0.00,0.00",,0.00,0.00,,
free 3d animated superhero porn,,0,"0.00,0.00,0.00,0.00,0.00,0.00,0.00,0.00,0.00,0.00,0.00,0.00",,0.00,0.00,,
free 3d anime gay porn,,0,"0.00,0.00,0.00,0.00,0.00,0.00,0.00,0.00,0.00,0.00,0.00,0.00",,0.00,0.00,,
free 3d anime porn games,,0,"0.00,0.00,0.00,0.00,0.00,0.00,0.00,0.00,0.00,0.00,0.00,0.00",,0.00,0.33,,
free 3d anime porn videos,,0,"0.00,0.00,0.00,0.00,0.00,0.00,0.00,0.00,0.00,0.00,0.00,0.00",,0.00,0.33,,
free 3d porn animation program,,0,"0.00,0.00,0.00,0.00,0.00,0.00,0.00,0.00,0.00,0.00,0.00,0.00",,0.00,0.00,,
free 3d porn animations games,,0,"0.00,0.00,0.00,0.00,0.00,0.00,0.00,0.00,0.00,0.00,0.00,0.00",,0.00,0.00,,
free animated 3d porn,,0,"0.00,0.00,0.00,0.00,0.00,0.00,0.00,0.00,0.00,0.00,0.00,0.00",,0.00,0.00,,
free animated 3d rape porn,,0,"0.00,0.00,0.00,0.00,0.00,0.00,0.00,0.00,0.00,0.00,0.00,0.00",,0.00,0.00,,
free anime 3d cartoon porn fill her with creamy cum,,0,"0.00,0.00,0.00,0.00,0.00,0.00,0.00,0.00,0.00,0.00,0.00,0.00",,0.00,0.00,,
free anime 3d porn,,0,"0.00,0.00,0.00,0.00,0.00,0.00,0.00,0.00,0.00,0.00,0.00,0.00",,0.00,0.00,,
free anime and 3d hetari porn model makers,,0,"0.00,0.00,0.00,0.00,0.00,0.00,0.00,0.00,0.00,0.00,0.00,0.00",,0.00,0.00,,
free anime porn 3d,,0,"0.00,0.00,0.00,0.00,0.00,0.00,0.00,0.00,0.00,0.00,0.00,0.00",,0.00,0.00,,
free downloads 3d animation porn,,0,"0.00,0.00,0.00,0.00,0.00,0.00,0.00,0.00,0.00,0.00,0.00,0.00",,0.00,0.00,,
free full length hd 3d animated porn videos,,0,"0.00,0.00,0.00,0.00,0.00,0.00,0.00,0.00,0.00,0.00,0.00,0.00",,0.00,0.00,,
free futa 3d animated porn,,0,"0.00,0.00,0.00,0.00,0.00,0.00,0.00,0.00,0.00,0.00,0.00,0.00",,0.00,0.00,,
free gay porn 3d animation chris redfield,,0,"0.00,0.00,0.00,0.00,0.00,0.00,0.00,0.00,0.00,0.00,0.00,0.00",,0.00,0.00,,
free hentai 3d anime porn,,0,"0.00,0.00,0.00,0.00,0.00,0.00,0.00,0.00,0.00,0.00,0.00,0.00",,0.00,0.00,,
free mobile 3d anime porn,,0,"0.00,0.00,0.00,0.00,0.00,0.00,0.00,0.00,0.00,0.00,0.00,0.00",,0.00,0.00,,
free new xxx 3d anime porn,,0,"0.00,0.00,0.00,0.00,0.00,0.00,0.00,0.00,0.00,0.00,0.00,0.00",,0.00,0.00,,
free online porn uncensored animated 3d,,0,"0.00,0.00,0.00,0.00,0.00,0.00,0.00,0.00,0.00,0.00,0.00,0.00",,0.00,0.00,,
free porn 3d animated cartoon,,0,"0.00,0.00,0.00,0.00,0.00,0.00,0.00,0.00,0.00,0.00,0.00,0.00",,0.00,0.00,,
free porn 3d animation,,0,"0.00,0.00,0.00,0.00,1.00,0.00,0.00,0.00,0.00,0.00,0.00,0.00",,0.00,0.00,,
free porn animated 3d,,0,"0.00,0.00,0.00,0.00,0.00,0.00,0.00,0.00,0.00,0.00,0.00,0.00",,0.00,0.00,,
free porn busty 3d animated,,0,"0.00,0.00,0.00,0.00,0.00,0.00,0.00,0.00,0.00,0.00,0.00,0.00",,0.00,0.00,,
free porn movies 3d anime hentai,,0,"0.00,0.00,0.00,0.00,0.00,0.00,0.00,0.00,0.00,0.00,0.00,0.00",,0.00,0.00,,
free sexy 3d animation porn,,0,"0.00,0.00,0.00,0.00,0.00,0.00,0.00,0.00,0.00,0.00,0.00,0.00",,0.00,0.00,,
free uncensored anime 3d porn,,0,"0.00,0.00,0.00,0.00,0.00,0.00,0.00,0.00,0.00,0.00,0.00,0.00",,0.00,0.00,,
free uncensored hentai anime 3d porno,,0,"0.00,0.00,0.00,0.00,0.00,0.00,0.00,0.00,0.00,0.00,0.00,0.00",,0.00,0.00,,
free video 3d anime gay porn,,0,"0.00,0.00,0.00,0.00,0.00,0.00,0.00,0.00,0.00,0.00,0.00,0.00",,0.00,0.00,,
free videos of 3d gay animated monster porn,,0,"0.00,0.00,0.00,0.00,0.00,0.00,0.00,0.00,0.00,0.00,0.00,0.00",,0.00,0.00,,
free xxx 3d anime porn,,0,"0.00,0.00,0.00,0.00,0.00,0.00,0.00,0.00,0.00,0.00,0.00,0.00",,0.00,0.00,,
free young anime 3d porn,,0,"0.00,0.00,0.00,0.00,0.00,0.00,0.00,0.00,0.00,0.00,0.00,0.00",,0.00,0.00,,
free zoo 3d animation porn,,0,"0.00,0.00,0.00,0.00,0.00,0.00,0.00,0.00,0.00,0.00,0.00,0.00",,0.00,0.00,,
frozen anime 3d porn gif,,0,"0.00,0.00,0.00,0.00,0.00,0.00,0.00,0.00,0.00,0.00,0.00,0.00",,0.00,0.00,,
ftm mtf 3d animation porn,,0,"0.00,0.00,0.00,0.00,0.00,0.00,0.00,0.00,0.00,0.00,0.00,0.00",,0.00,0.00,,
fucking 3d animal porn,,0,"0.00,0.00,0.00,0.00,0.00,0.00,0.00,0.00,0.00,0.00,0.00,0.00",,0.00,0.00,,
fucking my anime school girl 3d porn,,0,"0.00,0.00,0.00,0.00,0.00,0.00,0.00,0.00,0.00,0.00,0.00,0.00",,0.00,0.00,,
fucking my school girl 3d anime porn,,0,"0.00,0.00,0.00,0.00,0.00,0.00,0.00,0.00,0.00,0.00,0.00,0.00",,0.00,0.00,,
fucking my schoolgirl 3d anime porn,,0,"0.00,0.00,0.00,0.00,0.00,0.00,0.00,0.00,0.00,0.00,0.00,0.00",,0.00,0.00,,
full 3d animated porn free uncensored,,0,"0.00,0.00,0.00,0.00,0.00,0.00,0.00,0.00,0.00,0.00,0.00,0.00",,0.00,0.00,,
full 3d animated porn movie,,0,"0.00,0.00,0.00,0.00,0.00,0.00,0.00,0.00,0.00,0.00,0.00,0.00",,0.00,0.00,,
full 3d animation porn,,0,"0.00,0.00,0.00,0.00,0.00,0.00,0.00,0.00,0.00,0.00,0.00,0.00",,0.00,0.00,,
full 3d anime porn,,0,"0.00,0.00,0.00,0.00,0.00,0.00,0.00,0.00,0.00,0.00,0.00,0.00",,0.00,0.00,,
full 3d anime porn girl loses virginity,,0,"0.00,0.00,0.00,0.00,0.00,0.00,0.00,0.00,0.00,0.00,0.00,0.00",,0.00,0.00,,
full 3d anime rape porn,,0,"0.00,0.00,0.00,0.00,0.00,0.00,0.00,0.00,0.00,0.00,0.00,0.00",,0.00,0.00,,
full 3d hd animated porn gifs ad,,0,"0.00,0.00,0.00,0.00,0.00,0.00,0.00,0.00,0.00,0.00,0.00,0.00",,0.00,0.00,,
full length 3d animated porn,,0,"0.00,0.00,0.00,0.00,0.00,0.00,0.00,0.00,0.00,0.00,0.00,0.00",,0.00,0.00,,
fully animated 3d porn,,0,"0.00,0.00,0.00,0.00,0.00,0.00,0.00,0.00,0.00,0.00,0.00,0.00",,0.00,0.00,,
furry 3d animated porn,,0,"0.00,0.00,0.00,0.00,0.00,0.00,0.00,0.00,0.00,0.00,0.00,0.00",,0.00,0.00,,
furry 3d animation porn,,0,"0.00,0.00,0.00,0.00,0.00,0.00,0.00,0.00,0.00,0.00,0.00,0.00",,0.00,0.00,,
furry girl 3d animation porn,,0,"0.00,0.00,0.00,0.00,0.00,0.00,0.00,0.00,0.00,0.00,0.00,0.00",,0.00,0.00,,
furry porn 3d animated,,0,"0.00,0.00,0.00,0.00,0.00,0.00,0.00,0.00,0.00,0.00,0.00,0.00",,0.00,0.00,,
furry porn 3d animation,,0,"0.00,0.00,0.00,0.00,0.00,0.00,0.00,0.00,0.00,0.00,0.00,0.00",,0.00,0.00,,
furry porn 3d animation dvd,,0,"0.00,0.00,0.00,0.00,0.00,0.00,0.00,0.00,0.00,0.00,0.00,0.00",,0.00,0.00,,
furry porn animation 3d,,0,"0.00,0.00,0.00,1.00,0.00,0.00,0.00,0.00,0.00,0.00,0.00,0.00",,0.00,0.00,,
furry wolf animated 3d porn,,0,"0.00,0.00,0.00,0.00,0.00,0.00,0.00,0.00,0.00,0.00,0.00,0.00",,0.00,0.00,,
futa 3d animated porn,,0,"0.00,0.00,0.00,0.00,0.00,0.00,0.00,0.00,0.00,0.00,0.00,0.00",,0.00,0.00,,
futa 3d anime porn,,0,"0.00,0.00,0.00,0.00,0.00,0.00,0.00,0.00,0.00,0.00,0.00,1.00",,0.00,0.33,,
futa animated 3d porn,,0,"0.00,0.00,0.00,0.00,0.00,0.00,0.00,0.00,0.00,0.00,0.00",,0.00,0.00,,
futa animation 3d porn,,0,"0.00,0.00,0.00,0.00,0.00,0.00,0.00,0.00,0.00,0.00,0.00,0.00",,0.00,0.00,,
futa animation porn 3d,,0,"0.00,0.00,0.00,0.00,0.00,0.00,0.00,0.00,0.00,0.00,0.00,0.00",,0.00,0.00,,
futa anime 3d porn,,0,"0.00,0.00,0.00,0.00,0.00,0.00,0.00,0.00,0.00,0.00,0.00,0.00",,0.00,0.00,,
futa goddess - 3d animation porn,,0,"0.00,0.00,0.00,0.00,0.00,0.00,0.00,0.00,0.00,0.00,0.00,0.00",,0.00,0.00,,
futa porn 3d animated,,0,"0.00,0.00,0.00,0.00,0.00,0.00,0.00,0.00,0.00,0.00,0.00,0.00",,0.00,0.00,,
futa porn animation 3d,,0,"0.00,0.00,0.00,0.00,0.00,0.00,0.00,0.00,0.00,0.00,0.00,0.00",,0.00,0.00,,
futanari 3d animated porn,,0,"0.00,0.00,0.00,0.00,0.00,0.00,0.00,0.00,0.00,0.00,0.00,0.00",,0.00,0.00,,
futanari 3d animation cum shower anime porn videos,,0,"0.00,0.00,0.00,0.00,0.00,0.00,0.00,0.00,0.00,0.00,0.00,0.00",,0.00,0.00,,
futanari 3d anime porn,,0,"0.00,0.00,0.00,0.00,0.00,0.00,0.00,0.00,0.00,0.00,0.00,0.00",,0.00,0.00,,
futanari 3d cartoon hentai anime porn,,0,"0.00,0.00,0.00,0.00,0.00,0.00,0.00,0.00,0.00,0.00,0.00,0.00",,0.00,0.00,,
futanari 3d porn animation,,0,"0.00,0.00,0.00,0.00,0.00,0.00,0.00,0.00,0.00,0.00,0.00,0.00",,0.00,0.00,,
futanari animation 3d porn,,0,"0.00,0.00,0.00,0.00,0.00,0.00,0.00,0.00,0.00,0.00,0.00",,0.00,0.00,,
futanari porn 3d animation,,0,"0.00,0.00,0.00,0.00,0.00,0.00,0.00,0.00,0.00,0.00,0.00,0.00",,0.00,0.00,,
futanari porn animation 3d,,0,"0.00,0.00,0.00,0.00,0.00,0.00,0.00,0.00,0.00,0.00,0.00,0.00",,0.00,0.00,,
gab 3d porn animation,,0,"0.00,0.00,0.00,0.00,0.00,0.00,0.00,0.00,0.00,0.00,0.00,0.00",,0.00,0.00,,
games lolicon 3d animated porn gif,,0,"0.00,0.00,0.00,0.00,0.00,0.00,0.00,0.00,0.00,0.00,0.00,0.00",,0.00,0.00,,
gaming 3d -- new realistic cartoon anime porn,,0,"1.00,0.00,0.00,0.00,0.00,0.00,0.00,0.00,0.00,0.00",,0.00,0.00,,
gay 3d ai animation porn,,0,"1.00,0.00,0.00,0.00,0.00,0.00,0.00,0.00,0.00,0.00,0.00",,0.00,0.00,,
gay 3d animal porn gif,,0,"0.00,0.00,0.00,0.00,0.00,0.00,0.00,0.00,0.00,0.00,0.00,0.00",,0.00,0.00,,
gay 3d animation cartoon porn,,0,"0.00,0.00,0.00,0.00,0.00,0.00,0.00,0.00,0.00,0.00,0.00,0.00",,0.00,0.00,,
gay 3d animation furry porn,,0,"0.00,0.00,0.00,0.00,0.00,0.00,0.00,0.00,0.00,0.00,0.00,0.00",,0.00,0.00,,
gay 3d game porn animation,,0,"0.00,0.00,0.00,0.00,0.00,0.00,0.00,0.00,0.00,0.00,0.00,0.00",,0.00,0.00,,
gay 3d porn animated gif sfm,,0,"0.00,0.00,0.00,0.00,0.00,0.00,0.00,0.00,0.00,0.00,0.00,0.00",,0.00,0.00,,
gay animated porn 3d,,0,"0.00,0.00,0.00,0.00,0.00,0.00,0.00,0.00,0.00,0.00,1.00,0.00",,0.00,0.00,,
gay cartoon porn 3d anime,,0,"0.00,0.00,0.00,0.00,0.00,0.00,0.00,0.00,0.00,0.00,0.00,0.00",,0.00,0.00,,
gay fox 3d animation porn,,0,"0.00,0.00,0.00,0.00,0.00,0.00,0.00,0.00,0.00,0.00,0.00,0.00",,0.00,0.00,,
gay furry 3d animation porn,,0,"0.00,0.00,0.00,0.00,0.00,0.00,0.00,0.00,0.00,0.00,0.00,0.00",,0.00,0.00,,
gay furry porn 3d animation,,0,"0.00,0.00,0.00,0.00,0.00,0.00,0.00,0.00,0.00,0.00,0.00,0.00",,0.00,0.00,,
gay furry porn animation 3d,,0,"0.00,0.00,0.00,0.00,0.00,0.00,0.00,0.00,0.00,0.00,0.00,0.00",,0.00,0.00,,
gay hot porn cartoon jocks animation 3d,,0,"0.00,0.00,0.00,0.00,0.00,0.00,0.00,0.00,0.00,0.00,0.00,0.00",,0.00,0.00,,
gay man anime 3d toon porn.com,,0,"0.00,0.00,0.00,0.00,0.00,0.00,0.00,0.00,0.00,0.00,0.00,0.00",,0.00,0.00,,
gay muscle animation 3d cum porn,,0,"0.00,0.00,0.00,0.00,0.00,0.00,0.00,0.00,0.00,0.00,0.00,0.00",,0.00,0.00,,
gay muscle animation 3d porn,,0,"0.00,0.00,0.00,0.00,0.00,0.00,0.00,0.00,0.00,0.00,0.00,0.00",,0.00,0.00,,
gay porn 3d animated muscle men,,0,"0.00,0.00,0.00,0.00,0.00,0.00,0.00,0.00,0.00,0.00,0.00,0.00",,0.00,0.00,,
gay porn 3d animations,,0,"0.00,0.00,0.00,0.00,0.00,0.00,0.00,0.00,0.00,0.00,0.00,0.00",,0.00,0.00,,
gay porn 3d animations studios,,0,"0.00,0.00,0.00,0.00,0.00,0.00,0.00,0.00,0.00,0.00,0.00,0.00",,0.00,0.00,,
gay porn 3d animations studios list,,0,"0.00,0.00,0.00,0.00,0.00,0.00,0.00,0.00,0.00,0.00,0.00,0.00",,0.00,0.00,,
gay porn 3d anime,,0,"0.00,0.00,0.00,0.00,0.00,0.00,0.00,0.00,0.00,0.00,0.00,0.00",,0.00,0.00,,
gay porn animation cartoon 3d sfm,,0,"0.00,0.00,0.00,0.00,0.00,0.00,0.00,0.00,0.00,0.00,0.00,0.00",,0.00,0.00,,
gay porn animations 3d,,0,"0.00,0.00,0.00,0.00,0.00",,0.00,0.00,,
gay porn hot 3d animation,,0,"0.00,0.00,0.00,0.00,0.00,0.00,0.00,0.00,0.00,0.00,0.00,0.00",,0.00,0.00,,
gay porno 3d animation,,0,"0.00,0.00,0.00,0.00,0.00,0.00,0.00,0.00,0.00,0.00,0.00,0.00",,0.00,0.00,,
gay teen animated porn 3d,,0,"0.00,0.00,0.00,0.00,0.00,0.00,0.00,0.00,0.00,0.00,0.00,0.00",,0.00,0.00,,
gay toons 3d anime porn,,0,"0.00,0.00,0.00,0.00,0.00,0.00,0.00,0.00,0.00,0.00,0.00,0.00",,0.00,0.00,,
gb 3d animation porn,,0,"0.00,0.00,0.00,0.00,0.00,0.00,0.00,0.00,0.00,0.00,0.00,0.00",,0.00,0.00,,
genshin amber porn 3d animation,,0,"1.00,0.00,0.00,0.00,0.00,0.00",,0.00,0.00,,
giant boobs porn 3d animation,,0,"0.00,0.00,0.00,0.00,0.00,0.00,0.00,0.00,0.00,0.00,0.00,0.00",,0.00,0.00,,
giant gay dick 3d animated porn,,0,"0.00,0.00,0.00,0.00,0.00,0.00,0.00,0.00,0.00,0.00,0.00,0.00",,0.00,0.00,,
giantess growth 3d porn animation,,0,"0.00,0.00,0.00,0.00,0.00,0.00,0.00,0.00,0.00,0.00,0.00,0.00",,0.00,0.00,,
gif 3d animation porn,,0,"0.00,0.00,0.00,0.00,0.00,0.00,0.00,0.00,0.00,0.00,0.00,0.00",,0.00,0.00,,
gif anime 3d porn,,0,"0.00,0.00,0.00,0.00,0.00,0.00,0.00,0.00,0.00,0.00,0.00,0.00",,0.00,0.00,,
gifs porno animé japones 3d,,0,"0.00,0.00,0.00,0.00,0.00,0.00,0.00,0.00,0.00,0.00,0.00,0.00",,0.00,0.00,,
girl anime 3d pooping porn,,0,"0.00,0.00,0.00,0.00,0.00,0.00,0.00,0.00,0.00,0.00,0.00,0.00",,0.00,0.00,,
girl freind 3d anime porn,,0,"0.00,0.00,0.00,0.00,0.00,0.00,0.00,0.00,0.00,0.00,0.00,0.00",,0.00,0.00,,
girl fucked by animal 3d porn videos,,0,"0.00,0.00,0.00,0.00,0.00,0.00,0.00,0.00,0.00,0.00,0.00,0.00",,0.00,0.00,,
gnome porn 3d animated,,0,"0.00,0.00,0.00,0.00,0.00,0.00,0.00,0.00,0.00,0.00,0.00,0.00",,0.00,0.00,,
gnome porn 3d animated rule34,,0,"0.00,0.00,0.00,0.00,0.00,0.00,0.00,0.00,0.00,0.00,0.00,0.00",,0.00,0.00,,
good 3d animation porn,,0,"0.00,0.00,0.00,0.00,0.00,0.00,0.00,0.00,0.00,0.00,0.00,0.00",,0.00,0.00,,
granny 3d animation porn,,0,"0.00,0.00,0.00,0.00,0.00,0.00,0.00,0.00,0.00,0.00,0.00,0.00",,0.00,0.00,,
green tentacle 3d animated porn,,0,"0.00,0.00,0.00,0.00,0.00,0.00,0.00,0.00,0.00,0.00,0.00,0.00",,0.00,0.00,,
guy fucking animal 3d porn,,0,"0.00,0.00,0.00,0.00,0.00,0.00,0.00,0.00,0.00,0.00,0.00,0.00",,0.00,0.00,,
hard brutal anime monster rape porn 3d,,0,"0.00,0.00,0.00,0.00,0.00,0.00,0.00,0.00,0.00,0.00,0.00,0.00",,0.00,0.00,,
hard brutal anime monster rape porn 3d ballerina,,0,"0.00,0.00,0.00,0.00,0.00,0.00,0.00,0.00,0.00,0.00,0.00,0.00",,0.00,0.00,,
hard core 3d porno anime,,0,"0.00,0.00,0.00,0.00,0.00,0.00,0.00,0.00,0.00,0.00,0.00,0.00",,0.00,0.00,,
hard porn anime 3d,,0,"0.00,0.00,0.00,0.00,0.00,0.00,0.00,0.00,0.00,0.00,0.00,0.00",,0.00,0.00,,
hardcore 3d animated bbc porn,,0,"0.00,0.00,0.00,0.00,0.00,0.00,0.00,0.00,0.00,0.00,0.00,0.00",,0.00,0.00,,
hardcore 3d anime monster porn,,0,"0.00,0.00,0.00,0.00,0.00,0.00,0.00,0.00,0.00,0.00,0.00,0.00",,0.00,0.00,,
hardcore animated 3d porn,,0,"0.00,0.00,0.00,0.00,0.00,0.00,0.00,0.00,0.00,0.00,0.00,0.00",,0.00,0.00,,
hardcore extreme realistic 3d anime porn cartoon,,0,"0.00,0.00,0.00,0.00,0.00,0.00,0.00,0.00,0.00,0.00,0.00,0.00",,0.00,0.00,,
hardcore monster demon animated porn videos anime 3d,,0,"0.00,0.00,0.00,0.00,0.00,0.00,0.00,0.00,0.00,0.00,0.00,0.00",,0.00,0.00,,
harley quinn 3d futari porn animation,,0,"0.00,0.00,0.00,0.00,0.00,0.00,0.00,0.00,0.00,0.00,0.00,0.00",,0.00,0.00,,
harley quinn animated 3d porn,,0,"0.00,0.00,0.00,0.00,0.00,0.00,0.00,0.00,0.00,0.00,0.00,0.00",,0.00,0.00,,
harley quinn animation 3d porn,,0,"0.00,0.00,0.00,0.00,0.00,0.00,0.00,0.00,0.00,0.00,0.00,0.00",,0.00,0.00,,
harley quinn porn 3d animated,,0,"0.00,0.00,0.00,0.00,0.00,0.00,0.00,0.00,0.00,0.00,0.00,0.00",,0.00,0.00,,
harry potter 3d animated porn,,0,"0.00,0.00,0.00,0.00,0.00,0.00,0.00,0.00,0.00,0.00,0.00,0.00",,0.00,0.00,,
harry potter 3d anime porn,,0,"0.00,0.00,0.00,0.00,0.00,0.00,0.00,0.00,0.00,0.00,0.00,0.00",,0.00,0.00,,
harry potter animated 3d porn video,,0,"0.00,0.00,0.00,0.00,0.00,0.00,0.00,0.00,0.00,0.00,0.00,0.00",,0.00,0.00,,
harry potter animated 3d sex porn hay,,0,"0.00,0.00,0.00,0.00,0.00,0.00,0.00,0.00,0.00,0.00,0.00,0.00",,0.00,0.00,,
harry potter animated 3d sex porn just friends,,0,"0.00,0.00,0.00,0.00,0.00,0.00,0.00,0.00,0.00,0.00,0.00,0.00",,0.00,0.00,,
harry potter animated 3d sex porn lake,,0,"0.00,0.00,0.00,0.00,0.00,0.00,0.00,0.00,0.00,0.00,0.00,0.00",,0.00,0.00,,
harry potter animated 3d sex porn secret sex affair,,0,"0.00,0.00,0.00,0.00,0.00,0.00,0.00,0.00,0.00,0.00,0.00,0.00",,0.00,0.00,,
harryn potter animated 3d sex porn,,0,"0.00,0.00,0.00,0.00,0.00,0.00,0.00,0.00,0.00,0.00,0.00,0.00",,0.00,0.00,,
hd 3d anim porn,,0,"0.00,0.00,0.00,0.00,0.00,0.00,0.00,0.00,0.00,0.00,0.00,0.00",,0.00,0.00,,
hd 3d animation porn full movies,,0,"0.00,0.00,0.00,0.00,0.00,0.00,0.00,0.00,0.00,0.00,0.00,0.00",,0.00,0.00,,
hd 3d animation porn movies,,0,"0.00,0.00,0.00,0.00,0.00,0.00,0.00,0.00,0.00,0.00,0.00,0.00",,0.00,0.00,,
hd 3d animation shemale porn,,0,"0.00,0.00,0.00,0.00,0.00,0.00,0.00,0.00,0.00,0.00,0.00,0.00",,0.00,0.00,,
hd 3d anime dbz porn,,0,"0.00,0.00,0.00,0.00,0.00,0.00,0.00,0.00,0.00,0.00,0.00,0.00",,0.00,0.00,,
hd 3d anime rough porn,,0,"0.00,0.00,0.00,0.00,0.00,0.00,0.00,0.00,0.00,0.00,0.00,0.00",,0.00,0.00,,
hd 3d porn animated,,0,"0.00,0.00,0.00,0.00,0.00,0.00,0.00,0.00,0.00,0.00,0.00,0.00",,0.00,0.00,,
hd 3d porn anime,,0,"0.00,0.00,0.00,0.00,0.00,0.00,0.00,0.00,0.00,0.00,0.00,0.00",,0.00,0.00,,
hd animated 3d porn,,0,"0.00,0.00,0.00,0.00,0.00,0.00,0.00,0.00,0.00,0.00,0.00,0.00",,0.00,0.00,,
hd porn streaming mom 3d animation hentai,,0,"0.00,0.00,0.00,0.00,0.00,0.00,0.00,0.00,0.00,0.00,0.00,0.00",,0.00,0.00,,
hentai 3d animated porn,,0,"0.00,0.00,1.00,0.00,0.00,0.00,0.00,0.00,0.00,0.00,0.00,0.00",,0.00,0.00,,
hentai 3d animation porn,,0,"0.00,0.00,0.00,0.00,0.00,0.00,0.00,0.00,0.00,0.00,0.00,0.00",,0.00,0.00,,
hentai 3d anime porn,,0,"0.00,0.00,0.00,0.00,0.00,0.00,0.00,0.00,0.00,0.00,0.00,0.00",,0.00,0.00,,
hentai 3d hentai anime milf porn,,0,"0.00,0.00,0.00,0.00,0.00,0.00,0.00,0.00,0.00,0.00,0.00,0.00",,0.00,0.00,,
hentai 3d porn animation,,0,"0.00,0.00,0.00,0.00,0.00,0.00,0.00,0.00,0.00,0.00,0.00,0.00",,0.00,0.00,,
hentai 3d porn anime,,0,"0.00,0.00,0.00,0.00,0.00,0.00,0.00,0.00,0.00,0.00,0.00,0.00",,0.00,0.00,,
hentai 3d porn anime torrent,,0,"0.00,0.00,0.00,0.00,0.00,0.00,0.00,0.00,0.00,0.00,0.00,0.00",,0.00,0.00,,
hentai anime 3d porn,,0,"0.00,0.00,0.00,0.00,0.00,0.00,0.00,0.00,0.00,0.00,0.00,0.00",,0.00,0.00,,
hentai anime 3d porn femdom,,0,"0.00,0.00,0.00,0.00,0.00,0.00,0.00,0.00,0.00,0.00,0.00,0.00",,0.00,0.00,,
hentai anime porn 3d,,0,"0.00,0.00,0.00,0.00,0.00,0.00,0.00,0.00,0.00,0.00,0.00,0.00",,0.00,0.00,,
hentai anime porno 3d,,0,"0.00,0.00,0.00,0.00,0.00,0.00,0.00,0.00,0.00,0.00,0.00,0.00",,0.00,0.00,,
hentai porn 3d animation,,0,"0.00,0.00,0.00,0.00,0.00,0.00,0.00,0.00,0.00,0.00,0.00,0.00",,0.00,0.00,,
hentia monster anime porn free video 3d,,0,"0.00,0.00,0.00,0.00,0.00,0.00,0.00,0.00,0.00,0.00,0.00,0.00",,0.00,0.00,,
hentie 3d animated horse porn,,0,"0.00,0.00,0.00,0.00,0.00,0.00,0.00,0.00,0.00,0.00,0.00,0.00",,0.00,0.00,,
hermione granger 3d animated porn video,,0,"0.00,0.00,0.00,0.00,0.00,0.00,0.00,0.00,0.00,0.00,0.00,0.00",,0.00,0.00,,
high quality 3d animal porn,,0,"0.00,0.00,0.00,0.00,0.00,0.00,0.00,0.00,0.00,0.00,0.00,0.00",,0.00,0.00,,
high quality 3d porn animation,,0,"0.00,0.00,0.00,0.00,0.00,0.00,0.00,0.00,0.00,0.00,0.00,0.00",,0.00,0.00,,
highest quality 3d animated porn free,,0,"0.00,0.00,0.00,0.00,0.00,0.00,0.00,0.00,0.00,0.00,0.00,0.00",,0.00,0.00,,
hittest anime 3d porn,,0,"0.00,0.00,0.00,0.00,0.00,0.00,0.00,0.00,0.00,0.00,0.00,0.00",,0.00,0.00,,
honor porn animation 3d,,0,"0.00,0.00,0.00,0.00,0.00,0.00,0.00,0.00,0.00,0.00,0.00,0.00",,0.00,0.00,,
horse 3d animated porn,,0,"0.00,0.00,0.00,0.00,0.00,0.00,0.00,0.00,0.00,0.00,0.00,0.00",,0.00,0.00,,
horse porn 3d animated,,0,"0.00,0.00,0.00,0.00,0.00,0.00,0.00,0.00,0.00,0.00,0.00,0.00",,0.00,0.00,,
hot 3d animated girls fucked porn,,0,"0.00,0.00,0.00,0.00,0.00,0.00,0.00,0.00,0.00,0.00,0.00,0.00",,0.00,0.00,,
hot 3d animated hentai sex porn,,0,"0.00,0.00,0.00,0.00,0.00,0.00,0.00,0.00,0.00,0.00,0.00,0.00",,0.00,0.00,,
hot 3d animated mom and son porn,,0,"0.00,0.00,0.00,0.00,0.00,0.00,0.00,0.00,0.00,0.00,0.00,0.00",,0.00,0.00,,
hot 3d anime girl porn,,0,"0.00,0.00,0.00,0.00,0.00,0.00,0.00,0.00,0.00,0.00,0.00,0.00",,0.00,0.00,,
hot 3d porn animation,,0,"0.00,0.00,0.00,0.00,0.00,0.00,0.00,0.00,0.00,0.00,0.00,0.00",,0.00,0.00,,
hot gay porn khal drogo 3d anime,,0,"0.00,0.00,0.00,0.00,0.00,0.00,0.00,0.00,0.00,0.00,0.00,0.00",,0.00,0.00,,
hot horny 3d animated porn girls,,0,"0.00,0.00,0.00,0.00,0.00,0.00,0.00,0.00,0.00,0.00,0.00,0.00",,0.00,0.00,,
hot porn anime 3d,,0,"0.00,0.00,0.00,0.00,0.00,0.00,0.00,0.00,0.00,0.00,0.00,0.00",,0.00,0.00,,
hot weird 3d animated porn,,0,"0.00,0.00,0.00,0.00,0.00,0.00,0.00,0.00,0.00,0.00,0.00,0.00",,0.00,0.00,,
hot young 3d animated porn,,0,"0.00,0.00,0.00,0.00,0.00,0.00,0.00,0.00,0.00,0.00,0.00,0.00",,0.00,0.00,,
hottest 3d animated porn,,0,"0.00,0.00,0.00,0.00,0.00,0.00,0.00,0.00,0.00,0.00,0.00,0.00",,0.00,0.00,,
hottest 3d animation porn,,0,"0.00,0.00,0.00,0.00,0.00,0.00,0.00,0.00,0.00,0.00,0.00,0.00",,0.00,0.00,,
hottest 3d anime porn,,0,"0.00,0.00,0.00,0.00,0.00,0.00,0.00,0.00,0.00,0.00,0.00,0.00",,0.00,0.00,,
hottest animated porn 3d,,0,"0.00,0.00,0.00,0.00,0.00,0.00,0.00,0.00,0.00,0.00,0.00,0.00",,0.00,0.00,,
hottest anime 3d porn,,0,"0.00,0.00,0.00,0.00,0.00,0.00,0.00,0.00,0.00,0.00,0.00,0.00",,0.00,0.00,,
housewife animation 3d porn,,0,"0.00,0.00,0.00,0.00,0.00,0.00,0.00,0.00,0.00,1.00,0.00,0.00",,0.00,0.00,,
how 3d cg animated porn is made,,0,"0.00,0.00,0.00,0.00,0.00,0.00,0.00,0.00,0.00,0.00,0.00,0.00",,0.00,0.00,,
how to animate 3d model porn in blender,,0,"0.00,0.00,0.00,0.00,0.00,0.00,0.00,0.00,0.00,0.00,0.00,0.00",,0.00,0.00,,
how to animate 3d porn in blender,,0,"0.00,0.00,0.00,0.00,0.00,0.00,0.00,1.00,0.00,0.00,0.00,0.00",,0.00,0.00,,
how to animate the penetration in 3d porn,,0,"0.00,0.00,0.00,0.00,0.00,0.00,0.00,0.00,0.00,0.00,0.00,0.00",,0.00,0.00,,
how to begin making 3d animation porn,,0,"1.00,0.00,0.00,0.00,0.00,0.00,0.00,0.00",,0.00,0.00,,
how to do 3d animated porn,,0,"0.00,0.00,0.00,0.00,0.00,0.00,0.00,0.00,0.00,0.00,0.00,0.00",,0.00,0.00,,
how to make 3d animated porn videos,,0,"0.00,0.00,0.00,0.00,0.00,0.00,0.00,0.00,0.00,0.00,0.00,0.00",,0.00,0.00,,
how to make 3d animated porn videos free,,0,"0.00,0.00,0.00,0.00,0.00,0.00,0.00,0.00,0.00,0.00,0.00,0.00",,0.00,0.00,,
how to make 3d animation porn,,0,"0.00,0.00,0.00,0.00,0.00,0.00,0.00,0.00,0.00,0.00,0.00,0.00",,0.00,0.00,,
https www.pussyspace.com 3d-animated-realistic-porn,,0,"0.00,0.00,0.00,0.00,0.00,0.00,0.00,0.00,0.00,0.00,0.00,0.00",,0.00,0.00,,
huge 3d cock animated porn,,0,"0.00,0.00,0.00,0.00,0.00,0.00,0.00,0.00,0.00,0.00,0.00,0.00",,0.00,0.00,,
huge dick futa fucks shemale teacher / 3d animation porn,,0,"0.00,0.00,0.00,0.00,0.00,0.00,0.00,0.00,0.00,0.00,0.00,0.00",,0.00,0.00,,
humiliated broadcaster 3d animation porn,,0,"0.00,0.00,0.00,0.00,0.00,0.00,0.00,0.00,0.00,0.00,0.00,0.00",,0.00,0.00,,
hypno porn 3d animation,,0,"0.00,0.00,0.00,0.00,0.00,0.00,0.00,0.00,0.00,0.00,0.00,0.00",,0.00,0.00,,
hypnohub 3d animated gif porn,,0,"0.00,0.00,0.00,0.00,0.00,0.00,0.00,0.00,0.00,0.00,0.00,0.00",,0.00,0.00,,
if adventure time was a 3d anime game fionna porn,,0,"0.00,0.00,0.00,0.00,0.00,0.00,0.00,0.00,0.00,0.00,0.00,0.00",,0.00,0.00,,
if adventure time was a 3d anime game porn,,0,"0.00,0.00,0.00,0.00,0.00,0.00,0.00,0.00,0.00,0.00,0.00,0.00",,0.00,0.00,,
if adventure time was a 3d anime porn,,0,"0.00,0.00,0.00,0.00,0.00,0.00,0.00,0.00,0.00,0.00,0.00,0.00",,0.00,0.00,,
if adventuretime was a 3d anime porn,,0,"0.00,0.00,0.00,0.00,0.00,0.00,0.00,0.00,0.00,0.00,0.00,0.00",,0.00,0.00,,
imagenes porno anime 3d,,0,"0.00,0.00,0.00,0.00,0.00,0.00,0.00,0.00,0.00,0.00,0.00,0.00",,0.00,0.00,,
in animal heaven 3d porn,,0,"0.00,0.00,0.00,0.00,0.00,0.00,0.00,0.00,0.00,0.00,0.00,0.00",,0.00,0.00,,
in spider's web - 3d animation superhero porn,,0,"1.00,1.00,0.00,0.00,0.00,0.00,0.00,0.00,0.00,0.00,0.00,0.00",,0.00,0.00,,
in spider's web 3d animation superhero porn,,0,"0.00,0.00",,0.00,0.00,,
incest 3d animated porn,,0,"0.00,0.00,0.00,0.00,0.00,0.00,0.00,0.00,0.00,0.00,0.00,0.00",,0.00,0.00,,
incest 3d animation porn,,0,"0.00,0.00,0.00,0.00,0.00,0.00,0.00,0.00,0.00,0.00,0.00,0.00",,0.00,0.00,,
incest 3d anime porn,,0,"0.00,0.00,0.00,0.00,0.00,0.00,0.00,0.00,0.00,0.00,0.00,0.00",,0.00,0.00,,
incest 3d porn animation,,0,"1.00,0.00,0.00,0.00,0.00,0.00,0.00",,0.00,0.00,,
incest anime porn 3d,,0,"0.00,0.00,0.00,0.00,0.00,0.00,0.00,0.00,0.00,0.00,0.00,0.00",,0.00,0.00,,
incest porn 3d anim,,0,"0.00,0.00,0.00,0.00,0.00,0.00,0.00,0.00,0.00,0.00,0.00,0.00",,0.00,0.00,,
incest porn 3d animation,,0,"0.00,0.00,0.00,0.00,0.00,0.00,0.00,0.00,0.00,0.00,0.00,0.00",,0.00,0.00,,
incest porn anime 3d,,0,"0.00,0.00,0.00,0.00,0.00,0.00,1.00,0.00,0.00,0.00,0.00,0.00",,0.00,0.00,,
ino 3d anime porn,,0,"0.00,0.00,0.00,0.00,0.00,0.00,0.00,0.00,0.00,0.00,0.00,0.00",,0.00,0.00,,
interactive animated 3d game sex porn,,0,"0.00,0.00,0.00,0.00,0.00,0.00,0.00,0.00,0.00,0.00,0.00,0.00",,0.00,0.00,,
interactive animated virtual 3d game sex porn overwatch naked,,0,"0.00,0.00,0.00,0.00,0.00,0.00,0.00,0.00,0.00,0.00,0.00,0.00",,0.00,0.00,,
interogation porn toon animated 3d,,0,"0.00,0.00,0.00,0.00,0.00,0.00,0.00,0.00,0.00,0.00,0.00,0.00",,0.00,0.00,,
interracial 3d animated cartoon full length hd porn videos,,0,"0.00,0.00,0.00,0.00,0.00,0.00,0.00,0.00,0.00,0.00,0.00,0.00",,0.00,0.00,,
interracial 3d porn animation,,0,"0.00,0.00,0.00,0.00,0.00,0.00,0.00,0.00,0.00,0.00,0.00,0.00",,0.00,0.00,,
interrogation porn toon animated 3d,,0,"0.00,0.00,0.00,0.00,0.00,0.00,0.00,0.00,0.00,0.00,0.00,0.00",,0.00,0.00,,
intrigue 3d porn animations,,0,"0.00,0.00,0.00,0.00,0.00,0.00,0.00,0.00,0.00,0.00,0.00,0.00",,0.00,0.00,,
invisible fuck porn 3d animated,,0,"0.00,0.00,0.00,0.00,0.00,0.00,0.00,0.00,0.00,0.00,0.00,0.00",,0.00,0.00,,
is there any good 3d animated porn,,0,"0.00,0.00,0.00,0.00,0.00,0.00,0.00,0.00,0.00,0.00,0.00,0.00",,0.00,0.00,,
isabella valentine 3d porn animated,,0,"0.00,0.00,0.00,0.00,0.00,0.00,0.00,0.00,0.00,0.00,0.00,0.00",,0.00,0.00,,
jackerman 3d animated porn,,0,"0.00,0.00,0.00,0.00,0.00,0.00,0.00,0.00,0.00,0.00,0.00,0.00",,0.00,0.00,,
jackerman 3d animations porn,,0,"0.00,0.00,0.00,0.00,0.00,0.00,0.00,0.00,0.00,0.00,0.00,0.00",,0.00,0.00,,
jackerman 3d anime porn,,0,"0.00,0.00,0.00,0.00,0.00,0.00,0.00,0.00,0.00,0.00,0.00,0.00",,0.00,0.00,,
jackerman 3d porn animation,,0,"0.00,0.00,0.00,0.00,0.00,0.00,0.00,0.00,0.00,0.00,0.00,0.00",,0.00,0.00,,
jackerman 3d porn animations,,0,"0.00,0.00,0.00,0.00,0.00,0.00,0.00,0.00,0.00,0.00,0.00,0.00",,0.00,0.00,,
japanese 3d anime porn hd,,0,"0.00,0.00,0.00,0.00,0.00,0.00,0.00,0.00,0.00,0.00,0.00,0.00",,0.00,0.00,,
japanese 3d cgi anime monster goblin blowjob gangbang porn,,0,"0.00,0.00,0.00,0.00,0.00,0.00,0.00,0.00,0.00,0.00,0.00,0.00",,0.00,0.00,,
japanese 3d porn animation,,0,"0.00,0.00,0.00,0.00,0.00,0.00,0.00,0.00,0.00,0.00,0.00,0.00",,0.00,0.00,,
japanese animated 3d porn,,0,"0.00,0.00,0.00,0.00,0.00,0.00,0.00,0.00,0.00,0.00,0.00,0.00",,0.00,0.00,,
japanese animation 3d porn,,0,"0.00,0.00,0.00,0.00,0.00,0.00,0.00,0.00,0.00,0.00,0.00,0.00",,0.00,0.00,,
japanese xxx 3d animation porn,,0,"0.00,0.00,0.00,0.00,0.00,0.00,0.00,0.00,0.00,0.00,0.00,0.00",,0.00,0.00,,
jaucano 3d animation hyper muscle growth porn video,,0,"0.00,0.00,0.00,0.00,0.00,0.00,0.00,0.00,0.00,0.00,0.00,0.00",,0.00,0.00,,
jaucano 3d animation muscle growth porn video,,0,"0.00,0.00,0.00,0.00,0.00,0.00,0.00,0.00,0.00,0.00,0.00,0.00",,0.00,0.00,,
jawbreaker 3d animated porn,,0,"0.00,0.00,0.00,0.00,0.00,0.00,0.00,0.00,0.00,0.00,0.00,0.00",,0.00,0.00,,
jessica rabbit 3d animated porn videos,,0,"0.00,0.00,0.00,0.00,0.00,0.00,0.00,0.00,0.00,0.00,0.00,0.00",,0.00,0.00,,
jill and sheva mating 3d animated porn,,0,"0.00,0.00,0.00,0.00,0.00,0.00,0.00,0.00,0.00,0.00,0.00,0.00",,0.00,0.00,,
jinx 3d animation porn,,0,"0.00,0.00,0.00,0.00,0.00,0.00,0.00,0.00,0.00,0.00,0.00,0.00",,0.00,0.00,,
juegos porno anime 3d,,0,"0.00,0.00,0.00,0.00,0.00,0.00,0.00,0.00,0.00,0.00,0.00,0.00",,0.00,0.00,,
junior incest porn 3d animated,,0,"0.00,0.00,0.00,0.00,0.00,0.00,0.00,0.00,0.00,0.00,0.00,0.00",,0.00,0.00,,
juvenile 3d animated porn,,0,"0.00,0.00,0.00,0.00,0.00,0.00,0.00,0.00,0.00,0.00,0.00,0.00",,0.00,0.00,,
katara 3d animated porn,,0,"0.00,0.00,0.00,0.00,0.00,0.00,0.00,0.00,0.00,0.00,0.00,0.00",,0.00,0.00,,
korean 3d animation porn,,0,"0.00,0.00,0.00,0.00,0.00,0.00,0.00,0.00,0.00,0.00,0.00,0.00",,0.00,0.00,,
lady dimitrescu 3d animation porn,,0,"0.00,0.00,0.00,0.00,0.00,0.00,0.00,0.00,0.00,0.00,0.00,0.00",,0.00,0.00,,
lara croft 3d anime porn,,0,"0.00,0.00,0.00,0.00,0.00,0.00,0.00,0.00,0.00,0.00,0.00,0.00",,0.00,0.00,,
lara croft 3d porn animation,,0,"0.00,0.00,0.00,0.00,0.00,0.00,0.00,0.00,0.00,0.00,0.00,0.00",,0.00,0.00,,
lara croft anime 3d porn,,0,"0.00,0.00,0.00,0.00,0.00,0.00,0.00,0.00,0.00,0.00,0.00,0.00",,0.00,0.00,,
lara croft anime 3d porno videos,,0,"0.00,0.00,0.00,0.00,0.00,0.00,0.00,0.00,0.00,0.00,0.00,0.00",,0.00,0.00,,
lara croft horse porn 3d animated,,0,"0.00,0.00,0.00,0.00,0.00,0.00,0.00,0.00,0.00,0.00,0.00,0.00",,0.00,0.00,,
lara croft porn comic 3d animal,,0,"0.00,0.00,0.00,0.00,0.00,0.00,0.00,0.00,0.00,0.00,0.00,0.00",,0.00,0.00,,
large porn anime hot 3d porn hub,,0,"0.00,0.00,0.00,0.00,0.00,0.00,0.00,0.00,0.00,0.00,0.00,0.00",,0.00,0.00,,
last of us 3d animated porn,,0,"0.00,0.00,0.00,0.00,0.00,0.00,0.00,0.00,0.00,0.00,0.00,0.00",,0.00,0.00,,
last of us 3d animation porn,,0,"0.00,0.00,0.00,0.00,0.00,0.00,0.00,0.00,0.00,0.00,0.00,0.00",,0.00,0.00,,
last of us 3d porn animation,,0,"0.00,0.00,0.00,0.00,0.00,0.00,0.00,0.00,0.00,0.00,0.00,0.00",,0.00,0.00,,
latest 3d animated porn,,0,"0.00,0.00,0.00,0.00,0.00,0.00,0.00,0.00,0.00,0.00,0.00,0.00",,0.00,0.00,,
latest 3d animated porn monster porn videos,,0,"0.00,0.00,0.00,0.00,0.00,0.00,0.00,0.00,0.00,0.00,0.00,0.00",,0.00,0.00,,
latest 3d animated porn moster porn videos,,0,"0.00,0.00,0.00,0.00,0.00,0.00,0.00,0.00,0.00,0.00,0.00,0.00",,0.00,0.00,,
lazyprocrastinator animated 3d porn,,0,"1.00,0.00,0.00,0.00,0.00,0.00,0.00,0.00",,0.00,0.00,,
lazyprocrastinator animated 3d porn compilation,,0,"1.00,0.00,0.00,0.00,0.00,0.00,0.00,0.00",,0.00,0.00,,
league of legends 3d animation porn,,0,"0.00,0.00,0.00,0.00,0.00,0.00,0.00,0.00,0.00,0.00,0.00,0.00",,0.00,0.00,,
lesbian 3d porn animation,,0,"0.00,0.00,0.00,0.00,0.00,0.00,0.00,0.00,0.00,0.00,0.00,0.00",,0.00,0.00,,
lesbian animated 3d porn,,0,"0.00,0.00,0.00,0.00,0.00,0.00,0.00,0.00,0.00,0.00,0.00,0.00",,0.00,0.00,,
lesbian animated 3d porndeos porn,,0,"0.00,0.00,0.00,0.00,0.00,0.00,0.00,0.00,0.00,0.00,0.00,0.00",,0.00,0.00,,
lesbian anime 3d porn,,0,"0.00,0.00,0.00,0.00,0.00,0.00,0.00,0.00,0.00,0.00,0.00,0.00",,0.00,0.00,,
lesbians best anime 3d porn,,0,"0.00,0.00,0.00,0.00,0.00,0.00,0.00,0.00,0.00,0.00,0.00,0.00",,0.00,0.00,,
lesdias 3d animated porn,,0,"0.00,0.00,0.00,0.00,0.00,0.00,0.00,0.00,0.00,0.00,0.00,0.00",,0.00,0.00,,
lilo 3d anime girl gets stocked porn,,0,"0.00,0.00,0.00,0.00,0.00,0.00,0.00,0.00,0.00,0.00,0.00,0.00",,0.00,0.00,,
lily munsters porn 3d animated,,0,"0.00,0.00,0.00,0.00,0.00,0.00,0.00,0.00,0.00,0.00,0.00,0.00",,0.00,0.00,,
list of best 3d animated porn,,0,"0.00,0.00,0.00,0.00,0.00,0.00,0.00,0.00,0.00,0.00,0.00,0.00",,0.00,0.00,,
list of best 3d animated porn movies,,0,"0.00,0.00,0.00,0.00,0.00,0.00,0.00,0.00,0.00,0.00,0.00,0.00",,0.00,0.00,,
list of best 3d anime porn tube pics,,0,"0.00,0.00,0.00,0.00,0.00,0.00,0.00,0.00,0.00,0.00,0.00,0.00",,0.00,0.00,,
little 3d anime porn,,0,"0.00,0.00,0.00,0.00,0.00,0.00,0.00,0.00,0.00,0.00,0.00,0.00",,0.00,0.00,,
little girl 3d anime porn,,0,"0.00,0.00,0.00,0.00,0.00,0.00,0.00,0.00,0.00,0.00,0.00,0.00",,0.00,0.00,,
little red riding hood 3d animation porn,,0,"0.00,0.00,0.00,0.00,0.00,0.00,0.00,0.00,0.00,0.00,0.00,0.00",,0.00,0.00,,
little tit 3d anime porn,,0,"0.00,0.00,0.00,0.00,0.00,0.00,0.00,0.00,0.00,0.00,0.00,0.00",,0.00,0.00,,
lizard 3d animated porn,,0,"0.00,0.00,0.00,0.00,0.00,0.00,0.00,0.00,0.00,0.00,0.00,0.00",,0.00,0.00,,
loba 3d animation porn,,0,"0.00,0.00,0.00,0.00,0.00,0.00,0.00,0.00,0.00,0.00,0.00,0.00",,0.00,0.00,,
loli 3d animation porn,,0,"0.00,0.00,0.00,0.00,0.00,0.00,0.00,0.00,0.00,0.00,0.00,0.00",,0.00,0.00,,
lolicon 3d animated porn videos,,0,"0.00,0.00,0.00,0.00,0.00,0.00,0.00,0.00,0.00,0.00,0.00,0.00",,0.00,0.00,,
lolicon 3d animation porn,,0,"0.00,0.00,0.00,0.00,0.00,0.00,0.00,0.00,0.00,0.00,0.00,0.00",,0.00,0.00,,
lolita anime 3d porn,,0,"0.00,0.00,0.00,0.00,0.00,0.00,0.00,0.00,0.00,0.00,0.00,0.00",,0.00,0.00,,
long 3d animation porn,,0,"0.00,0.00,0.00,0.00,0.00,0.00,0.00,0.00,0.00,0.00,0.00,0.00",,0.00,0.00,,
lulu fucked hard in 3d monster porn animation,,0,"0.00,0.00,0.00,0.00,0.00,0.00,0.00,0.00,0.00,0.00,0.00,0.00",,0.00,0.00,,
lulu fucks animal 3d porn,,0,"0.00,0.00,0.00,0.00,0.00,0.00,0.00,0.00,0.00,0.00,0.00,0.00",,0.00,0.00,,
macro muscle growth 3d art animation porn,,0,"0.00,0.00,0.00,0.00,0.00,0.00,0.00,0.00,0.00,0.00,0.00,0.00",,0.00,0.00,,
macro muscle growth 3d art animation porn dillan,,0,"0.00,0.00,0.00,0.00,0.00,0.00,0.00,0.00,0.00,0.00,0.00,0.00",,0.00,0.00,,
macrophilia 3d animated gay porn,,0,"1.00,0.00,0.00,0.00,0.00,0.00,0.00,0.00,0.00,0.00,0.00",,0.00,0.00,,
macrophilia 3d animation gay porn -hub,,0,"1.00,0.00,0.00,0.00,0.00,0.00,0.00,0.00,0.00,0.00,0.00",,0.00,0.00,,
macrophilia 3d animation gay porn -hub -net -i,,0,"1.00,0.00,0.00,0.00,0.00,0.00,0.00,0.00,0.00,0.00,0.00",,0.00,0.00,,
macrophilia 3d animation gay porn -thisvid,,0,"1.00,0.00,0.00,0.00,0.00,0.00,0.00,0.00,0.00,0.00,0.00",,0.00,0.00,,
madmutter 3d animation muscle growth porn,,0,"0.00,0.00,0.00,0.00,0.00,0.00,0.00,0.00,0.00,0.00,0.00,0.00",,0.00,0.00,,
maid 3d animated porn,,0,"0.00,0.00,0.00,0.00,0.00,0.00,0.00,0.00,0.00,0.00,0.00,0.00",,0.00,0.00,,
make a 3d animation porn,,0,"0.00,0.00,0.00,0.00,0.00,0.00,0.00,0.00,0.00,0.00,0.00,0.00",,0.00,0.00,,
make money with 3d animation porn images,,0,"0.00,0.00,0.00,0.00,0.00,0.00,0.00,0.00,0.00,0.00,0.00,0.00",,0.00,0.00,,
making a 3d porn animation,,0,"0.00,0.00,0.00,0.00,0.00,0.00,0.00,0.00,0.00,0.00,0.00,0.00",,0.00,0.00,,
making porn animations daz 3d,,0,"0.00,0.00,0.00,0.00,0.00,0.00,0.00,0.00,0.00,0.00,0.00,0.00",,0.00,0.00,,
marvel 3d animation porn,,0,"0.00,0.00,0.00,0.00,0.00,0.00,0.00,0.00,0.00,0.00,0.00,0.00",,0.00,0.00,,
marvel rivals porn 3d animation,,0,"0.00,0.00,0.00,0.00,0.00,0.00,0.00,0.00,0.00,0.00,0.00,0.00",,0.00,0.00,,
medivieal 3d anime porn videoa,,0,"0.00,0.00,0.00,0.00,0.00,0.00,0.00,0.00,0.00,0.00,0.00,0.00",,0.00,0.00,,
methods of animation the penetration in 3d porn,,0,"0.00,0.00,0.00,0.00,0.00,0.00,0.00,0.00,0.00,0.00,0.00,0.00",,0.00,0.00,,
mha 3d porn animation,,0,"0.00,0.00,0.00,0.00,0.00,0.00,0.00,0.00,0.00,0.00,0.00,0.00",,0.00,0.00,,
mick animation 3d porn,,0,"0.00,0.00,0.00,0.00,0.00,0.00,0.00,0.00,0.00,0.00,0.00,0.00",,0.00,0.00,,
midnight porn 3d animation hentai justporno,,0,"0.00,0.00,0.00,0.00,0.00,0.00,0.00,0.00,0.00,0.00,0.00,0.00",,0.00,0.00,,
milf 3d animated porn,,0,"0.00,0.00,0.00,0.00,0.00,0.00,0.00,0.00,0.00,0.00",,0.00,0.00,,
milf 3d animation porn,,0,"0.00,0.00,0.00,0.00,0.00,0.00,0.00,0.00,0.00,1.00,0.00,0.00",,0.00,0.00,,
milf 3d porn animation,,0,"0.00,0.00,0.00,0.00,0.00,0.00,0.00,0.00,0.00,0.00",,0.00,0.00,,
milf porn 3d animation,,0,"0.00,0.00,0.00,0.00,0.00,0.00,0.00,0.00,0.00,0.00,0.00,0.00",,0.00,0.00,,
mimus 3d sfm animation porn,,0,"0.00,0.00,0.00,0.00,0.00,0.00,0.00,0.00,0.00,0.00,0.00,0.00",,0.00,0.00,,
mind control 3d animated porn,,0,"0.00,0.00,0.00,0.00,0.00,0.00,0.00,0.00,0.00,0.00,0.00,0.00",,0.00,0.00,,
miranda lawso 3d animation porn,,0,"0.00,0.00,0.00,0.00,0.00,0.00,0.00,0.00,0.00,0.00,0.00,0.00",,0.00,0.00,,
miranda lawso kid 3d animation porn,,0,"0.00,0.00,0.00,0.00,0.00,0.00,0.00,0.00,0.00,0.00,0.00,0.00",,0.00,0.00,,
miranda lawso kid n 3d animation porn,,0,"0.00,0.00,0.00,0.00,0.00,0.00,0.00,0.00,0.00,0.00,0.00,0.00",,0.00,0.00,,
miranda lawson 3d animation porn,,0,"0.00,0.00,0.00,0.00,0.00,0.00,0.00,0.00,0.00,0.00,0.00,0.00",,0.00,0.00,,
mlp 3d animation porn,,0,"0.00,0.00,0.00,0.00,0.00,0.00,0.00,0.00,0.00,0.00,0.00,0.00",,0.00,0.00,,
moana 3d porn animation,,0,"0.00,0.00,0.00,0.00,0.00,0.00,0.00,0.00,0.00,0.00,0.00,0.00",,0.00,0.00,,
mom 3d animated porn,,0,"0.00,0.00,0.00,0.00,0.00,0.00,0.00,0.00,0.00,0.00,0.00,0.00",,0.00,0.00,,
mom 3d anime porn,,0,"0.00,0.00,0.00,0.00,0.00,0.00,0.00,0.00,0.00,0.00,0.00,0.00",,0.00,0.00,,
mom and son 3d animated porn,,0,"0.00,0.00,0.00,0.00,0.00,0.00,0.00,0.00,0.00,0.00,0.00,0.00",,0.00,0.00,,
mom and son 3d animated porn comics,,0,"0.00,0.00,0.00,0.00,0.00,0.00,0.00,0.00,0.00,0.00,0.00,0.00",,0.00,0.00,,
mom and son cartoon 3d animated porn,,0,"0.00,0.00,0.00,0.00,0.00,0.00,0.00,0.00,0.00,0.00,0.00,0.00",,0.00,0.00,,
mom son 3d animated porn,,0,"0.00,0.00,0.00,1.00,0.00,0.00,0.00,0.00,0.00,0.00,0.00,0.00",,0.00,0.00,,
mom son 3d animation porn,,0,"0.00,0.00,0.00,0.00,0.00,0.00,0.00,0.00,0.00,0.00,0.00,0.00",,0.00,0.00,,
mom son 3d anime porn,,0,"0.00,0.00,0.00,0.00,0.00,0.00,0.00,0.00,0.00,0.00,0.00,0.00",,0.00,0.00,,
mom son animated 3d incest porn pics,,0,"0.00,0.00,0.00,0.00,0.00,0.00,0.00,0.00,0.00,0.00,0.00,0.00",,0.00,0.00,,
mom son animated 3d porn,,0,"0.00,0.00,0.00,0.00,0.00,0.00,0.00,0.00,0.00,0.00,0.00,0.00",,0.00,0.00,,
mommy 3d anime porn,,0,"0.00,0.00,0.00,0.00,0.00,0.00,0.00,0.00,0.00,0.00,0.00,0.00",,0.00,0.00,,
monster animation 3d porn,,0,"0.00,0.00,0.00,0.00,0.00,0.00,0.00,0.00,0.00,0.00,0.00,0.00",,0.00,0.00,,
monster anime 3d porn,,0,"0.00,0.00,0.00,0.00,0.00,0.00,0.00,0.00,0.00,0.00,0.00,0.00",,0.00,0.00,,
monster anime porn 3d,,0,"0.00,0.00,0.00,0.00,0.00,0.00,0.00,0.00,0.00,0.00,0.00,0.00",,0.00,0.00,,
monster fuck girl 3d anime porn,,0,"0.00,0.00,0.00,0.00,0.00,0.00,0.00,0.00,0.00,0.00,0.00,0.00",,0.00,0.00,,
monster porn 3d animation,,0,"0.00,0.00,0.00,0.00,0.00,0.00,0.00,0.00,0.00,0.00,0.00,1.00",,0.00,0.00,,
monsters vs aliens 3d animated porn,,0,"0.00,0.00,0.00,0.00,0.00,0.00,0.00,0.00,0.00,0.00,0.00,0.00",,0.00,0.00,,
mortal kombat futanari 3d porn animation,,0,"0.00,0.00,0.00,0.00,0.00,0.00,0.00,0.00,0.00,0.00,0.00,0.00",,0.00,0.00,,
most real 3d animation porn,,0,"0.00,0.00,0.00,0.00,0.00,0.00,0.00,0.00,0.00,0.00,0.00,0.00",,0.00,0.00,,
most realistic 3d animation porn,,0,"0.00,0.00,0.00,0.00,0.00,0.00,0.00,0.00,0.00,0.00,0.00,0.00",,0.00,0.00,,
most realistic sfm cgi 3d computer animated porn hd,,0,"0.00,0.00,0.00,0.00,0.00,0.00,0.00,0.00,0.00,0.00,0.00,0.00",,0.00,0.00,,
mother and son 3d animated porn,,0,"0.00,0.00,0.00,0.00,0.00,0.00,0.00,0.00,0.00,0.00,0.00,0.00",,0.00,0.00,,
mother and son 3d animated porn videos,,0,"0.00,0.00,0.00,0.00,0.00,0.00,0.00,0.00,0.00,0.00,0.00,0.00",,0.00,0.00,,
mother and sson 3d animated porn videos,,0,"0.00,0.00,0.00,0.00,0.00,0.00,0.00,0.00,0.00,0.00,0.00,0.00",,0.00,0.00,,
mother son 3d animation porn,,0,"0.00,0.00,0.00,0.00,0.00,0.00,0.00,0.00,0.00,0.00,0.00,0.00",,0.00,0.00,,
mothers warmth 3d animation porn,,0,"0.00,0.00,0.00,0.00,0.00,0.00,0.00,0.00,0.00,0.00,0.00,0.00",,0.00,0.00,,
muscle gay animated 3d porn,,0,"0.00,0.00,0.00,0.00,0.00,0.00,0.00,0.00,0.00,0.00,0.00,0.00",,0.00,0.00,,
muscle growth 3d art animation porn dillan,,0,"0.00,0.00,0.00,0.00,0.00,0.00,0.00,0.00,0.00,0.00,0.00,0.00",,0.00,0.00,,
my hero academia 3d animation porn,,0,"0.00,0.00,0.00,0.00,0.00,0.00,0.00,0.00,0.00,0.00,0.00,0.00",,0.00,0.00,,
nani 3d animation porn,,0,"0.00,0.00,0.00,0.00,0.00,0.00,0.00,0.00,0.00,0.00,0.00,0.00",,0.00,0.00,,
naramon 3d porn animation,,0,"0.00,0.00,0.00,0.00,0.00,0.00,0.00,0.00,0.00,0.00,0.00,0.00",,0.00,0.00,,
naruto porn 3d animation,,0,"0.00,0.00,0.00,0.00,0.00,0.00,0.00,0.00,0.00,0.00,0.00,0.00",,0.00,0.00,,
nasty animated 3d porn,,0,"0.00,0.00,0.00,0.00,0.00,0.00,0.00,0.00,0.00,0.00,0.00,0.00",,0.00,0.00,,
naughty games with boys porn 3d animation,,0,"0.00,0.00,0.00,0.00,0.00,0.00,0.00,0.00,0.00,0.00,0.00,0.00",,0.00,0.00,,
naughty games with doys porn 3d animation,,0,"0.00,0.00,0.00,0.00,0.00,0.00,0.00,0.00,0.00,0.00,0.00,0.00",,0.00,0.00,,
naughty games with girls porn 3d animation,,0,"0.00,0.00,0.00,0.00,0.00,0.00,0.00,0.00,0.00,0.00,0.00,0.00",,0.00,0.00,,
new 3d animation porn,,0,"0.00,0.00,0.00,0.00,0.00,0.00,1.00,0.00,0.00,0.00,0.00,0.00",,0.00,0.33,,
new 3d animation porn videos,,0,"0.00,0.00,0.00,0.00,0.00,0.00,0.00,0.00,0.00,0.00",,0.00,0.00,,
new 3d anime movies porn,,0,"0.00,0.00,0.00,0.00,0.00,0.00,0.00,0.00,0.00,0.00,0.00,0.00",,0.00,0.00,,
new 3d anime porn movies,,0,"0.00,0.00,0.00,0.00,0.00,0.00,0.00,0.00,0.00,0.00,0.00,0.00",,0.00,0.00,,
new 3d porn animation,,0,"0.00,0.00,0.00,0.00,0.00,0.00,0.00,0.00,0.00,0.00,0.00,0.00",,0.00,0.00,,
new 3d porn animations,,0,"0.00,0.00,0.00,0.00,0.00,0.00,0.00,0.00,0.00,0.00,0.00,0.00",,0.00,0.00,,
new animated 3d porn,,0,"0.00,0.00,0.00,0.00,0.00,0.00,0.00,0.00,0.00,0.00,0.00,0.00",,0.00,0.00,,
new anime 3d porn,,0,"0.00,0.00,0.00,0.00,0.00,0.00,0.00,0.00,0.00,0.00,0.00,0.00",,0.00,0.00,,
newest free 3d porn animated,,0,"0.00,0.00,0.00,0.00,0.00,0.00,0.00,0.00,0.00,0.00,0.00,0.00",,0.00,0.00,,
nicole 3d animation porn,,0,"0.00,0.00,0.00,0.00,0.00,0.00,0.00,0.00,0.00,0.00,0.00,0.00",,0.00,0.00,,
nier 3d animated porn,,0,"0.00,0.00,0.00,0.00,0.00,0.00,0.00,0.00,0.00,0.00,0.00,0.00",,0.00,0.00,,
now 3d anime movies porn,,0,"0.00,0.00,0.00,0.00,0.00,0.00,0.00,0.00,0.00,0.00,0.00,0.00",,0.00,0.00,,
nrecent 3d porn animation,,0,"0.00,0.00,0.00,0.00,0.00,0.00,0.00,0.00,0.00,0.00,0.00,0.00",,0.00,0.00,,
ntr animated porn 3d,,0,"0.00,0.00,0.00,0.00,0.00,0.00,0.00,0.00,0.00,0.00,0.00,0.00",,0.00,0.00,,
nude 3d animated porn,,0,"0.00,0.00,0.00,0.00,0.00,0.00,0.00,0.00,0.00,0.00,0.00,0.00",,0.00,0.00,,
nude 3d animated porn gif,,0,"0.00,0.00,0.00,0.00,0.00,0.00,0.00,0.00,0.00,0.00,0.00,0.00",,0.00,0.00,,
nude anime girl 3d porn left 4 dead,,0,"0.00,0.00,0.00,0.00,0.00,0.00,0.00,0.00,0.00,0.00,0.00,0.00",,0.00,0.00,,
orc sex porn 3d animated,,0,"0.00,0.00,0.00,0.00,0.00,0.00,0.00,0.00,0.00,0.00,0.00,0.00",,0.00,0.00,,
original 3d animated porn,,0,"0.00,0.00,0.00,0.00,0.00,0.00,0.00,0.00,0.00,0.00,0.00,0.00",,0.00,0.00,,
overwatch 3d animated porn,,0,"0.00,0.00,0.00,0.00,0.00,1.00,0.00,0.00,0.00,0.00,0.00,0.00",,0.00,0.00,,
overwatch mercy porn 3d animation,,0,"0.00,0.00,0.00,0.00,0.00,0.00,0.00,0.00,0.00,0.00,0.00,0.00",,0.00,0.00,,
overwatch mercy porn 3d animation gif,,0,"0.00,0.00,0.00,0.00,0.00,0.00,0.00,0.00,0.00,0.00,0.00,0.00",,0.00,0.00,,
patreon 3d porn animation,,0,"0.00,0.00,0.00,0.00,0.00,0.00,0.00,0.00,0.00,0.00,0.00,0.00",,0.00,0.00,,
perfect body 3d anime porn,,0,"0.00,0.00,0.00,0.00,0.00,0.00,0.00,0.00,0.00,0.00,0.00,0.00",,0.00,0.00,,
petite 3d animated porn,,0,"0.00,0.00,0.00,0.00,0.00,0.00,0.00,0.00,0.00,0.00,0.00,0.00",,0.00,0.00,,
petite animated 3d porn,,0,"0.00,0.00,0.00,0.00,0.00,0.00,0.00,0.00,0.00,0.00,0.00,0.00",,0.00,0.00,,
petite women 3d animated porn,,0,"0.00,0.00,0.00,0.00,0.00,0.00,0.00,0.00,0.00,0.00,0.00,0.00",,0.00,0.00,,
petitie 3d porn animated,,0,"0.00,0.00,0.00,0.00,0.00,0.00,0.00,0.00,0.00,0.00,0.00,0.00",,0.00,0.00,,
poison 3d animated porn,,0,"0.00,0.00,0.00,0.00,0.00,0.00,0.00,0.00,0.00,0.00,0.00,0.00",,0.00,0.00,,
poison ivy harley quinn 3d porn animation,,0,"0.00,0.00,0.00,0.00,0.00,0.00,0.00,0.00,0.00,0.00,0.00,0.00",,0.00,0.00,,
pokemon 3d animated porn,,0,"0.00,0.00,0.00,0.00,0.00,0.00,0.00,0.00,0.00,0.00,0.00,0.00",,0.00,0.00,,
pokemon 3d porn animation,,0,"0.00,0.00,0.00,0.00,0.00,0.00,0.00,0.00,0.00,0.00,0.00,0.00",,0.00,0.00,,
pokemon go rayquaza 3d animated bestiality porn,,0,"0.00,0.00,0.00,0.00,0.00,0.00,0.00,0.00,0.00,0.00,0.00,0.00",,0.00,0.00,,
pokemon porn animation 3d,,0,"0.00,0.00,0.00,0.00,0.00,0.00,0.00,0.00,0.00,0.00,0.00,0.00",,0.00,0.00,,
pokemon serena porn animated 3d,,0,"0.00,0.00,0.00,0.00,0.00,0.00,0.00,0.00,0.00,0.00,0.00,0.00",,0.00,0.00,,
porn 3d anim,,0,"0.00,0.00,0.00,0.00,0.00,0.00,0.00,0.00,0.00,0.00,0.00,0.00",,0.00,0.00,,
porn 3d animated catfights,,0,"0.00,0.00,0.00,0.00,0.00,0.00,0.00,0.00,0.00,0.00,0.00,0.00",,0.00,0.00,,
porn 3d animated futa,,0,"0.00,0.00,0.00,0.00,0.00,0.00,0.00,0.00,0.00,0.00,0.00",,0.00,0.00,,
porn 3d animated gangbang,,0,"0.00,0.00,0.00,0.00,0.00,0.00,0.00,0.00,0.00,0.00,0.00,0.00",,0.00,0.00,,
porn 3d animated videos,,0,"0.00,0.00,0.00,0.00,0.00,0.00,0.00,0.00,1.00,0.00,0.00,0.00",,0.00,0.00,,
porn 3d animation big nipples,,0,"0.00,0.00,0.00,0.00,0.00,0.00,0.00,0.00,0.00,0.00,0.00,0.00",,0.00,0.00,,
porn 3d animation big tits,,0,"0.00,0.00,0.00,0.00,0.00,0.00,0.00,0.00,0.00,0.00,0.00,0.00",,0.00,0.00,,
porn 3d animation big tits humiliation,,0,"0.00,0.00,0.00,0.00,0.00,0.00,0.00,0.00,0.00,0.00,0.00,0.00",,0.00,0.00,,
porn 3d animation boob growth,,0,"0.00,0.00,0.00,0.00,0.00,0.00,0.00,0.00,0.00,0.00,0.00,0.00",,0.00,0.00,,
porn 3d animation breast expansion,,0,"0.00,0.00,0.00,0.00,0.00,0.00,0.00,0.00,0.00,0.00,0.00,0.00",,0.00,0.00,,
porn 3d animation catfights,,0,"0.00,0.00,0.00,0.00,0.00,0.00,0.00,0.00,0.00,0.00,0.00,0.00",,0.00,0.00,,
porn 3d animation catfights clothes tearing,,0,"0.00,0.00,0.00,0.00,0.00,0.00,0.00,0.00,0.00,0.00,0.00,0.00",,0.00,0.00,,
porn 3d animation celebrity,,0,"0.00,0.00,0.00,0.00,0.00,0.00,0.00,0.00,0.00,0.00,0.00,0.00",,0.00,0.00,,
porn 3d animation cock growth,,0,"0.00,0.00,0.00,0.00,0.00,0.00,0.00,0.00,0.00,0.00,0.00,0.00",,0.00,0.00,,
porn 3d animation expanding boobs,,0,"0.00,0.00,0.00,0.00,0.00,0.00,0.00,0.00,0.00,0.00,0.00,0.00",,0.00,0.00,,
porn 3d animation forced,,0,"0.00,0.00,0.00,0.00,0.00,0.00,0.00,0.00,0.00,0.00,0.00,0.00",,0.00,0.00,,
porn 3d animation forced handjobs,,0,"0.00,0.00,0.00,0.00,0.00,0.00,0.00,0.00,0.00,0.00,0.00,0.00",,0.00,0.00,,
porn 3d animation forced tied up handjobs,,0,"0.00,0.00,0.00,0.00,0.00,0.00,0.00,0.00,0.00,0.00,0.00,0.00",,0.00,0.00,,
porn 3d animation futanari,,0,"0.00,0.00,0.00,0.00,0.00,0.00,0.00,0.00,0.00,0.00,1.00,0.00",,0.00,0.00,,
porn 3d animation galaxy slave,,0,"0.00,0.00,0.00,0.00,0.00,0.00,0.00,0.00,0.00,0.00,0.00,0.00",,0.00,0.00,,
porn 3d animation game,,0,"0.00,0.00,0.00,1.00,0.00,0.00,0.00,0.00,0.00,0.00,0.00,0.00",,0.00,0.00,,
porn 3d animation gay,,0,"0.00,0.00,0.00,0.00,0.00,0.00,0.00,0.00,0.00,0.00,0.00,0.00",,0.00,0.00,,
porn 3d animation gif,,0,"0.00,0.00,0.00,0.00,0.00,0.00,0.00,0.00,0.00,0.00,0.00,0.00",,0.00,0.00,,
porn 3d animation hentai,,0,"0.00,0.00,0.00,0.00,0.00,0.00,0.00,0.00,0.00,0.00,0.00,0.00",,0.00,0.00,,
porn 3d animation humilation,,0,"0.00,0.00,0.00,0.00,0.00,0.00,0.00,0.00,0.00,0.00,0.00,0.00",,0.00,0.00,,
porn 3d animation porn,,0,"0.00,0.00,0.00,0.00,0.00,0.00,0.00,0.00,0.00,0.00,0.00,0.00",,0.00,0.00,,
porn 3d animation pregnant,,0,"0.00,0.00,0.00,0.00,0.00,0.00,0.00,0.00,0.00,0.00,0.00,0.00",,0.00,0.00,,
porn 3d animation prison bitches,,0,"0.00,0.00,0.00,0.00,0.00,0.00,0.00,0.00,0.00,0.00,0.00,0.00",,0.00,0.00,,
porn 3d animation rape,,0,"0.00,0.00,0.00,0.00,0.00,0.00,0.00,0.00,0.00,0.00,0.00,0.00",,0.00,0.00,,
porn 3d animation shemale,,0,"1.00,0.00,0.00,0.00,0.00,0.00,0.00,0.00,0.00,0.00,0.00,0.00",,0.00,0.00,,
porn 3d animation solos,,0,"0.00,0.00,0.00,0.00,0.00,0.00,0.00,0.00,0.00,0.00,0.00,0.00",,0.00,0.00,,
porn 3d animation tied up,,0,"0.00,0.00,0.00,0.00,0.00,0.00,0.00,0.00,0.00,0.00,0.00,0.00",,0.00,0.00,,
porn 3d animation tied up forced,,0,"0.00,0.00,0.00,0.00,0.00,0.00,0.00,0.00,0.00,0.00,0.00,0.00",,0.00,0.00,,
porn 3d animation tit punching,,0,"0.00,0.00,0.00,0.00,0.00,0.00,0.00,0.00,0.00,0.00,0.00,0.00",,0.00,0.00,,
porn 3d animation video,,0,"0.00,0.00,0.00,0.00,0.00,0.00,0.00,0.00,0.00,0.00,0.00,0.00",,0.00,0.00,,
porn 3d animation videos,,0,"0.00,0.00,0.00,0.00,0.00,0.00,0.00,0.00,0.00,0.00,0.00,0.00",,0.00,0.00,,
porn 3d animation with hairy pussy,,0,"0.00,0.00,0.00,0.00,0.00,0.00,0.00,0.00,0.00,0.00,0.00,0.00",,0.00,0.00,,
porn 3d animation women tied up and vibed,,0,"0.00,0.00,0.00,0.00,0.00,0.00,0.00,0.00,0.00,0.00,0.00,0.00",,0.00,0.00,,
porn 3d animations shirt,,0,"0.00,0.00,0.00,0.00,0.00,0.00,0.00,0.00,0.00,0.00,0.00,0.00",,0.00,0.00,,
porn 3d animations top only,,0,"0.00,0.00,0.00,0.00,0.00,0.00,0.00,0.00,0.00,0.00,0.00,0.00",,0.00,0.00,,
porn 3d anime 5 nights at crazy eddie's,,0,"0.00,0.00,0.00,0.00,0.00,0.00,0.00,0.00,0.00,0.00,0.00,0.00",,0.00,0.00,,
porn 3d anime alien impregnateas with larva girl,,0,"0.00,0.00,0.00,0.00,0.00,0.00,0.00,0.00,0.00,0.00,0.00,0.00",,0.00,0.00,,
porn 3d anime alien impregnates girl,,0,"0.00,0.00,0.00,0.00,0.00,0.00,0.00,0.00,0.00,0.00,0.00,0.00",,0.00,0.00,,
porn 3d anime alien impregnats girl,,0,"0.00,0.00,0.00,0.00,0.00,0.00,0.00,0.00,0.00,0.00,0.00,0.00",,0.00,0.00,,
porn 3d anime alien tentacles impregnate girl,,0,"0.00,0.00,0.00,0.00,0.00,0.00,0.00,0.00,0.00,0.00,0.00,0.00",,0.00,0.00,,
porn 3d anime alien tentecles impregnate girl,,0,"0.00,0.00,0.00,0.00,0.00,0.00,0.00,0.00,0.00,0.00,0.00,0.00",,0.00,0.00,,
porn 3d anime blonde fucked by space alien,,0,"0.00,0.00,0.00,0.00,0.00,0.00,0.00,0.00,0.00,0.00,0.00,0.00",,0.00,0.00,,
porn 3d anime blowjob swallow,,0,"0.00,0.00,0.00,0.00,0.00,0.00,0.00,0.00,0.00,0.00,0.00,0.00",,0.00,0.00,,
porn 3d anime chick fucked by alien tentacles,,0,"0.00,0.00,0.00,0.00,0.00,0.00,0.00,0.00,0.00,0.00,0.00,0.00",,0.00,0.00,,
porn 3d anime chick fucked by alien tentecles,,0,"0.00,0.00,0.00,0.00,0.00,0.00,0.00,0.00,0.00,0.00,0.00,0.00",,0.00,0.00,,
porn 3d anime futa,,0,"0.00,0.00,0.00,0.00,0.00,0.00,0.00,0.00,0.00,0.00,0.00,0.00",,0.00,0.00,,
porn 3d anime game,,0,"0.00,0.00,0.00,0.00,0.00",,0.00,0.00,,
porn 3d anime girl freinds forever,,0,"0.00,0.00,0.00,0.00,0.00,0.00,0.00,0.00,0.00,0.00,0.00,0.00",,0.00,0.00,,
porn 3d anime girl fucked by alien tentacles,,0,"0.00,0.00,0.00,0.00,0.00,0.00,0.00,0.00,0.00,0.00,0.00,0.00",,0.00,0.00,,
porn 3d anime girl fucked by alien tentecles,,0,"0.00,0.00,0.00,0.00,0.00,0.00,0.00,0.00,0.00,0.00,0.00,0.00",,0.00,0.00,,
porn 3d anime girl fucked by goblins,,0,"0.00,0.00,0.00,0.00,0.00,0.00,0.00,0.00,0.00,0.00,0.00,0.00",,0.00,0.00,,
porn 3d anime girl fucked by hobbits,,0,"0.00,0.00,0.00,0.00,0.00,0.00,0.00,0.00,0.00,0.00,0.00,0.00",,0.00,0.00,,
porn 3d anime girl fucked by hobets,,0,"0.00,0.00,0.00,0.00,0.00,0.00,0.00,0.00,0.00,0.00,0.00,0.00",,0.00,0.00,,
porn 3d anime girl fucked by horse,,0,"0.00,0.00,0.00,0.00,0.00,0.00,0.00,0.00,0.00,0.00,0.00,0.00",,0.00,0.00,,
porn 3d anime girl fucked by tentacle gets pregnants,,0,"0.00,0.00,0.00,0.00,0.00,0.00,0.00,0.00,0.00,0.00,0.00,0.00",,0.00,0.00,,
porn 3d anime girl fucked by tentacles,,0,"0.00,0.00,0.00,0.00,0.00,0.00,0.00,0.00,0.00,0.00,0.00,0.00",,0.00,0.00,,
porn 3d anime girl fucked by tentecles,,0,"0.00,0.00,0.00,0.00,0.00,0.00,0.00,0.00,0.00,0.00,0.00,0.00",,0.00,0.00,,
porn 3d anime girl fucks,,0,"0.00,0.00,0.00,0.00,0.00,0.00,0.00,0.00,0.00,0.00,0.00,0.00",,0.00,0.00,,
porn 3d anime girlfriends forever,,0,"0.00,0.00,0.00,0.00,0.00,0.00,0.00,0.00,0.00,0.00,0.00,0.00",,0.00,0.00,,
porn 3d anime hentai,,0,"0.00,0.00,0.00,0.00,0.00,0.00,0.00,0.00,0.00,0.00,0.00,0.00",,0.00,0.00,,
porn 3d anime herm,,0,"0.00,0.00,0.00,0.00,0.00,0.00,0.00,0.00,0.00,0.00,0.00,0.00",,0.00,0.00,,
porn 3d anime hobbet fucks blonde,,0,"0.00,0.00,0.00,0.00,0.00,0.00,0.00,0.00,0.00,0.00,0.00,0.00",,0.00,0.00,,
porn 3d anime hobbit fucks blonde,,0,"0.00,0.00,0.00,0.00,0.00,0.00,0.00,0.00,0.00,0.00,0.00,0.00",,0.00,0.00,,
porn 3d anime monster,,0,"0.00,0.00,0.00,0.00,0.00,0.00,0.00,0.00,0.00,0.00,0.00,0.00",,0.00,0.00,,
porn 3d anime shemale creampie female,,0,"0.00,0.00,0.00,0.00,0.00,0.00,0.00,0.00,0.00,0.00,0.00,0.00",,0.00,0.00,,
porn 3d anime transexual,,0,"0.00,0.00,0.00,0.00,0.00,0.00,0.00,0.00,0.00,0.00,0.00,0.00",,0.00,0.00,,
porn 3d con animation,,0,"0.00,0.00,0.00,0.00,0.00,0.00,0.00,0.00,0.00,0.00,0.00,0.00",,0.00,0.00,,
porn 3d hentai animation,,0,"0.00,0.00,0.00,0.00,0.00,0.00,0.00,0.00,0.00,0.00,0.00,0.00",,0.00,0.00,,
porn 3d hentai anime,,0,"0.00,0.00,0.00,0.00,0.00,0.00,0.00,0.00,0.00,0.00,0.00,0.00",,0.00,0.00,,
porn 3d shemale animation,,0,"0.00,0.00,0.00,0.00,0.00,0.00,0.00,0.00,0.00,0.00,0.00,0.00",,0.00,0.00,,
porn ad 3d animation,,0,"0.00,0.00,0.00,0.00,0.00,0.00,0.00,0.00,0.00,0.00,0.00,0.00",,0.00,0.00,,
porn anim 3d,,0,"0.00,0.00,0.00,0.00,0.00,0.00,0.00,0.00,0.00,0.00,0.00,0.00",,0.00,0.00,,
porn anima 3d,,0,"0.00,0.00,0.00,0.00,0.00,1.00,0.00,0.00,0.00,0.00,0.00,0.00",,0.00,0.00,,
porn animation 3d 1080p,,0,"0.00,0.00,0.00,0.00,0.00,0.00,0.00,0.00,0.00,0.00,0.00,0.00",,0.00,0.00,,
porn animation 3d game,,0,"0.00,0.00,0.00,0.00,0.00,0.00,0.00,0.00,0.00,0.00,0.00,0.00",,0.00,0.00,,
porn animation 3d gay,,0,"0.00,0.00,0.00,0.00,0.00,0.00,0.00,0.00,0.00,0.00,0.00,0.00",,0.00,0.00,,
porn animation 3d hardcore,,0,"0.00,0.00,0.00,0.00,0.00,0.00,0.00,0.00,0.00,0.00,0.00,0.00",,0.00,0.00,,
porn animation 3d hd,,0,"0.00,0.00,0.00,0.00,0.00,0.00,0.00,0.00,0.00,0.00,0.00,0.00",,0.00,0.00,,
porn animation 3d hentai,,0,"0.00,0.00,0.00,0.00,0.00,0.00,0.00,0.00,0.00,0.00,0.00,0.00",,0.00,0.00,,
porn animation 3d last of us,,0,"0.00,0.00,0.00,0.00,0.00,0.00,0.00,0.00,0.00,0.00,0.00,0.00",,0.00,0.00,,
porn animation 3d tits akoyo,,0,"0.00,0.00,0.00,0.00,0.00,0.00,0.00,0.00,0.00,0.00,0.00,0.00",,0.00,0.00,,
porn animation 3d tits akoyo school,,0,"0.00,0.00,0.00,0.00,0.00,0.00,0.00,0.00,0.00,0.00,0.00,0.00",,0.00,0.00,,
porn animation 3d tits akoyo school on the bathroom,,0,"0.00,0.00,0.00,0.00,0.00,0.00,0.00,0.00,0.00,0.00,0.00,0.00",,0.00,0.00,,
porn animation futa 3d,,0,"0.00,0.00,0.00,0.00,0.00,0.00,0.00,0.00,0.00,0.00,0.00",,0.00,0.00,,
porn animations 3d,,0,"0.00,0.00,1.00,0.00,0.00,0.00,0.00,0.00,0.00,0.00,0.00,0.00",,0.00,0.00,,
porn anime 3d animation,,0,"0.00,0.00,0.00,0.00,0.00,0.00,0.00,0.00,0.00,0.00,0.00,0.00",,0.00,0.00,,
porn anime 3d bisexual,,0,"0.00,0.00,0.00,0.00,0.00,0.00,0.00,0.00,0.00,0.00,0.00,0.00",,0.00,0.00,,
porn anime 3d breast milk,,0,"0.00,0.00,0.00,0.00,0.00,0.00,0.00,0.00,0.00,0.00,0.00,0.00",,0.00,0.00,,
porn anime 3d cartoon,,0,"0.00,0.00,0.00,0.00,0.00,0.00,0.00,0.00,0.00,0.00,0.00,0.00",,0.00,0.00,,
porn anime 3d creampie,,0,"0.00,0.00,0.00,0.00,0.00",,0.00,0.00,,
porn anime 3d cum,,0,"0.00,0.00,0.00,0.00,0.00,0.00,0.00,0.00,0.00,0.00,0.00,0.00",,0.00,0.00,,
porn anime 3d futa,,0,"0.00,0.00,0.00,0.00,0.00,0.00,0.00,0.00,0.00,0.00,0.00,0.00",,0.00,0.00,,
porn anime 3d futanari,,0,"0.00,0.00,0.00,0.00,0.00,0.00,0.00,0.00,0.00,0.00,0.00,0.00",,0.00,0.00,,
porn anime 3d game,,0,"0.00,0.00,0.00,0.00,0.00,0.00,0.00,0.00,0.00,0.00,0.00,0.00",,0.00,0.00,,
porn anime 3d hd,,0,"0.00,0.00,0.00,0.00,0.00,0.00,0.00,0.00,0.00,0.00,0.00,0.00",,0.00,0.00,,
porn anime 3d hentai,,0,"0.00,0.00,0.00,0.00,0.00,0.00,0.00,0.00,0.00,0.00,0.00,0.00",,0.00,0.00,,
porn anime 3d hot,,0,"0.00,0.00,0.00,0.00,0.00,0.00,0.00,0.00,0.00,0.00,0.00,0.00",,0.00,0.00,,
porn anime 3d shemale,,0,"0.00,0.00,0.00,0.00,0.00,0.00,0.00,0.00,0.00,0.00,0.00,0.00",,0.00,0.00,,
porn anime 3d tentacles creampie girl,,0,"0.00,0.00,0.00,0.00,0.00,0.00,0.00,0.00,0.00,0.00,0.00,0.00",,0.00,0.00,,
porn anime 3d tentecles creampie girl,,0,"0.00,0.00,0.00,0.00,0.00,0.00,0.00,0.00,0.00,0.00,0.00,0.00",,0.00,0.00,,
porn anime futa 3d,,0,"0.00,0.00,0.00,0.00,0.00,0.00,0.00,0.00,0.00",,0.00,0.00,,
porn anime game 3d,,0,"0.00,0.00,0.00,0.00,0.00,0.00,0.00,0.00,0.00,0.00,0.00,0.00",,0.00,0.00,,
porn anime hentai 3d,,0,"0.00,0.00,0.00,0.00,0.00,0.00,0.00,0.00,0.00,0.00,0.00,0.00",,0.00,0.00,,
porn anime hentai tentacle 3d,,0,"0.00,0.00,0.00,0.00,0.00,0.00,0.00,0.00,0.00,0.00,0.00,0.00",,0.00,0.00,,
porn anime monster 3d,,0,"0.00,0.00,0.00,0.00,0.00,0.00,0.00,0.00,0.00,0.00,0.00,0.00",,0.00,0.00,,
porn anime pov 3d,,0,"0.00,0.00,0.00,0.00,0.00,0.00,0.00,0.00,0.00,0.00,0.00,0.00",,0.00,0.00,,
porn animé mastubatiin 3d girls,,0,"0.00,0.00,0.00,0.00,0.00,0.00,0.00,0.00,0.00,0.00,0.00,0.00",,0.00,0.00,,
porn best 3d animation,,0,"0.00,0.00,0.00,0.00,0.00,0.00,0.00,0.00,0.00,0.00,0.00,0.00",,0.00,0.00,,
porn blonde anime 3d knight,,0,"0.00,0.00,0.00,0.00,0.00,0.00,0.00,0.00,0.00,0.00,0.00,0.00",,0.00,0.00,,
porn cartoon 3d animation,,0,"0.00,0.00,0.00,0.00,0.00,0.00,0.00,0.00,0.00,0.00,0.00,0.00",,0.00,0.00,,
porn comics 3d animation fucking videos,,0,"0.00,0.00,0.00,0.00,0.00,0.00,0.00,0.00,0.00,0.00,0.00,0.00",,0.00,0.00,,
porn fuck 3d anime,,0,"0.00,0.00,0.00,0.00,0.00,0.00,0.00,0.00,0.00,0.00,0.00,0.00",,0.00,0.00,,
porn futanari 3d animation,,0,0.00,,0.00,0.00,,
porn game 3d animated,,0,"0.00,0.00,0.00,0.00,0.00,0.00,0.00",,0.00,0.00,,
porn game 3d anime,,0,"0.00,0.00,0.00,0.00,0.00,0.00,0.00,0.00,0.00,0.00,0.00,0.00",,0.00,0.00,,
porn game anime 3d,,0,"0.00,0.00,0.00,0.00,0.00,0.00,0.00,0.00,0.00,0.00,0.00,0.00",,0.00,0.00,,
porn games 3d animated,,0,"1.00,1.00,0.00,0.00,0.00,0.00,0.00,0.00,0.00,0.00,0.00,0.00",,0.00,0.00,,
porn games 3d animation,,0,"0.00,0.00,0.00,0.00,1.00,0.00,0.00,0.00,0.00,0.00,0.00,0.00",,0.00,0.00,,
porn games 3d anime,,0,"0.00,0.00,0.00,0.00,1.00,0.00,0.00,0.00,0.00,0.00,0.00,0.00",,0.00,0.00,,
porn games anime 3d,,0,"0.00,0.00,0.00,0.00,0.00,1.00,0.00,0.00,0.00,0.00,0.00,0.00",,0.00,0.00,,
porn gay 3d anime,,0,"0.00,0.00,0.00,0.00,0.00,0.00,0.00,0.00,0.00,0.00,0.00,0.00",,0.00,0.00,,
porn gif 3d animated,,0,"0.00,0.00,0.00,0.00,0.00,0.00,0.00,0.00,0.00,0.00,0.00,0.00",,0.00,0.00,,
porn gif 3d animation great boob waist ass,,0,"0.00,0.00,0.00,0.00,0.00,0.00,0.00,0.00,0.00,0.00,0.00,0.00",,0.00,0.00,,
porn gif 3d anime,,0,"0.00,0.00,0.00,0.00",,0.00,0.00,,
porn gif fake 3d animated,,0,"0.00,0.00,0.00,0.00,0.00,0.00,0.00,0.00,0.00,0.00,0.00,0.00",,0.00,0.00,,
porn hentai 3d animation,,0,"0.00,0.00,0.00,0.00,0.00,0.00,0.00,0.00,0.00,0.00,0.00,0.00",,0.00,0.00,,
porn hentai 3d anime,,0,"0.00,0.00,0.00,0.00,0.00,0.00,0.00,0.00,0.00,0.00,0.00,0.00",,0.00,0.00,,
porn hentai anime 3d,,0,"0.00,0.00,0.00,0.00,0.00,0.00,0.00,0.00,0.00,0.00,0.00,0.00",,0.00,0.00,,
porn hintai anime 3d,,0,"0.00,0.00,0.00,0.00,0.00,0.00,0.00,0.00,0.00,0.00,0.00,0.00",,0.00,0.00,,
porn hub 3d anime,,0,"0.00,0.00,0.00,0.00,0.00,0.00,0.00,0.00,0.00,0.00,0.00,0.00",,0.00,0.00,,
porn hub girl's today 3d anime,,0,"0.00,0.00,0.00,0.00,0.00,0.00,0.00,0.00,0.00,0.00,0.00,0.00",,0.00,0.00,,
porn hub uncensored 3d anime,,0,"0.00,0.00,0.00,0.00,0.00,0.00,0.00,0.00,0.00,0.00,0.00,0.00",,0.00,0.00,,
porn hud 4k star wars animation 3d porn,,0,"0.00,0.00,0.00,0.00,0.00,0.00,0.00,0.00,0.00,0.00,0.00,0.00",,0.00,0.00,,
porn lesbi tetas enormes videos de videojuegos 3d lesbanas anime,,0,"0.00,0.00,0.00,0.00,0.00,0.00,0.00,0.00,0.00,0.00,0.00,0.00",,0.00,0.00,,
porn lesbian animé mastubatiin 3d,,0,"0.00,0.00,0.00,0.00,0.00,0.00,0.00,0.00,0.00,0.00,0.00,0.00",,0.00,0.00,,
porn lesbian sex animé or 3d or masturbation,,0,"0.00,0.00,0.00,0.00,0.00,0.00,0.00,0.00,0.00,0.00,0.00,0.00",,0.00,0.00,,
porn lesbis sex animé or 3d or masturbation,,0,"0.00,0.00,0.00,0.00,0.00,0.00,0.00,0.00,0.00,0.00,0.00,0.00",,0.00,0.00,,
porn mastubatiin girls animé 3d,,0,"0.00,0.00,0.00,0.00,0.00,0.00,0.00,0.00,0.00,0.00,0.00,0.00",,0.00,0.00,,
porn milf 3d animation,,0,"0.00,0.00,0.00,0.00,0.00,0.00,0.00,0.00,0.00",,0.00,0.00,,
porn shemale 3d animation,,0,"0.00,0.00,0.00,1.00,0.00,0.00,0.00,0.00,0.00,0.00,0.00,0.00",,0.00,0.00,,
porn sleeping mom ep 1 3d animation,,0,"0.00,0.00,0.00,0.00,0.00,0.00,0.00,0.00,0.00,0.00,0.00,0.00",,0.00,0.00,,
porn tristina animated 3d happy waking,,0,"0.00,0.00,0.00,0.00,0.00,0.00,0.00,0.00,0.00,0.00,0.00,0.00",,0.00,0.00,,
porn video animation 3d,,0,"0.00,0.00,0.00,0.00,0.00,0.00,0.00,0.00,0.00,0.00,0.00,0.00",,0.00,0.00,,
porn video anime 3d,,0,"0.00,0.00,0.00,0.00,0.00,0.00,0.00,0.00,0.00,0.00,0.00,0.00",,0.00,0.33,,
porn videos 3d anima,,0,"0.00,0.00,0.00,0.00,0.00,0.00,0.00,0.00,0.00,0.00,0.00,0.00",,0.00,0.00,,
porn videos 3d anime,,0,"0.00,0.00,0.00,0.00,0.00,0.00,0.00,0.00,0.00,0.00,0.00,0.00",,0.00,0.00,,
porn videos 3d breast milk anime,,0,"0.00,0.00,0.00,0.00,0.00,0.00,0.00,0.00,0.00,0.00,0.00,0.00",,0.00,0.00,,
porn videos 3d breastfeeding anime,,0,"0.00,0.00,0.00,0.00,0.00,0.00,0.00,0.00,0.00,0.00,0.00,0.00",,0.00,0.00,,
porn videos animation 3d,,0,"0.00,0.00,0.00,0.00,0.00,0.00,0.00,0.00,0.00,0.00,0.00,0.00",,0.00,0.00,,
porn vr 3d animation,,0,"0.00,0.00,0.00,0.00,0.00,0.00,0.00,0.00,0.00,0.00,0.00",,0.00,0.00,,
pornhub 3d animated porn,,0,"0.00,0.00,0.00,0.00,0.00,0.00,0.00,0.00,0.00,0.00,0.00,0.00",,0.00,0.00,,
pornhub 3d animation porn,,0,"0.00,0.00,0.00,0.00,0.00,0.00,0.00,0.00,0.00,0.00,0.00,0.00",,0.00,0.00,,
porno 3d animaciones skyrim caballo 1,,0,"0.00,0.00,0.00,0.00,0.00,0.00,0.00,0.00,0.00,0.00,0.00,0.00",,0.00,0.00,,
porno 3d animated,,0,"0.00,0.00,0.00,0.00,0.00,0.00,0.00,0.00,0.00,0.00,0.00,0.00",,0.00,0.00,,
porno 3d animation,,0,"0.00,0.00,0.00,0.00,0.00,0.00,0.00,0.00,0.00,0.00,0.00,0.00",,0.00,0.00,,
porno 3d animations,,0,"0.00,0.00,0.00,0.00,0.00,0.00,0.00,0.00,0.00,0.00,0.00,0.00",,0.00,0.00,,
porno 3d anime,,0,"0.00,0.00,0.00,0.00,0.00,0.00,0.00,0.00,0.00,0.00,0.00,0.00",,0.00,0.00,,
porno 3d anime hd,,0,"0.00,0.00,0.00,0.00,0.00,0.00,0.00,0.00,0.00,0.00,0.00,0.00",,0.00,0.00,,
porno 3d anime hentai,,0,"0.00,0.00,0.00,0.00,0.00,0.00,0.00,0.00,0.00,0.00,0.00,0.00",,0.00,0.00,,
porno 3d anime japones al desnudo,,0,"0.00,0.00,0.00,0.00,0.00,0.00,0.00,0.00,0.00,0.00,0.00,0.00",,0.00,0.00,,
porno 3d anime rompe el culo,,0,"0.00,0.00,0.00,0.00,0.00,0.00,0.00,0.00,0.00,0.00,0.00,0.00",,0.00,0.00,,
porno 3d hentai anime,,0,"0.00,0.00,0.00,0.00,0.00,0.00,0.00,0.00,0.00,0.00,0.00,0.00",,0.00,0.00,,
porno anima 3d,,0,"0.00,0.00,0.00,0.00,0.00,0.00,0.00,0.00,0.00,0.00,0.00,0.00",,0.00,0.00,,
porno animado 3d,,0,"0.00,1.00,0.00,0.00,0.00,0.00,0.00,0.00,0.00,0.00,0.00,0.00",,0.00,0.00,,
porno animated 3d,,0,"0.00,0.00,0.00,0.00,0.00,0.00,0.00,0.00,0.00,0.00,0.00,0.00",,0.00,0.00,,
porno animation 3d,,0,"0.00,0.00,0.00,0.00,0.00,0.00,0.00,0.00,1.00,0.00,0.00,0.00",,0.00,0.00,,
porno anime 3d anal,,0,"0.00,0.00,0.00,0.00,0.00,0.00,0.00,0.00,0.00,0.00,0.00,0.00",,0.00,0.00,,
porno anime 3d duze piersi,,0,"0.00,0.00,0.00,0.00,0.00,0.00,0.00,0.00,0.00,0.00,0.00,0.00",,0.00,0.00,,
porno anime 3d futa,,0,"0.00,0.00,0.00",,0.00,0.00,,
porno anime 3d hd,,0,"0.00,0.00,0.00,0.00,0.00,0.00,0.00,0.00,0.00,0.00,0.00,0.00",,0.00,0.00,,
porno anime 3d hentai,,0,"0.00,0.00,0.00,0.00,0.00,0.00,0.00,0.00,0.00,0.00,0.00,0.00",,0.00,0.00,,
porno anime 3d hombre maduro culea con menor de edad,,0,"0.00,0.00,0.00,0.00,0.00,0.00,0.00,0.00,0.00,0.00,0.00,0.00",,0.00,0.00,,
porno anime 3d japones al desnudo,,0,"0.00,0.00,0.00,0.00,0.00,0.00,0.00,0.00,0.00,0.00,0.00,0.00",,0.00,0.00,,
porno anime 3d shemale,,0,"0.00,0.00,0.00,0.00,0.00,0.00,0.00,0.00,0.00,0.00,0.00,0.00",,0.00,0.00,,
porno anime 3d trans,,0,"0.00,0.00,0.00,0.00,0.00,0.00,0.00,0.00,0.00,0.00,0.00,0.00",,0.00,0.00,,
porno anime en 3d,,0,"0.00,0.00,0.00,0.00,0.00,0.00,0.00,0.00,0.00,0.00,0.00,0.00",,0.00,0.00,,
porno anime gif 3d,,0,"1.00,0.00,0.00,0.00,0.00",,0.00,0.00,,
porno anime hentai 3d,,0,"0.00,0.00,0.00,0.00,0.00,0.00,0.00,0.00,0.00,0.00,0.00,0.00",,0.00,0.00,,
porno anime hentai 3d hombre culea a meno de edad,,0,"0.00,0.00,0.00,0.00,0.00,0.00,0.00,0.00,0.00,0.00,0.00,0.00",,0.00,0.00,,
porno animé 3d,,0,"0.00,0.00,0.00,0.00,0.00,0.00,0.00,0.00,0.00,0.00,0.00,0.00",,0.00,0.00,,
porno avatar anime hentai 3d,,0,"0.00,0.00,0.00,0.00,0.00,0.00,0.00,0.00,0.00,0.00,0.00,0.00",,0.00,0.00,,
porno de 3d animation,,0,"0.00,0.00,0.00,0.00,0.00,0.00,0.00,0.00,0.00,0.00",,0.00,0.00,,
porno de anime 3d,,0,"0.00,0.00,0.00,0.00,0.00,0.00,0.00,0.00,0.00,0.00,1.00,0.00",,0.00,0.00,,
porno de anime en 3d,,0,"0.00,0.00,0.00,0.00,0.00,0.00,0.00,0.00,0.00,0.00",,0.00,0.00,,
porno de chicas de anime en 3d,,0,"0.00,0.00,0.00,0.00,0.00,0.00,0.00,0.00,0.00,0.00,0.00,0.00",,0.00,0.00,,
porno futanari animation 3d,,0,"0.00,0.00",,0.00,0.00,,
porno gay animation 3d,,0,"0.00,0.00,0.00,0.00,0.00,0.00,0.00,0.00,0.00,0.00,0.00,0.00",,0.00,0.00,,
porno gay anime 3d,,0,"0.00,0.00,0.00",,0.00,0.00,,
porno gay anime 3d tweter,,0,"0.00,0.00,0.00,0.00,0.00,0.00,0.00,0.00,0.00,0.00,0.00,0.00",,0.00,0.00,,
porno hentai 3d anime,,0,"0.00,0.00,0.00,0.00,0.00,0.00,0.00,0.00,0.00,0.00,0.00,0.00",,0.00,0.00,,
porno incesto anime 3d,,0,"0.00,0.00,0.00,0.00,0.00,0.00,0.00,0.00,0.00,0.00,0.00,0.00",,0.00,0.00,,
porno incesto anime 3d papa y hija,,0,"0.00,0.00,0.00,0.00,0.00,0.00,0.00,0.00,0.00,0.00,0.00,0.00",,0.00,0.00,,
porno lesbico bueno y rico 3d animados chupando coños,,0,"0.00,0.00,0.00,0.00,0.00,0.00,0.00,0.00,0.00,0.00,0.00,0.00",,0.00,0.00,,
porno sesion 3d anime,,0,"0.00,0.00,0.00,0.00,0.00,0.00,0.00,0.00,0.00,0.00,0.00,0.00",,0.00,0.00,,
porno sesion 3d anime con menor de edad,,0,"0.00,0.00,0.00,0.00,0.00,0.00,0.00,0.00,0.00,0.00,0.00,0.00",,0.00,0.00,,
porno taboo anime 3d,,0,"0.00,0.00,0.00,0.00,0.00,0.00,0.00,0.00,0.00,0.00,0.00,0.00",,0.00,0.00,,
porno with animals 3d videos,,0,"0.00,0.00,0.00,0.00,0.00,0.00,0.00,0.00,0.00,0.00,0.00,0.00",,0.00,0.00,,
porno xxx animado caballos 3d,,0,"0.00,0.00,0.00,0.00,0.00,0.00,0.00,0.00,0.00,0.00,0.00,0.00",,0.00,0.00,,
pov 3d animated furry porn,,0,"0.00,0.00,0.00,0.00,0.00,0.00,0.00,0.00,0.00,0.00,0.00,0.00",,0.00,0.00,,
pov 3d animated gay porn,,0,"0.00,0.00,0.00,0.00,0.00,0.00,0.00,0.00,0.00,0.00,0.00,0.00",,0.00,0.00,,
pov 3d animated gif porn,,0,"0.00,0.00,0.00,0.00,0.00,0.00,0.00,0.00,0.00,0.00,0.00,0.00",,0.00,0.00,,
pov 3d animated porn gifs,,0,"0.00,0.00,0.00,0.00,0.00,0.00,0.00,0.00,0.00,0.00,0.00,0.00",,0.00,0.00,,
pov 3d anime porn,,0,"0.00,0.00,0.00,0.00,0.00,0.00,0.00,0.00,0.00,1.00,0.00,0.00",,0.00,0.00,,
pov animated 3d porn,,0,"0.00,0.00,0.00,0.00,0.00,0.00,0.00,0.00,0.00,0.00,0.00,0.00",,0.00,0.00,,
pov standing fuck with overwatch 2 sombra 3d animation porn,,0,"0.00,0.00,0.00,0.00,0.00,0.00,0.00,0.00,0.00,0.00,0.00,0.00",,0.00,0.00,,
ppp things 3d animated porn,,0,"0.00,0.00,0.00,0.00,0.00,0.00,0.00,0.00,0.00,0.00,0.00,0.00",,0.00,0.00,,
pppthings 3d animated porn,,0,"0.00,0.00,0.00,0.00,0.00,0.00,0.00,0.00,0.00,0.00,0.00,0.00",,0.00,0.00,,
preg 3d animation waddle porn,,0,"0.00,0.00,0.00,0.00,0.00,0.00,0.00,0.00,0.00,0.00,0.00,0.00",,0.00,0.00,,
pregnant 3d animation porn,,0,"0.00,0.00,0.00,0.00,0.00,0.00,0.00,0.00,0.00,0.00,0.00,0.00",,0.00,0.00,,
pregnant 3d anime porn,,0,"0.00,0.00,0.00,0.00,0.00,0.00,0.00,0.00,0.00,0.00,0.00,0.00",,0.00,0.00,,
pregnant porn expansion 3d animation,,0,"0.00,0.00,0.00,0.00,0.00,0.00,0.00,0.00,0.00,0.00,0.00,0.00",,0.00,0.00,,
premium 3d anime porn,,0,"0.00,0.00,0.00,0.00,0.00,0.00,0.00,0.00,0.00,0.00,0.00,0.00",,0.00,0.00,,
premium 3d anime porn free,,0,"0.00,0.00,0.00,0.00,0.00,0.00,0.00,0.00,0.00,0.00,0.00,0.00",,0.00,0.00,,
prison 3d animation porn,,0,"0.00,0.00,0.00,0.00,0.00,0.00,0.00,0.00,0.00,0.00,0.00,0.00",,0.00,0.00,,
pronhub 3d animation porn,,0,"0.00,0.00,0.00,0.00,0.00,0.00,0.00,0.00,0.00,0.00,0.00,0.00",,0.00,0.00,,
quality 3d animated porn creampie,,0,"0.00,0.00,0.00,0.00,0.00,0.00,0.00,0.00,0.00,0.00,0.00,0.00",,0.00,0.00,,
r 3d animated porn,,0,"0.00,0.00,0.00,0.00,0.00,0.00,0.00,0.00,0.00,0.00,0.00,0.00",,0.00,0.00,,
raceplay 3d animation porn,,0,"0.00,0.00,0.00,0.00,0.00,0.00,0.00,0.00,0.00,0.00,0.00,0.00",,0.00,0.00,,
rape porn 3d animation,,0,"0.00,0.00,0.00,0.00,0.00,0.00,0.00,0.00,0.00,0.00,0.00,0.00",,0.00,0.00,,
rape porn 3d animations,,0,"0.00,0.00,0.00,0.00,0.00,0.00,0.00,0.00,0.00,0.00,0.00,0.00",,0.00,0.00,,
raven 3d animated porn,,0,"0.00,0.00,0.00,0.00,0.00,0.00,0.00,0.00,0.00,0.00,0.00,0.00",,0.00,0.00,,
raven 3d animation porn,,0,"0.00,0.00,0.00,0.00,0.00,0.00,0.00,0.00,0.00,0.00,0.00,0.00",,0.00,0.00,,
real 3d animated porn,,0,"0.00,0.00,0.00,0.00,0.00,0.00,0.00,0.00,0.00,0.00,0.00,0.00",,0.00,0.00,,
real 3d animation porn,,0,"0.00,0.00,0.00,0.00,0.00,0.00,0.00,0.00,0.00,0.00,0.00,0.00",,0.00,0.00,,
real animation 3d porn,,0,"0.00,0.00,0.00,0.00,0.00,0.00,0.00,0.00,0.00,0.00,0.00,0.00",,0.00,0.00,,
real animation uncensored 3d porn movies,,0,"0.00,0.00,0.00,0.00,0.00,0.00,0.00,0.00,0.00,0.00,0.00,0.00",,0.00,0.00,,
real animation uncensorex 3d porn movies,,0,"0.00,0.00,0.00,0.00,0.00,0.00,0.00,0.00,0.00,0.00,0.00,0.00",,0.00,0.00,,
real animations uncensorex 3d porn movies,,0,"0.00,0.00,0.00,0.00,0.00,0.00,0.00,0.00,0.00,0.00,0.00,0.00",,0.00,0.00,,
real anime uncensorex 3d porn movies,,0,"0.00,0.00,0.00,0.00,0.00,0.00,0.00,0.00,0.00,0.00,0.00,0.00",,0.00,0.00,,
realistic 3d animated porn movies,,0,"0.00,0.00,0.00,0.00,0.00,0.00,0.00,0.00,0.00,0.00,0.00,0.00",,0.00,0.00,,
realistic 3d animation bondage porn,,0,"0.00,0.00,0.00,0.00,0.00,0.00,0.00,0.00,0.00,0.00,0.00,0.00",,0.00,0.00,,
realistic 3d animation extreme porn,,0,"0.00,0.00,0.00,0.00,0.00,0.00,0.00,0.00,0.00,0.00,0.00,0.00",,0.00,0.00,,
realistic 3d anime porn cartoon,,0,"0.00,0.00,0.00,0.00,0.00,0.00,0.00,0.00,0.00,0.00,0.00,0.00",,0.00,0.00,,
realistic 3d porn animations,,0,"0.00,0.00,0.00,0.00,0.00,0.00,0.00,0.00,0.00,0.00,0.00,0.00",,0.00,0.00,,
realistic animated 3d teacher gangbang porn,,0,"0.00,0.00,0.00,0.00,0.00,0.00,0.00,0.00,0.00,0.00,0.00,0.00",,0.00,0.00,,
realistic animated celebrity 3d porn,,0,"0.00,0.00,0.00,0.00,0.00,0.00,0.00,0.00,0.00,0.00,0.00,0.00",,0.00,0.00,,
realistic animation 3d porn,,0,"0.00,0.00,0.00,0.00,0.00,0.00,0.00,0.00,0.00,0.00,0.00,0.00",,0.00,0.00,,
realistic animation porn 3d,,0,"0.00,0.00,0.00,0.00,0.00,0.00,0.00,0.00,0.00,0.00,0.00,0.00",,0.00,0.00,,
realistic cgi 3d animated porn hd,,0,"0.00,0.00,0.00,0.00,0.00,0.00,0.00,0.00,0.00,0.00,0.00,0.00",,0.00,0.00,,
realistic porn 3d animated videos,,0,"0.00,0.00,0.00,0.00,0.00,0.00,0.00,0.00,0.00,0.00,0.00,0.00",,0.00,0.00,,
realistic porn 3d virtual games animated videos,,0,"0.00,0.00,0.00,0.00,0.00,0.00,0.00,0.00,0.00,0.00,0.00,0.00",,0.00,0.00,,
reality animated 3d porn,,0,"0.00,0.00,0.00,0.00,0.00,0.00,0.00,0.00,0.00,0.00,0.00,0.00",,0.00,0.00,,
reddit 3d animated porn,,0,"0.00,0.00,0.00,0.00,0.00,0.00,0.00,0.00,0.00,0.00,0.00,0.00",,0.00,0.00,,
reddit 3d anime porn full videos,,0,"0.00,0.00,0.00,0.00,0.00,0.00,0.00,0.00,0.00,0.00,0.00,0.00",,0.00,0.00,,
reddit 3d porn animation,,0,"0.00,0.00,0.00,0.00,0.00,0.00,0.00,0.00,0.00,0.00,0.00,0.00",,0.00,0.00,,
reddit animated 3d porn,,0,"0.00,0.00,0.00,0.00,0.00,0.00,0.00,0.00,0.00,0.00,0.00,0.00",,0.00,0.00,,
reddit best 3d porn game anime,,0,"0.00,0.00,0.00,0.00,0.00,0.00,0.00,0.00,0.00,0.00,0.00,0.00",,0.00,0.00,,
reddit premium 3d anime porn free,,0,"0.00,0.00,0.00,0.00,0.00,0.00,0.00,0.00,0.00,0.00,0.00,0.00",,0.00,0.00,,
reddit realistic 3d porn anime,,0,"0.00,0.00,0.00,0.00,0.00,0.00,0.00,0.00,0.00,0.00,0.00,0.00",,0.00,0.00,,
redhead 3d animated porn,,0,"0.00,0.00,0.00,0.00,0.00,0.00,0.00,0.00,0.00,0.00,0.00,0.00",,0.00,0.00,,
rem anime hentai 3d dildo machine porn,,0,"0.00,0.00,0.00,0.00,0.00,0.00,0.00,0.00,0.00,0.00,0.00,0.00",,0.00,0.00,,
rem anime hentai 3d tentacle porn,,0,"0.00,0.00,0.00,0.00,0.00,0.00,0.00,0.00,0.00,0.00,0.00,0.00",,0.00,0.00,,
resident evil 3d animated porn,,0,"0.00,0.00,0.00,0.00,0.00,0.00,0.00,0.00,0.00,0.00,0.00,0.00",,0.00,0.00,,
resident evil 3d animation porn,,0,"0.00,0.00,0.00,0.00,0.00,0.00,0.00,0.00,0.00,0.00,0.00,0.00",,0.00,0.00,,
resident evil 3d porn animation,,0,"0.00,0.00,0.00,0.00,0.00,0.00,0.00,0.00,0.00,0.00,0.00,0.00",,0.00,0.00,,
roblox 3d animation porn,,0,"0.00,0.00,0.00,0.00,0.00,0.00,0.00,0.00,0.00,0.00,0.00,0.00",,0.00,0.00,,
robonepen daddy's lilttle porn addict 3d animation,,0,"0.00,0.00,0.00,0.00,0.00,0.00,0.00,0.00,0.00,0.00,0.00,0.00",,0.00,0.00,,
robot 3d animation porn,,0,"0.00,0.00,0.00,0.00,0.00,0.00,0.00,0.00,0.00,0.00,0.00,0.00",,0.00,0.00,,
robot 3d animation porn download,,0,"0.00,0.00,0.00,0.00,0.00,0.00,0.00,0.00,0.00,0.00,0.00,0.00",,0.00,0.00,,
robot 3d animation porn futaya,,0,"0.00,0.00,0.00,0.00,0.00,0.00,0.00,0.00,0.00,0.00,0.00,0.00",,0.00,0.00,,
robot 3d animation porn futaya download,,0,"0.00,0.00,0.00,0.00,0.00,0.00,0.00,0.00,0.00,0.00,0.00,0.00",,0.00,0.00,,
rough 3d animated porn,,0,"0.00,0.00,0.00,0.00,0.00,0.00,0.00,0.00,0.00,0.00,0.00,1.00",,0.00,0.00,,
rough 3d animation porn,,0,"0.00,0.00,0.00,0.00,0.00,0.00,0.00,0.00,0.00,0.00,0.00,0.00",,0.00,0.00,,
rough 3d anime porn,,0,"0.00,0.00,0.00,0.00,0.00,0.00,0.00,0.00,0.00,0.00,0.00,0.00",,0.00,0.00,,
rrostek 3d animated porn,,0,"0.00,0.00,0.00,0.00,0.00,0.00,0.00,0.00,0.00,0.00,0.00,0.00",,0.00,0.00,,
rule34video 3d animal porn,,0,"0.00,0.00,0.00,0.00,0.00,0.00,0.00,0.00,0.00,0.00,0.00,0.00",,0.00,0.00,,
sarah 3d animated porn,,0,"0.00,0.00,0.00,0.00,0.00,0.00,0.00,0.00,0.00,0.00,0.00,0.00",,0.00,0.00,,
sarah 3d animated porn rape,,0,"0.00,0.00,0.00,0.00,0.00,0.00,0.00,0.00,0.00,0.00,0.00,0.00",,0.00,0.00,,
sarah last of us 3d animated porn rape,,0,"0.00,0.00,0.00,0.00,0.00,0.00,0.00,0.00,0.00,0.00,0.00,0.00",,0.00,0.00,,
sci fi 3d anime porn,,0,"0.00,0.00,0.00,0.00,0.00,0.00,0.00,0.00,0.00,0.00,0.00,0.00",,0.00,0.00,,
scooby doo 3d animation porn,,0,"0.00,0.00,0.00,0.00,0.00,0.00,0.00,0.00,0.00,0.00,0.00,0.00",,0.00,0.00,,
sensual adventure 3d anime porn,,0,"0.00,0.00,0.00,0.00,0.00,0.00,0.00,0.00,0.00,0.00,0.00,0.00",,0.00,0.00,,
sensual adventure 3d anime porn episode 3,,0,"0.00,0.00,0.00,0.00,0.00,0.00,0.00,0.00,0.00,0.00,0.00,0.00",,0.00,0.00,,
sex anime porn 3d,,0,"0.00,0.00,0.00,0.00,0.00,0.00,0.00,0.00,0.00,0.00,0.00,0.00",,0.00,0.00,,
sex porno anime 3d,,0,"0.00,0.00,0.00,0.00,0.00,0.00,0.00,0.00,0.00,0.00,0.00,0.00",,0.00,0.00,,
sexy 3d animated girl porn,,0,"0.00,0.00,0.00,0.00,0.00,0.00,0.00,0.00,0.00,0.00,0.00,0.00",,0.00,0.00,,
sexy 3d animated mom and daughters boyfriend porn,,0,"0.00,0.00,0.00,0.00,0.00,0.00,0.00,0.00,0.00,0.00,0.00,0.00",,0.00,0.00,,
sexy 3d animations growth porn,,0,"0.00,0.00,0.00,0.00,0.00,0.00,0.00,0.00,0.00,0.00,0.00,0.00",,0.00,0.00,,
sexy 3d art animation growth porn,,0,"0.00,0.00,0.00,0.00,0.00,0.00,0.00,0.00,0.00,0.00,0.00,0.00",,0.00,0.00,,
sexy 3d art animations growth porn,,0,"0.00,0.00,0.00,0.00,0.00,0.00,0.00,0.00,0.00,0.00,0.00,0.00",,0.00,0.00,,
sexy 3d cartoon porn disney animation,,0,"0.00,0.00,0.00,0.00,0.00,0.00,0.00,0.00,0.00,0.00,0.00,0.00",,0.00,0.00,,
sexy animated 3d porn,,0,"0.00,0.00,0.00,0.00,0.00,0.00,0.00,0.00,0.00,0.00,0.00,0.00",,0.00,0.00,,
sexy animated 3d porn gif,,0,"0.00,0.00,0.00,0.00,0.00,0.00,0.00,0.00,0.00,0.00,0.00,0.00",,0.00,0.00,,
sexy anime girls 3d porn,,0,"0.00,0.00,0.00,0.00,0.00,0.00,0.00,0.00,0.00,0.00,0.00,0.00",,0.00,0.00,,
sexy lily munsters porn 3d animated,,0,"0.00,0.00,0.00,0.00,0.00,0.00,0.00,0.00,0.00,0.00,0.00,0.00",,0.00,0.00,,
sexy porn animated 3d girls,,0,"0.00,0.00,0.00,0.00,0.00,0.00,0.00,0.00,0.00,0.00,0.00,0.00",,0.00,0.00,,
sexy thicc furry 3d animated porn,,0,"0.00,0.00,0.00,0.00,0.00,0.00,0.00,0.00,0.00,0.00,0.00,0.00",,0.00,0.00,,
sfm 3d animation porn,,0,"0.00,0.00,0.00,0.00,0.00,0.00,0.00,0.00,0.00,0.00,0.00,0.00",,0.00,0.00,,
sfm cgi 3d computer animated porn hd,,0,"0.00,0.00,0.00,0.00,0.00,0.00,0.00,0.00,0.00,0.00,0.00,0.00",,0.00,0.00,,
sfm compile - sfm 3d porn clips - r34 animation,,0,"0.00,0.00,0.00,0.00,0.00,0.00,0.00,0.00",,0.00,0.00,,
she hulk 3d animation porn,,0,"0.00,0.00,0.00,0.00,0.00,0.00,0.00,0.00,0.00,0.00,0.00,0.00",,0.00,0.00,,
shemale 3d animated porn,,0,"0.00,0.00,0.00,0.00,0.00,0.00,0.00,0.00,0.00,0.00,0.00,0.00",,0.00,0.00,,
shemale 3d animation porn,,0,"1.00,1.00,1.00,0.00,0.00,1.00,0.00,0.00,0.00,0.00,0.00,1.00",,0.00,0.00,,
shemale 3d anime hentai porn,,0,"0.00,0.00,0.00,0.00,0.00,0.00,0.00,0.00,0.00,0.00,0.00,0.00",,0.00,0.00,,
shemale 3d anime porn,,0,"0.00,0.00,0.00,0.00,0.00,0.00,0.00,0.00,0.00,0.00,0.00,0.00",,0.00,0.00,,
shemale 3d porn animated,,0,"0.00,0.00,0.00,0.00,0.00,0.00,0.00,0.00,0.00,0.00,0.00,0.00",,0.00,0.00,,
shemale 3d porn animation,,0,"0.00,0.00,0.00,0.00,0.00,0.00,0.00,0.00,0.00,0.00,0.00,0.00",,0.00,0.00,,
shemale animation 3d porn,,0,"0.00,0.00,0.00,0.00,0.00,0.00,0.00,0.00,0.00,0.00,0.00,0.00",,0.00,0.00,,
shemale anime 3d porn,,0,"0.00,0.00,0.00,0.00,0.00,0.00,0.00,0.00,0.00,0.00,0.00,0.00",,0.00,0.00,,
shemale anime porn 3d,,0,"0.00,0.00,0.00,0.00,0.00,0.00,0.00,0.00,0.00,0.00,0.00,0.00",,0.00,0.00,,
shemale lovemaking anime 3d cartoon porn,,0,"0.00,0.00,0.00,0.00,0.00,0.00,0.00,0.00,0.00,0.00,0.00,0.00",,0.00,0.00,,
shemale porn 3d animation,,0,"0.00,0.00,0.00,0.00,0.00,0.00,0.00,0.00,0.00,0.00,0.00,0.00",,0.00,0.00,,
shemale porn incest 3d animation,,0,"0.00,0.00,0.00,0.00,0.00,0.00,0.00,0.00,0.00,0.00,0.00,0.00",,0.00,0.00,,
shemale porn incest 3d animation bioshock,,0,"0.00,0.00,0.00,0.00,0.00,0.00,0.00,0.00,0.00,0.00,0.00,0.00",,0.00,0.00,,
short hair 3d animation porn,,0,"0.00,0.00,0.00,0.00,0.00,0.00,0.00,0.00,0.00,0.00,0.00,0.00",,0.00,0.00,,
shota 3d animation porn,,0,"0.00,0.00,0.00,0.00,1.00,0.00,0.00,0.00,0.00,0.00,0.00,0.00",,0.00,0.00,,
shota animation 3d porn,,0,"0.00,0.00,0.00,0.00,0.00,0.00,0.00,0.00,0.00,0.00,0.00,0.00",,0.00,0.00,,
shota porn 3d animation,,0,"0.00,0.00,0.00,0.00,0.00,0.00,0.00,0.00,0.00,0.00,0.00,0.00",,0.00,0.00,,
shotacon 3d animation porn,,0,"0.00,0.00,0.00,0.00,0.00,0.00,0.00,0.00,0.00,0.00,0.00,0.00",,0.00,0.00,,
shrek and fiona 3d animation porn,,0,"0.00,0.00,0.00,0.00,0.00,0.00,0.00,0.00,0.00,0.00,0.00,0.00",,0.00,0.00,,
silmdog 3d anime porn,,0,"0.00,0.00,0.00,0.00,0.00,0.00,0.00,0.00,0.00,0.00,0.00,0.00",,0.00,0.00,,
sindel & cassie - 3d porn animation,,0,"0.00,0.00,0.00,0.00,0.00,0.00,0.00,0.00,0.00,0.00,0.00,0.00",,0.00,0.00,,
sissy boy 3d animation porn,,0,"0.00,0.00,0.00,0.00,0.00,0.00,0.00,0.00,0.00,0.00,0.00,0.00",,0.00,0.00,,
skyla 3d animated porn,,0,"0.00,0.00,0.00,0.00,0.00,0.00,0.00,0.00,0.00,0.00,0.00,0.00",,0.00,0.00,,
slimdog 3d anime manga porn,,0,"0.00,0.00,0.00,0.00,0.00,0.00,0.00,0.00,0.00,0.00,0.00,0.00",,0.00,0.00,,
slimdog 3d anime porn,,0,"0.00,0.00,0.00,0.00,0.00,0.00,0.00,0.00,0.00,0.00,0.00,0.00",,0.00,0.00,,
smf porn snuff 3d animated tentacle,,0,"0.00,0.00,0.00,0.00,0.00,0.00,0.00,0.00,0.00,0.00,0.00,0.00",,0.00,0.00,,
snake dick porn 3d animated,,0,"0.00,0.00,0.00,0.00,0.00,0.00,0.00,0.00,0.00,0.00,0.00,0.00",,0.00,0.00,,
snow white 3d porn animation,,0,"0.00,0.00,0.00,0.00,0.00,0.00,0.00,0.00,0.00,0.00,0.00,0.00",,0.00,0.00,,
specia agent anime 3d porn,,0,"0.00,0.00,0.00,0.00,0.00,0.00,0.00,0.00,0.00,0.00,0.00,0.00",,0.00,0.00,,
special agent anime 3d porn full video,,0,"0.00,0.00,0.00,0.00,0.00,0.00,0.00,0.00,0.00,0.00,0.00,0.00",,0.00,0.00,,
spider gwen 3d animation porn,,0,"0.00,0.00,0.00,0.00,0.00,0.00,0.00,0.00,0.00,0.00,0.00,0.00",,0.00,0.00,,
squarepeg 3d futa porn animations,,0,"0.00,0.00,0.00,0.00,0.00,0.00,0.00,0.00,0.00,0.00,0.00,0.00",,0.00,0.00,,
star wars 3d animated porn,,0,"0.00,0.00,0.00,0.00,0.00,0.00,0.00,0.00,0.00,0.00,0.00,0.00",,0.00,0.00,,
star wars 3d porn animation,,0,"0.00,0.00,0.00,0.00,0.00,0.00,0.00,0.00,0.00,0.00,0.00,0.00",,0.00,0.00,,
stepmom 3d animated porn,,0,"0.00,0.00,0.00,0.00,0.00,0.00,0.00,0.00,0.00,0.00,0.00,1.00",,0.00,0.00,,
stepmom 3d porn animation,,0,"0.00,0.00,0.00,0.00,0.00,0.00,0.00,0.00,0.00,0.00,0.00,0.00",,0.00,0.00,,
street fighter porn gay sfm 3d gif animated,,0,"0.00,0.00,0.00,0.00,0.00,0.00,0.00,0.00,0.00,0.00,0.00,0.00",,0.00,0.00,,
summer red porn animated 3d,,0,"0.00,0.00,0.00,0.00,0.00,0.00,0.00,0.00,0.00,0.00,0.00,0.00",,0.00,0.00,,
super fast 3d anime porn,,0,"0.00,0.00,0.00,0.00,0.00,0.00,0.00,0.00,0.00,0.00,0.00,0.00",,0.00,0.00,,
super hot 3d anime porn,,0,"0.00,0.00,0.00,0.00,0.00,0.00,0.00,0.00,0.00,0.00,0.00,0.00",,0.00,0.00,,
svarog 3d animal test porn movie,,0,"0.00,0.00,0.00,0.00,0.00,0.00,0.00,0.00,0.00,0.00,0.00,0.00",,0.00,0.00,,
s虱 3d anime porn,,0,"1.00,0.00,0.00,0.00,0.00",,0.00,0.00,,
teen 3d animated porn,,0,"0.00,0.00,0.00,0.00,0.00,0.00,0.00,0.00,0.00,0.00,0.00,0.00",,0.00,0.00,,
teen 3d animation porn,,0,"0.00,0.00,0.00,0.00,0.00,0.00,0.00,0.00,0.00,0.00,0.00,0.00",,0.00,0.00,,
teen 3d anime porn,,0,"0.00,0.00,0.00,0.00,0.00,0.00,0.00,0.00,0.00,0.00,0.00,0.00",,0.00,0.00,,
teen anime 3d porn,,0,"0.00,0.00,0.00,0.00,0.00,0.00,0.00,0.00,0.00,0.00,0.00,0.00",,0.00,0.00,,
teens pregnant anime 3d porno videos,,0,"0.00,0.00,0.00,0.00,0.00,0.00,0.00,0.00,0.00,0.00,0.00,0.00",,0.00,0.00,,
teens pregnant anime hentai 3d porno videos,,0,"0.00,0.00,0.00,0.00,0.00,0.00,0.00,0.00,0.00,0.00,0.00,0.00",,0.00,0.00,,
tentacle breeding 3d animation porn videos,,0,"0.00,0.00,0.00,0.00,0.00,0.00,0.00,0.00,0.00,0.00,0.00,0.00",,0.00,0.00,,
tentacle porn 3d animation,,0,"0.00,0.00,0.00,0.00,0.00,0.00,0.00,0.00,0.00,0.00,0.00,0.00",,0.00,0.00,,
the best 3d animate malina porn gifs,,0,"0.00,0.00,0.00,0.00,0.00,0.00,0.00,0.00,0.00,0.00,0.00,0.00",,0.00,0.00,,
the best 3d animated elf porn gifs,,0,"0.00,0.00,0.00,0.00,0.00,0.00,0.00,0.00,0.00,0.00,0.00,0.00",,0.00,0.00,,
the best 3d animated feet porn gifs,,0,"0.00,0.00,0.00,0.00,0.00,0.00,0.00,0.00,0.00,0.00,0.00,0.00",,0.00,0.00,,
the best 3d animated final fantasy xiii vanille porn gifs,,0,"0.00,0.00,0.00,0.00,0.00,0.00,0.00,0.00,0.00,0.00,0.00,0.00",,0.00,0.00,,
the best 3d animated hot mileena porn gifs,,0,"0.00,0.00,0.00,0.00,0.00,0.00,0.00,0.00,0.00,0.00,0.00,0.00",,0.00,0.00,,
the best 3d animated kanker sister porn gifs,,0,"0.00,0.00,0.00,0.00,0.00,0.00,0.00,0.00,0.00,0.00,0.00,0.00",,0.00,0.00,,
the best 3d animated mileena porn gifs,,0,"0.00,0.00,0.00,0.00,0.00,0.00,0.00,0.00,0.00,0.00,0.00,0.00",,0.00,0.00,,
the best 3d animated overwatch feet porn gifs,,0,"0.00,0.00,0.00,0.00,0.00,0.00,0.00,0.00,0.00,0.00,0.00,0.00",,0.00,0.00,,
the best 3d animated porn forum,,0,"0.00,0.00,0.00,0.00,0.00,0.00,0.00,0.00,0.00,0.00,0.00,0.00",,0.00,0.00,,
the best 3d animated porn gifs,,0,"0.00,0.00,0.00,0.00,0.00,0.00,0.00,0.00,0.00,0.00,0.00,0.00",,0.00,0.00,,
the best 3d animated samus porn gifs,,0,"0.00,0.00,0.00,0.00,0.00,0.00,0.00,0.00,0.00,0.00,0.00,0.00",,0.00,0.00,,
the best 3d animated the witcher porn gifs,,0,"0.00,0.00,0.00,0.00,0.00,0.00,0.00,0.00,0.00,0.00,0.00,0.00",,0.00,0.00,,
the best 3d animated vaniel porn gifs,,0,"0.00,0.00,0.00,0.00,0.00,0.00,0.00,0.00,0.00,0.00,0.00,0.00",,0.00,0.00,,
the best 3d animation porn,,0,"0.00,0.00,0.00,0.00,0.00,0.00,0.00,0.00,0.00,0.00,0.00,0.00",,0.00,0.00,,
the best 3d animations of 2020 porn,,0,"1.00,0.00,0.00,0.00,0.00,0.00,0.00,1.00,0.00,0.00,0.00,0.00",,0.00,0.00,,
the best 3d anime porn,,0,"0.00,0.00,0.00,0.00,0.00,0.00,0.00,0.00,0.00,0.00,0.00,0.00",,0.00,0.00,,
the best 3d porn animation,,0,"0.00,0.00,0.00,0.00,0.00,0.00,0.00,0.00,0.00,0.00,0.00,0.00",,0.00,0.00,,
the best cassandra dimitrescu 3d porn animation u see,,0,"0.00,0.00,0.00,0.00,0.00,0.00,0.00,0.00,0.00,0.00,0.00,0.00",,0.00,0.00,,
the best site for free 3d animated porn,,0,"0.00,0.00,0.00,0.00,0.00,0.00,0.00,0.00,0.00,0.00,0.00,0.00",,0.00,0.00,,
the experiment chapter 1 3d porn animation,,0,"0.00,0.00,0.00,0.00,0.00,0.00,0.00,0.00,0.00,0.00,0.00,0.00",,0.00,0.00,,
the experiment chapter 2 3d porn animation,,0,"0.00,0.00,0.00,0.00,0.00,0.00,0.00,0.00,0.00,0.00,0.00,0.00",,0.00,0.00,,
the experiment full 3d animated porn,,0,"0.00,0.00,0.00,0.00,0.00,0.00,0.00,0.00,0.00,0.00,0.00,0.00",,0.00,0.00,,
the hottest 3d futanari porn animation,,0,"0.00,0.00,0.00,0.00,0.00,0.00,0.00,0.00,0.00,0.00,0.00,0.00",,0.00,0.00,,
the incredables 3d animation porn,,0,"0.00,0.00,0.00,0.00,0.00,0.00,0.00,0.00,0.00,0.00,0.00,0.00",,0.00,0.00,,
the last of us 3d animated porn,,0,"0.00,0.00,0.00,0.00,0.00,0.00,0.00,0.00,0.00,0.00,0.00,0.00",,0.00,0.00,,
the witch 4k animation 3d porn,,0,"0.00,0.00,0.00,0.00,0.00,0.00,0.00,0.00,0.00,0.00,0.00,0.00",,0.00,0.00,,
thundercats porn anime 3d gallery,,0,"0.00,0.00,0.00,0.00,0.00,0.00,0.00,0.00,0.00,0.00,0.00,0.00",,0.00,0.00,,
thundercats porn anime realistic 3d gallery,,0,"0.00,0.00,0.00,0.00,0.00,0.00,0.00,0.00,0.00,0.00,0.00,0.00",,0.00,0.00,,
tifa final fantasy porn 3d animated,,0,"0.00,0.00,0.00,0.00,0.00,0.00,0.00,0.00,0.00,0.00,0.00,0.00",,0.00,0.00,,
tlou sarah 3d animation porn,,0,"0.00,0.00,0.00,0.00,0.00,0.00,0.00,0.00,0.00,0.00,0.00,0.00",,0.00,0.00,,
top 3d animation porn videos,,0,"0.00,0.00,0.00,0.00,0.00,0.00,0.00,0.00,0.00,0.00,0.00,0.00",,0.00,0.00,,
top 3d gay furry porn animation,,0,"0.00,0.00,0.00,0.00,0.00,0.00,0.00,0.00,0.00,0.00,0.00,0.00",,0.00,0.00,,
top 3d porn animation,,0,"0.00,0.00,0.00,0.00,0.00,0.00,0.00,0.00,0.00,0.00,0.00,0.00",,0.00,0.00,,
top 3d porn animators,,0,"0.00,0.00,0.00,0.00,1.00,0.00,0.00,0.00,0.00,0.00,0.00,0.00",,0.00,0.00,,
top animated 3d shemale porn stars,,0,"0.00,0.00,0.00,0.00,0.00,0.00,0.00,0.00,0.00,0.00,0.00,0.00",,0.00,0.00,,
top anime 3d porn,,0,"0.00,0.00,0.00,0.00,0.00,0.00,0.00,0.00,0.00,0.00,0.00,0.00",,0.00,0.00,,
top rated 3d animation porn,,0,"0.00,0.00,0.00,0.00,0.00,0.00,0.00,0.00,0.00,0.00,0.00,0.00",,0.00,0.00,,
tracer 3d animated porn,,0,"0.00,0.00,0.00,0.00,0.00,0.00,0.00,0.00,0.00,0.00,0.00,0.00",,0.00,0.00,,
tracer 3d porn animated,,0,"0.00,0.00,0.00,0.00,0.00,0.00,0.00,0.00,0.00,0.00,0.00,0.00",,0.00,0.00,,
tracer 3d porn animations,,0,"0.00,0.00,0.00,0.00,0.00,0.00,0.00,0.00,0.00,0.00,0.00,0.00",,0.00,0.00,,
tracer porn 3d animated,,0,"0.00,0.00,0.00,0.00,0.00,0.00,0.00,0.00,0.00,0.00,0.00,0.00",,0.00,0.00,,
tranny 3d animated porn,,0,"0.00,0.00,0.00,0.00,0.00,0.00,0.00,0.00,0.00,0.00,0.00,0.00",,0.00,0.00,,
trans 3d animation porn,,0,"0.00,0.00,0.00,0.00,0.00,0.00,0.00,0.00,0.00,0.00,0.00,0.00",,0.00,0.00,,
trans 3d anime porn,,0,"0.00,0.00,0.00,0.00,0.00,0.00",,0.00,0.00,,
tristana animated 3d happy waking porn,,0,"0.00,0.00,0.00,0.00,0.00,0.00,0.00,0.00,0.00,0.00,0.00,0.00",,0.00,0.00,,
tristana animated 3d happy walking porn,,0,"0.00,0.00,0.00,0.00,0.00,0.00,0.00,0.00,0.00,0.00,0.00,0.00",,0.00,0.00,,
tristana animated 3d porn,,0,"0.00,0.00,0.00,0.00,0.00,0.00,0.00,0.00,0.00,0.00,0.00,0.00",,0.00,0.00,,
tristina animated 3d happy waking porn,,0,"0.00,0.00,0.00,0.00,0.00,0.00,0.00,0.00,0.00,0.00,0.00,0.00",,0.00,0.00,,
tristina animated 3d happy waking porno,,0,"0.00,0.00,0.00,0.00,0.00,0.00,0.00,0.00,0.00,0.00,0.00,0.00",,0.00,0.00,,
tristina animated 3d porn,,0,"0.00,0.00,0.00,0.00,0.00,0.00,0.00,0.00,0.00,0.00,0.00,0.00",,0.00,0.00,,
twi'lek 3d animated porn,,0,"0.00,0.00,0.00,0.00,0.00,0.00,0.00,0.00,0.00,0.00,0.00,0.00",,0.00,0.00,,
twitter 3d anime porn,,0,"0.00,0.00,0.00,0.00,0.00,0.00,0.00,0.00,0.00,0.00,0.00,0.00",,0.00,0.00,,
twitter 3d porn animation,,0,"0.00,0.00,0.00,0.00,0.00,0.00,0.00,0.00,0.00,0.00,0.00,0.00",,0.00,0.00,,
ultra video 3d animated porn,,0,"1.00,0.00",,0.00,0.00,,
uncensored 3d animation porn,,0,"1.00,0.00,0.00,0.00,0.00,0.00,0.00,0.00,0.00,0.00,0.00,0.00",,0.00,0.33,,
uncensored 3d anime porn movies,,0,"0.00,0.00,0.00,0.00,0.00,0.00,0.00,0.00,0.00,0.00,0.00,0.00",,0.00,0.00,,
uncensored 3d hentai animated porn,,0,"0.00,0.00,0.00,0.00,0.00,0.00,0.00,0.00,0.00,0.00,0.00,0.00",,0.00,0.00,,
uncensored english dubed 3d anime porn,,0,"0.00,0.00,0.00,0.00,0.00,0.00,0.00,0.00,0.00,0.00,0.00,0.00",,0.00,0.00,,
uncle dick 3d porn animation,,0,"0.00,0.00,0.00,0.00,0.00,0.00,0.00,0.00,0.00,0.00,0.00,0.00",,0.00,0.00,,
until dawn 3d animation porn,,0,"0.00,0.00,0.00,0.00,0.00,0.00,0.00,0.00,0.00,0.00,0.00,0.00",,0.00,0.00,,
until dawn porn 3d animation,,0,"0.00,0.00,0.00,0.00,0.00,0.00,0.00,0.00,0.00,0.00,0.00,0.00",,0.00,0.00,,
valentine chronicles - 3d monster animation porn,,0,"0.00,0.00,0.00,0.00,0.00,0.00,0.00,0.00,0.00,0.00,0.00,0.00",,0.00,0.00,,
vampire porn 3d animated,,0,"0.00,0.00,0.00,0.00,0.00,0.00,0.00,0.00,0.00,0.00,0.00,0.00",,0.00,0.00,,
vanessa 3d animation porn,,0,"0.00,0.00,0.00,0.00,0.00,0.00,0.00,0.00,0.00,0.00,0.00,0.00",,0.00,0.00,,
vanessa 3d porn animation,,0,"0.00,0.00,0.00,0.00,0.00,0.00,0.00,0.00,0.00,0.00,0.00,0.00",,0.00,0.00,,
vanessa fnaf 3d animation porn,,0,"0.00,0.00,0.00,0.00,0.00,0.00,0.00,0.00,0.00,0.00,0.00,0.00",,0.00,0.00,,
various straight shota animation vol 2 3d porn comic,,0,"0.00,0.00,0.00,0.00,0.00,0.00,0.00,0.00,0.00,0.00,0.00,0.00",,0.00,0.00,,
vault girls series 3d animated porn,,0,"0.00,0.00,0.00,0.00,0.00,0.00,0.00,0.00,0.00,0.00,0.00,0.00",,0.00,0.00,,
velna 3 full length animated 3d porn videos,,0,"0.00,0.00,0.00,0.00,0.00,0.00,0.00,0.00,0.00,0.00,0.00,0.00",,0.00,0.00,,
venom spiderman gay porn 3d animation,,0,"0.00,0.00,0.00,0.00,0.00,0.00,0.00,0.00,0.00,0.00,0.00,0.00",,0.00,0.00,,
very realistic 3d animation porn,,0,"0.00,0.00,0.00,0.00,0.00,0.00,0.00,0.00,0.00,0.00,0.00,0.00",,0.00,0.00,,
video 3d anime pooping porn,,0,"0.00,0.00,0.00,0.00,0.00,0.00,0.00,0.00,0.00,0.00,0.00,0.00",,0.00,0.00,,
video game porn 3d animation,,0,"0.00,0.00,0.00,0.00,0.00,0.00,0.00,0.00,0.00,0.00,0.00,0.00",,0.00,0.00,,
video porno anime 3d,,0,"0.00,0.00,0.00,0.00,0.00,0.00,0.00,0.00,1.00,0.00,0.00,0.00",,0.00,0.00,,
videogame porn 3d animation,,0,"0.00,0.00,0.00,0.00,0.00,0.00,0.00,0.00,0.00,0.00,0.00,0.00",,0.00,0.00,,
videos anime 3d porno,,0,"0.00,0.00,0.00,0.00,0.00,0.00,0.00,0.00,0.00,0.00,0.00,0.00",,0.00,0.00,,
videos of 3d animal porn,,0,"0.00,0.00,0.00,0.00,0.00,0.00,0.00,0.00,0.00,0.00,0.00,0.00",,0.00,0.00,,
videos porno anime 3d,,0,"0.00,0.00,0.00,0.00,0.00,0.00,0.00,0.00,0.00,0.00,0.00,0.00",,0.00,0.00,,
videos porno de anime 3d,,0,"0.00,0.00,0.00,0.00,0.00,0.00,0.00,0.00,0.00,0.00,0.00,0.00",,0.00,0.00,,
videos porno de anime en 3d,,0,"0.00,0.00,0.00,0.00,0.00,0.00,0.00,0.00,0.00,0.00,0.00,0.00",,0.00,0.00,,
videos porno de chicas de anime en 3d,,0,"0.00,0.00,0.00,0.00,0.00,0.00,0.00,0.00,0.00,0.00,0.00,0.00",,0.00,0.00,,
videos porno dibujos animados goku 3d,,0,"0.00,0.00,0.00,0.00,0.00,0.00,0.00,0.00,0.00,0.00,0.00,0.00",,0.00,0.00,,
videos pornos de animation en 3d,,0,"0.00,0.00,0.00,0.00,0.00,0.00,0.00,0.00,0.00,0.00,0.00,0.00",,0.00,0.00,,
videos pornos gratis de 3d animation,,0,"0.00,0.00,0.00,0.00,0.00,0.00,0.00,0.00,0.00,0.00,0.00,0.00",,0.00,0.00,,
violet parr 3d animated porn,,0,"0.00,0.00,0.00,0.00,0.00,0.00,0.00,0.00,0.00,0.00,0.00,0.00",,0.00,0.00,,
viritual animated simulation 3d gay blow job gay porn,,0,"0.00,0.00,0.00,0.00,0.00,0.00,0.00,0.00,0.00,0.00,0.00,0.00",,0.00,0.00,,
virtually real 3d animated porn,,0,"0.00,0.00,0.00,0.00,0.00,0.00,0.00,0.00,0.00,0.00,0.00,0.00",,0.00,0.00,,
vr 3d porn animation,,0,"0.00,0.00,0.00,0.00,0.00,0.00,0.00,0.00,0.00,0.00,0.00,0.00",,0.00,0.00,,
vr porn 3d anime,,0,"0.00,0.00,0.00,0.00,0.00,0.00,0.00,0.00,0.00,0.00,0.00,0.00",,0.00,0.00,,
vr porn 3d anime stripper,,0,"0.00,0.00,0.00,0.00,0.00,0.00,0.00,0.00,0.00,0.00,0.00,0.00",,0.00,0.00,,
vr porn animation 3d,,0,"0.00,0.00,0.00,0.00",,0.00,0.00,,
vr porn anime 3d,,0,"0.00,0.00,0.00",,0.00,0.00,,
warcraft 3d porn animations,,0,"0.00,0.00,0.00,0.00,0.00,0.00,0.00,0.00,0.00,0.00,0.00,0.00",,0.00,0.00,,
warrior 3d animated porn,,0,"0.00,0.00,0.00,0.00,0.00,0.00,0.00,0.00,0.00,0.00,0.00,0.00",,0.00,0.00,,
watch 3d animated porn,,0,"0.00,0.00,0.00,0.00,0.00,0.00,0.00,0.00,0.00,0.00,0.00,0.00",,0.00,0.33,,
watch 3d porn animations,,0,"0.00,0.00,0.00,0.00,0.00,0.00,0.00,0.00,0.00,0.00,0.00,0.00",,0.00,0.00,,
watch free 3d anime rape porn,,0,"0.00,0.00,0.00,0.00,0.00,0.00,0.00,0.00,0.00,0.00,0.00,0.00",,0.00,0.00,,
watch online 3d animated facehugger sonia blade porn,,0,"1.00,0.00,0.00,0.00",,0.00,0.00,,
watch online 3d animated porn futanari gang bang,,0,"1.00,0.00",,0.00,0.00,,
watch online full 3d animated monster porn,,0,"1.00,0.00,0.00,0.00",,0.00,0.00,,
websitr for 3d animated porn,,0,"0.00,0.00,0.00,0.00,0.00,0.00,0.00,0.00,0.00,0.00,0.00,0.00",,0.00,0.00,,
weird 3d animation penis toy porn,,0,"0.00,0.00,0.00,0.00,0.00,0.00,0.00,0.00,0.00,0.00,0.00,0.00",,0.00,0.00,,
weird 3d porn animation,,0,"0.00,0.00,0.00,0.00,0.00,0.00,0.00,0.00,0.00,0.00,0.00,0.00",,0.00,0.00,,
werewolf 3d animated porn,,0,"0.00,0.00,0.00,0.00,0.00,0.00,0.00,0.00,0.00,0.00,0.00,0.00",,0.00,0.00,,
werewolf 3d animated porn vidio,,0,"0.00,0.00,0.00,0.00,0.00,0.00,0.00,0.00,0.00,0.00,0.00,0.00",,0.00,0.00,,
what if adventure time was a 3d anime nude porn,,0,"0.00,0.00,0.00,0.00,0.00,0.00,0.00,0.00,0.00,0.00,0.00,0.00",,0.00,0.00,,
what if adventure time was a 3d anime porn gif,,0,"0.00,0.00,0.00,0.00,0.00,0.00,0.00,0.00,0.00,0.00,0.00,0.00",,0.00,0.00,,
what if adventure time was a 3d anime porn hub,,0,"0.00,0.00,0.00,0.00,0.00,0.00,0.00,0.00,0.00,0.00,0.00,0.00",,0.00,0.00,,
what if adventure time was a 3d anime porn pics,,0,"0.00,0.00,0.00,0.00,0.00,0.00,0.00,0.00,0.00,0.00,0.00,0.00",,0.00,0.00,,
what if adventure time was a 3d anime posters porn,,0,"0.00,0.00,0.00,0.00,0.00,0.00,0.00,0.00,0.00,0.00,0.00,0.00",,0.00,0.00,,
what is 3d animated porn called,,0,"0.00,0.00,1.00,1.00,0.00,0.00,0.00,0.00,0.00,0.00,1.00,0.00",,0.00,0.00,,
what the best place i can view animated 3d porn,,0,"0.00,0.00,0.00,0.00,0.00,0.00,0.00,0.00,0.00,0.00,0.00,0.00",,0.00,0.00,,
what_if_adventure_time_was_a_3d_anime porn,,0,"0.00,0.00,0.00,0.00,0.00,0.00,0.00,0.00,0.00,0.00,0.00,0.00",,0.00,0.00,,
what_if_adventure_time_was_a_3d_anime_game porn,,0,"0.00,0.00,0.00,0.00,0.00,0.00,0.00,0.00,0.00,0.00,0.00,0.00",,0.00,0.00,,
which site is best of 3d animation porn quora,,0,"0.00,0.00,0.00,0.00,0.00,0.00,0.00,0.00,0.00,0.00,0.00,0.00",,0.00,0.00,,
wife big ass and dog - 3d animal porn,,0,"0.00,0.00,0.00,0.00,0.00,0.00,0.00,0.00,0.00,0.00,0.00,0.00",,0.00,0.00,,
witcher porn anime 3d,,0,"0.00,0.00,0.00,0.00,0.00,0.00,0.00,0.00,0.00,0.00,0.00,0.00",,0.00,0.00,,
witcher porn anime 3d cartoon,,0,"0.00,0.00,0.00,0.00,0.00,0.00,0.00,0.00,0.00,0.00,0.00,0.00",,0.00,0.00,,
wonder woman 3d animated porn,,0,"0.00,0.00,0.00,0.00,0.00,0.00,0.00,0.00,0.00,0.00,0.00,0.00",,0.00,0.00,,
wonder woman 3d anime porn,,0,"0.00,0.00,0.00,0.00,0.00,0.00,0.00,0.00,0.00,0.00,0.00,0.00",,0.00,0.00,,
www.animal 3d porn.com,,0,"0.00,0.00,0.00,0.00,0.00,0.00,0.00,0.00,0.00,0.00,0.00,0.00",,0.00,0.00,,
xhamster 3d porn anime,,0,"0.00,0.00,0.00,0.00,0.00,0.00,0.00,0.00,0.00,0.00,0.00,0.00",,0.00,0.00,,
xray 3d porn anime,,0,"0.00,0.00,0.00,0.00,0.00,0.00,0.00,0.00,0.00,0.00,0.00,0.00",,0.00,0.00,,
xvideos 3d animals porn,,0,"0.00,0.00,0.00,0.00,0.00,0.00,0.00,0.00,0.00,0.00,0.00,0.00",,0.00,0.00,,
xxnn animated 3d porn,,0,"0.00,0.00,0.00,0.00,0.00,0.00,0.00,0.00,0.00,0.00,0.00,0.00",,0.00,0.00,,
xxx 3d animated porn,,0,"0.00,0.00,0.00,0.00,0.00,0.00,0.00,0.00,0.00,0.00,0.00,0.00",,0.00,0.00,,
xxx 3d animation porn,,0,"0.00,0.00,0.00,0.00,0.00,0.00,0.00,0.00,0.00,0.00,0.00,0.00",,0.00,0.00,,
xxx 3d anime porn,,0,"0.00,0.00,0.00,0.00,0.00,0.00,0.00,0.00,0.00,0.00,0.00,0.00",,0.00,0.00,,
xxx 3d young anime porn,,0,"0.00,0.00,0.00,0.00,0.00,0.00,0.00,0.00,0.00,0.00,0.00,0.00",,0.00,0.00,,
xxx animated 3d porn,,0,"0.00,0.00,0.00,0.00,0.00,0.00,0.00,0.00,0.00,0.00,0.00,0.00",,0.00,0.00,,
xxx anime 3d porn,,0,"0.00,0.00,0.00,0.00,0.00,0.00,0.00,0.00,0.00,0.00,0.00,0.00",,0.00,0.00,,
xxx bizarre 3d animation porn,,0,"0.00,0.00,0.00,0.00,0.00,0.00,0.00,0.00,0.00,0.00,0.00,0.00",,0.00,0.00,,
xxx porno anime 3d,,0,"1.00,0.00",,0.00,0.00,,
yaoi 3d animation porn,,0,"0.00,0.00,0.00,0.00,0.00,0.00,0.00,0.00,0.00,0.00,0.00,0.00",,0.00,0.00,,
young 3d animated porn uncensored,,0,"0.00,0.00,0.00,0.00,0.00,0.00,0.00,0.00,0.00,0.00,0.00,0.00",,0.00,0.00,,
young 3d animation porn,,0,"0.00,0.00,0.00,0.00,0.00,0.00,0.00,0.00,0.00,0.00,0.00,0.00",,0.00,0.00,,
young 3d anime hentai porn,,0,"0.00,0.00,0.00,0.00,0.00,0.00,0.00,0.00,0.00,0.00,0.00,0.00",,0.00,0.00,,
young animated 3d porn,,0,"0.00,0.00,0.00,0.00,0.00,0.00,0.00,0.00,0.00,0.00,0.00,0.00",,0.00,0.00,,
young anime 3d porn,,0,"0.00,0.00,0.00,0.00,0.00,0.00,0.00,0.00,0.00,0.00,0.00,0.00",,0.00,0.00,,
young daughter incest 3d animated porn,,0,"0.00,0.00,0.00,0.00,0.00,0.00,0.00,0.00,0.00,0.00,0.00,0.00",,0.00,0.00,,
young girl 3d animated sex porn,,0,"0.00,0.00,0.00,0.00,0.00,0.00,0.00,0.00,0.00,0.00,0.00,0.00",,0.00,0.00,,
young girl 3d animation porn,,0,"0.00,0.00,0.00,0.00,0.00,0.00,0.00,0.00,0.00,0.00,0.00,0.00",,0.00,0.00,,
young junior incest porn 3d animated,,0,"0.00,0.00,0.00,0.00,0.00,0.00,0.00,0.00,0.00,0.00,0.00,0.00",,0.00,0.00,,
young lady 3d animated sex porn,,0,"0.00,0.00,0.00,0.00,0.00,0.00,0.00,0.00,0.00,0.00,0.00,0.00",,0.00,0.00,,
young teen 3d animated porn,,0,"0.00,0.00,0.00,0.00,0.00,0.00,0.00,0.00,0.00,0.00,0.00,0.00",,0.00,0.00,,
young teen 3d animated sex porn,,0,"0.00,0.00,0.00,0.00,0.00,0.00,0.00,0.00,0.00,0.00,0.00,0.00",,0.00,0.00,,
young twinks 3d porn animated,,0,"0.00,0.00,0.00,0.00,0.00,0.00,0.00,0.00,0.00,0.00,0.00,0.00",,0.00,0.00,,
zootopia 3d animation porn,,0,"0.00,0.00,0.00,0.00,0.00,0.00,0.00,0.00,0.00,0.00,0.00,0.00",,0.00,0.00,,
